Sun May 10 19:59:34 +0000 2015,L #Sports #Goods Mint! Blake Griffin-LA #Clippers-adidas Stitched #Jersey Adult Small Length+2 #eBay #Auction http://t.co/fOFUYVhcbk
Sun May 10 19:59:08 +0000 2015,West Semis: Rockets vs Clippers Game 4 - http://t.co/kyPGCUaX0W #sportsbetting #Clippers #Rockets  @PopDibiase
Sun May 10 19:58:10 +0000 2015,TIX http://t.co/99Sdr28C3O 1-4 TIX #NBA Western Conference Semifinals : Los Angeles #Clippers vs‚Ä¶ http://t.co/03eInGmdcG #Tickets #Ticket
Sun May 10 19:56:03 +0000 2015,#Clippers 7.5 point favs this evening in basically a must-win for the #Rockets. Though Clips are playing amazing,thats a pretttty big number
Sun May 10 19:55:12 +0000 2015,#Collectible #Buzz Mint! Blake Griffin-LA #Clippers-adidas Stitched #Jersey Adult Small Length+2 http://t.co/YkqFWf464o #Forsale #onsale
Sun May 10 19:55:12 +0000 2015,#NBA #Clippers Cliff Paul AKA Chris Paul Los Angeles Clippers Promo Bobble Bobblehead SGA http://t.co/xKNg4cywVJ #BasketBall #Bargain
Sun May 10 19:55:11 +0000 2015,#Sports #Goods Cliff Paul AKA Chris Paul Los Angeles #Clippers Promo Bobble Bobblehead SGA http://t.co/MVpCj9Z1vr #eBay #Auction
Sun May 10 19:54:31 +0000 2015,#Rockets 110 ‚Äì #Clippers 107 ‚Äì follow @CarbonSports_ag &amp; tweet your Final Score guess to Win $250 #CarbonPredictorChallenge
Sun May 10 19:54:06 +0000 2015,L L L #Collectible #Buzz Los Angeles #Clippers ‚Ä¢ Lamar Odom #7 #Jersey ‚Ä¢ Nike - Mens Large ‚Ä¢ 2002 #Forsale #onsale http://t.co/1DHIor9FYA
Sun May 10 19:54:01 +0000 2015,#Clippers are going to make you ladies happy later today ;)

3-1 #CounIt #And1
Sun May 10 19:52:38 +0000 2015,#MothersDay brunch and pre-game meal. #WeAreLA #Clippers (@ Brother's Burritos) on #Yelp http://t.co/RnvzLjujvV
Sun May 10 19:52:35 +0000 2015,Tough game waiting for us against the #Clippers but in the meantime all the best to the #Bulls against the #Cavs #ILoveThisGame
Sun May 10 19:51:23 +0000 2015,Are Harden and Howard enough for the #Rockets to compete with the #Clippers? http://t.co/tdDVgOD71P #ClippersvsRockets #NBAPlayoffs #NBA
Sun May 10 19:50:47 +0000 2015,http://t.co/07HnmEAdxo Rockets-Clippers Preview (The Associated Press)  #Clippers http://t.co/Rm0nqLWVtJ
Sun May 10 19:50:20 +0000 2015,RT @RealSteveCurtis: The #Lakers are back and will sweep the #Spurs or #Thunder in the first round. The only team that will beat them are t‚Ä¶
Sun May 10 19:50:08 +0000 2015,#Clippers vs. #Bulls #NBAChampionship2015
Sun May 10 19:49:57 +0000 2015,RT @RickFox: .@spurs will sweep the @clippers - #boldstatements it's what I feel from what I see - that being said come on #Clippers prove ‚Ä¶
Sun May 10 19:49:34 +0000 2015,TIX http://t.co/uiKMIJY9v3 1-6 TIX NBA Western Conference Semifinals : Los Angeles #Clippers‚Ä¶ http://t.co/o2eyc3hZ3Z #Ticket #BasketBall
Sun May 10 19:49:18 +0000 2015,Chris Paul Will Start Game 4 #Clippers - http://t.co/ZlguqXsj9J http://t.co/0x0dFh0wFv
Sun May 10 19:49:11 +0000 2015,RT @RickFox: .@spurs will sweep the @clippers - #boldstatements it's what I feel from what I see - that being said come on #Clippers prove ‚Ä¶
Sun May 10 19:49:09 +0000 2015,#Solution #FatLoss Diet And Exercising For Weight Loss http://t.co/AnXMvzonFs #Clippers #Diet
Sun May 10 19:49:09 +0000 2015,L #Collectible #Buzz Nike Los Angeles #Clippers Throwback Red Mesh Lined Men's Shorts - Sz XL #Forsale #onsale http://t.co/Jarh026O0f
Sun May 10 19:47:06 +0000 2015,TIX http://t.co/99Sdr28C3O L 4 Tickets #NBA Western Conference Finals: Los Angeles #Clippers‚Ä¶ http://t.co/Z8sqE9NVTh #Tickets #Ticket
Sun May 10 19:45:53 +0000 2015,It's time! #clippers #roadtothefinals #WeAreLA  https://t.co/tD7Y6tX7xC
Sun May 10 19:45:52 +0000 2015,@JukkaAnias Kiitos. Harvoin saan tuolla saralla henkil√∂kohtaista tunnustusta :-D Oikeasti toivon, ett√§ vitsist√§ voi tulla mestari! #clippers
Sun May 10 19:43:46 +0000 2015,@ESPNNBA if the #Warriors lose game 5 Monday then i'm either going for the #Bulls or the #Clippers to win the NBA title
Sun May 10 19:43:36 +0000 2015,#NBAPlayoffs-Today's Games:All Times Pacific:12:30pm Game 4 #CLEvsCHI Series: (2-1) #Bulls. 5:30pm Game 4 #HOUvsLAC Series: (2-1) #Clippers.
Sun May 10 19:43:08 +0000 2015,L #Sports #Goods Authentic - Adidas L.A. #Clippers Chris Paul #3 Home Replica #Jersey **LARGE** #eBay #Auction http://t.co/XPrIGnOdn3
Sun May 10 19:41:36 +0000 2015,TIX http://t.co/99Sdr28C3O 2 Amazing tickets LA #Clippers vs Houston Rockets - 5/10 - Game 4 -‚Ä¶ http://t.co/SwooPoj1X4 #Tickets #Ticket
Sun May 10 19:41:20 +0000 2015,#laclippers #clippers #lac NBA Playoffs 2015 Second Round Clippers-Rockets Game 4 coverage http://t.co/GdbAC5nSW8
Sun May 10 19:39:59 +0000 2015,[NEW POST] Writer @Trisity_ asks to see more Spencer Hawes in the Houston series. http://t.co/S4oAspJqrY #Clippers http://t.co/XbDyzZjCZc
Sun May 10 19:38:35 +0000 2015,#Collectible #Buzz #NBA #Jersey Size Large Los Angeles #Clippers #42 Brand Authentic #NBA Apparel‚Ä¶ http://t.co/jX9nZiaTzD #Forsale #onsale
Sun May 10 19:38:35 +0000 2015,#NBA #Clippers NBA Jersey Size Large Los Angeles Clippers #42 Brand Authentic NBA Apparel Red http://t.co/C8OXZevzHm #BasketBall #Bargain
Sun May 10 19:38:34 +0000 2015,#Sports #Goods #NBA #Jersey Size Large Los Angeles #Clippers #42 Brand Authentic #NBA Apparel Red http://t.co/2WD0TKoRoW #eBay #Auction
Sun May 10 19:37:52 +0000 2015,If #Grizzlies &amp; #Clippers advance over the #Warriors &amp; #Rockets, the #NBAPlayoffs might be worth watching again. #NBA #SpursNation
Sun May 10 19:37:18 +0000 2015,How Far Does CP3 Need to Take the Clippers to Rewrite His Postseason Legacy?| http://t.co/B2V1LjIhYS #NBA #Clippers
Sun May 10 19:37:04 +0000 2015,#laclippers #clippers #lac Warriors' Marreese Speights out at least a week with right calf strain http://t.co/hyY8flpXW6
Sun May 10 19:37:04 +0000 2015,#laclippers #clippers #lac Griffin-for-Aldridge rumor is out there -- really, really out there http://t.co/27FD3S7Zv9
Sun May 10 19:34:10 +0000 2015,TIX http://t.co/uiKMIJY9v3 2 Amazing #Tickets LA #Clippers vs Houston Rockets - 5/10 - Game 4‚Ä¶ http://t.co/rT1X0Sp0R1 #Ticket #BasketBall
Sun May 10 19:33:59 +0000 2015,g√∂nl√ºmden #Bulls #Clippers finali ge√ßiyor. olursa da harika olur.
Sun May 10 19:32:05 +0000 2015,L #Collectible #Buzz Authentic - Adidas L.A. #Clippers Chris Paul #3 Home Replica #Jersey **LARGE** #Forsale #onsale http://t.co/SpN123Mirq
Sun May 10 19:31:14 +0000 2015,Clippers game via Hyde Lounge... 530pst #doitlive #nbaonespn  #staplescenter #lalive #nbaplayoffs #clippers #rockets #nba #la #dtla
Sun May 10 19:31:10 +0000 2015,TIX http://t.co/99Sdr28C3O L 2 Tickets #NBA Western Conference Finals: Los Angeles #Clippers‚Ä¶ http://t.co/CMJb72xHu0 #Tickets #Ticket
Sun May 10 19:31:07 +0000 2015,TIX http://t.co/uiKMIJY9v3 A #Clippers vs Rockets 5/10 #Tickets Playoff Close 2 Middle Cheapest!‚Ä¶ http://t.co/FJMmsi5VUb #Ticket‚Ä¶
Sun May 10 19:28:15 +0000 2015,#WeAreLA
#Clippers
Sun May 10 19:27:18 +0000 2015,RT @canalspace: ¬°Hoy vuelve la #NBAenSPACE en VIVO! Compartimos el 4¬∞ juego de #ROCKETS (1) vs #CLIPPERS (2) http://t.co/8iZCyCndSy
Sun May 10 19:26:41 +0000 2015,#NBAPlayoffs predictions today: #Cavs take one in CHI w/ Gasol out; #Clippers win at home w/ CP3 in full swing
Sun May 10 19:26:35 +0000 2015,L #Sports #Goods Nike Los Angeles #Clippers Throwback Red Mesh Lined Men's Shorts - Sz XL #eBay #Auction http://t.co/LoNeeaxCw4
Sun May 10 19:26:00 +0000 2015,2 epic games today! I'm feeling #DRose &amp; the #Bulls &amp; #BlakeGriffin, #CP3 &amp; the #Clippers
Sun May 10 19:26:00 +0000 2015,http://t.co/4uZv0NyDaK #Sports #Goods Mint! Blake Griffin-LA #Clippers-adidas Stitched #Jersey Adult Small Length+2 ‚Ä¶
Sun May 10 19:25:11 +0000 2015,TIX http://t.co/99Sdr28C3O 4 TIX Round 2 Los Angeles #Clippers vs HOU Rockets HG3 5/14 Staples‚Ä¶ http://t.co/A012poedHX #Tickets #Ticket
Sun May 10 19:24:42 +0000 2015,http://t.co/w4tWoo8eei Reebok PUMP OMNI LITE Blue/ Red/White Los Angeles Clippers Re #Clippers http://t.co/qh1o8SAEtE
Sun May 10 19:22:34 +0000 2015,#Collectible #Buzz Authentic - Adidas L.A. #Clippers Blake Griffin #32 Road Replica #Jersey *LARGE* http://t.co/8ZFvRL25DB #Forsale #onsale
Sun May 10 19:22:34 +0000 2015,#NBA #Clippers Mint! Blake Griffin-LA Clippers-adidas Stitched Jersey Adult Small Length+2 http://t.co/ZJWCFrQrGY #BasketBall #Bargain
Sun May 10 19:22:34 +0000 2015,#Sports #Goods Mint! Blake Griffin-LA #Clippers-adidas Stitched #Jersey Adult Small Length+2 http://t.co/OPiAGRkFfT #eBay #Auction
Sun May 10 19:22:17 +0000 2015,L #Collectible #Buzz New #NBA Los Angeles #Clippers Family Window Decals Sheet #Forsale #onsale http://t.co/6bKqLx4bzB
Sun May 10 19:19:55 +0000 2015,#clippers #NBA #playoffs Am I really seeing this? Go clippers. Let's do it. https://t.co/LTRD6XyGUG
Sun May 10 19:19:10 +0000 2015,#Solution #FatLoss How to Lose Weight Naturally In a Short Time http://t.co/TKa1cTmFSv #Clippers #Diet
Sun May 10 19:19:02 +0000 2015,Apologies to non @LAClippers fans: #Clippers are primed for success and nothing will come between the team &amp; their #ring #ClipperNation @NBA
Sun May 10 19:18:39 +0000 2015,#NBA #Clippers - Mint! Blake Griffin-LA Clippers-adidas Stitched Jersey Adult Small Len... http://t.co/iKxiKoaAim http://t.co/k33Sm3HFUt
Sun May 10 19:18:15 +0000 2015,Making #playdoh #blakegriffin and getting ready for the #NBAPlayoffs  #ralphlawler #ohmeohmy #Clippers http://t.co/s2FRN03hza
Sun May 10 19:17:10 +0000 2015,#Rockets or #Clippers: Who ya got? Predict today's #NBAPlayoffs scores &amp; win a $50 Amazon card! Download FREE app: http://t.co/xujsQ2fx8Z.
Sun May 10 19:16:07 +0000 2015,L #Sports #Goods New #NBA Los Angeles #Clippers Family Window Decals Sheet #eBay #Auction http://t.co/lID928HKRV
Sun May 10 19:16:06 +0000 2015,TIX http://t.co/99Sdr28C3O L L #Clippers vs Rockets 5/10 Tickets Playoff Close 2 Middle Cheapest!‚Ä¶ http://t.co/RuyUPVjoU3 #Tickets #Ticket
Sun May 10 19:15:41 +0000 2015,This is the year for the Clippers. They are favored over the Warriors now! #clipperred #clippers‚Ä¶ https://t.co/Bb5ChO5kgC
Sun May 10 19:12:40 +0000 2015,Happy Mothers Day mom and to all mothers! Great day for playoff basketball #Bulls #Clippers
Sun May 10 19:12:34 +0000 2015,Doesn #Clippers Matt Barnes send #Rockets James Hardens Mom a Mother's Day card? #NBA
Sun May 10 19:12:21 +0000 2015,RT @NBAMemes: LeBron James after hearing the San Antonio Spurs got eliminated.

#Cavs #Clippers http://t.co/ImHuH1OVom
Sun May 10 19:12:00 +0000 2015,http://t.co/s18wcXfLF7 #Clippers Clippers 3, Red Sox 2, 10 innings: A little daring on the bases by Sands 90
Sun May 10 19:10:51 +0000 2015,#NBA #semifinals game 4 today:

#Rockets@#Clippers
#Cavs@#Bulls

Add live scores to pictures using #winz app for #iOS http://t.co/8OH67McIhx
Sun May 10 19:10:50 +0000 2015,it's game day for me &amp; my mama ‚ù§Ô∏è #bulls #clippers
Sun May 10 19:10:38 +0000 2015,#ready for our game tonight #Clippers
Sun May 10 19:10:36 +0000 2015,L L #Collectible #Buzz Los Angeles #Clippers ‚Ä¢ Lamar Odom #7 #Jersey ‚Ä¢ Nike - Mens Large ‚Ä¢ 2002 #Forsale #onsale http://t.co/5J4pI5XhaU
Sun May 10 19:09:05 +0000 2015,TIX http://t.co/99Sdr28C3O 4 Tickets #NBA Western Conference Finals: Los Angeles #Clippers‚Ä¶ http://t.co/Z8sqE9NVTh #Tickets #Ticket
Sun May 10 19:08:10 +0000 2015,Injuries keep piling up, adding to playoff drama... http://t.co/50kVu8hHGU   #NBA #LosAngeles #Clippers
Sun May 10 19:08:05 +0000 2015,#laclippers #clippers #lac ESPN Now http://t.co/dz9aMC7NmA
Sun May 10 19:07:07 +0000 2015,RT @NBAMemes: When the Houston Rockets saw Austin Rivers get ON FIRE. #Clippers http://t.co/LyVrT603jv
Sun May 10 19:07:05 +0000 2015,#Collectible #Buzz Nike Los Angeles #Clippers Throwback Red Mesh Lined Men's Shorts - Sz XL http://t.co/VwKdBfc1oR #Forsale #onsale
Sun May 10 19:07:05 +0000 2015,#NBA #Clippers Authentic - Adidas L.A. Clippers Blake Griffin #32 Road Replica Jersey *LARGE* http://t.co/NLJR989O5R #BasketBall #Bargain
Sun May 10 19:07:04 +0000 2015,#Sports #Goods Authentic - Adidas L.A. #Clippers Chris Paul #3 Home Replica #Jersey **LARGE** http://t.co/E1suErbf89 #eBay #Auction
Sun May 10 19:06:54 +0000 2015,RT @NBA_305: Los #Clippers, nuevos favoritos a hacerse con el anillo (ESPN) http://t.co/0GFa31y8mn
Sun May 10 19:05:17 +0000 2015,There's a new favorite to win the #NBA title. (#Warriors out, #Clippers in. And no love for the #Grizz or #Rockets) http://t.co/kZcg6LZbkR
Sun May 10 19:05:05 +0000 2015,L #NBA #Clippers Nike Los Angeles Clippers Throwback Red Mesh Lined Men's Shorts - Sz XL #BasketBall #Bargain http://t.co/3wYTkGyAyP
Sun May 10 19:05:00 +0000 2015,‚Üí Clippers #Clippers NBA playoff schedule 2015: Bulls face Cavaliers, Clippers take on‚Ä¶ http://t.co/CZK4soPuOn
Sun May 10 19:04:59 +0000 2015,My boys gonna turn up today mehn all in clippers  #Clippers #CLIPPERSvsROCKETS
Sun May 10 19:04:18 +0000 2015,#Solution #FatLoss Know About the Foods That Will Help You to Lose Weight http://t.co/cwfbT5YTZX #Clippers #Diet
Sun May 10 19:04:15 +0000 2015,#Clippers #LAC  "RT" Game 4 is tonight, but where will you watch game 5? ‚Üí #ClippersFVP #WeAreLA‚Ä¶ http://t.co/cYl3gnZdv6 " #SportsRoadhouse
Sun May 10 19:04:14 +0000 2015,RT @NBAMemes: Austin Rivers TODAY. #Clippers http://t.co/K8fwRqGdsu
Sun May 10 19:03:16 +0000 2015,‚ûü #Clippers NBA playoff schedule 2015: Bulls face Cavaliers, Clippers take on R‚ûü http://t.co/DEvrCh31QE
Sun May 10 19:02:29 +0000 2015,@Vanpercik #Clippers vs. HoustonRockets (2-1)
Sun May 10 19:02:16 +0000 2015,New Los Angeles Clippers Rumors. Sunday, May 10 2015| http://t.co/mnwhQcyOsi #NBA #Clippers
Sun May 10 19:01:48 +0000 2015,GAMEDAY!!! Let's go #clippers #1 #mothersday üíôüèÄ‚ù§Ô∏èüë≠
Sun May 10 19:01:45 +0000 2015,RT @NBA_305: Los #Clippers, nuevos favoritos a hacerse con el anillo (ESPN) http://t.co/0GFa31y8mn
Sun May 10 19:01:33 +0000 2015,TIX http://t.co/uiKMIJY9v3 4 #Tickets NBA Western Conference Finals: Los Angeles #Clippers‚Ä¶ http://t.co/y5bhZo10vp #Ticket #BasketBall
Sun May 10 19:01:31 +0000 2015,Personal doubleheader today. @UCIAthletics vs. @CPMustangs on @ESPN3 and then Hardcore #Clippers on @TheBeast980
Sun May 10 19:00:59 +0000 2015,YOOO #Clippers http://t.co/QPw17nigdp
Sun May 10 19:00:23 +0000 2015,RT @NBAMemes: Austin Rivers TODAY. #Clippers http://t.co/K8fwRqGdsu
Sun May 10 19:00:23 +0000 2015,#NBA #Clippers - New NBA Los Angeles Clippers Family Window Decals Sheet:  $6.59End Dat... http://t.co/bB8kJ6j2lQ http://t.co/lQmogZfBKD
Sun May 10 19:00:22 +0000 2015,Trade rumors among #BlakeGriffin and #LaMarcusAldridge . #Blazers #Clippers #NBA http://t.co/sfOFmBJA9g
Sun May 10 19:00:18 +0000 2015,So proud of my @LAClippers , time to take the west boys! Then the title. #Clippers #ClipperNation #LAC #LACforthewest
