Sun May 10 19:52:34 +0000 2015,#Spurs #GoSpursGo 1997-98 Scoreboard TIM DUNCAN #62 ROOKIE RC SAN ANTONIO SPURS robinson bryant http://t.co/ziQaY6QFJu #TimDuncan #NBA
Sun May 10 19:43:17 +0000 2015,Yay for my @spurs cake!!! #gospursgo https://t.co/712uB5SUdV
Sun May 10 19:42:45 +0000 2015,@manuginobili you should be out there playing rn smh.. #GoSpursGo
Sun May 10 19:37:11 +0000 2015,#Spurs #GoSpursGo Tim Duncan 1997-98 SP Authentic rookie Future Watch # 165 rc http://t.co/feXfoIT1EI #TimDuncan #NBA
Sun May 10 19:21:05 +0000 2015,#Spurs #GoSpursGo 1997-98 Scoreboard TIM DUNCAN #62 ROOKIE RC San Antonio SPURS robinson bryant http://t.co/6bKGaEEjJS #TimDuncan #NBA
Sun May 10 19:16:31 +0000 2015,RT @SpursNationSA: Happy Mothers Day to all the great moms out there! #SpursNation #GoSpursGo
Sun May 10 19:09:15 +0000 2015,RT @HashOffGoSpurs: @mascarasangrada Leading the way in #gospursgo! Tired of unwanted subscription emails? Try Unroll.Me: http://t.co/ZB5SI‚Ä¶
Sun May 10 19:09:02 +0000 2015,#sanantonio #GoSpursGo #spurs New San Antonio Spurs Rumors. Sunday, May 10 2015 http://t.co/cVyjhmubpA
Sun May 10 19:09:02 +0000 2015,@mascarasangrada Leading the way in #gospursgo! Tired of unwanted subscription emails? Try Unroll.Me: http://t.co/ZB5SIpAka5
Sun May 10 19:05:35 +0000 2015,#Spurs #GoSpursGo 1999-00 #Topps Finest Basketball Tim Duncan San Antonio Spurs #134 http://t.co/Nu8Ww9sb1g #TimDuncan #NBA
Sun May 10 18:49:33 +0000 2015,#Spurs #GoSpursGo 2014-15 Immaculate Basketball Base #Card Tim Duncan 07/25 http://t.co/qJCgByeSCz #TimDuncan #NBA
Sun May 10 18:47:11 +0000 2015,https://t.co/JRkarRdPhX
Thanks RC and Pop! You made my 80 year old mom VERY happy. She is a huge fan # spurs #gospursgo #firstclass
Sun May 10 18:36:01 +0000 2015,RT @clapsaddle35: My mother (Bessie) took me to my 1st @spurs game. That game made a #Spurs &amp; @DavidtheAdmiral fan for life #GoSpursGo #Hap‚Ä¶
Sun May 10 18:34:10 +0000 2015,#Spurs #GoSpursGo 1998-99 UD Ionix Tim Duncan / Spurs http://t.co/5uip0jS9ue #TimDuncan #NBA
Sun May 10 18:30:28 +0000 2015,Specifically @SPURS mothers cause they're the best of all!!! Happy Mother's Day!! 
#GoSpursGo 
@DS_SpursDynasty  https://t.co/LNTdO9EcdX
Sun May 10 18:27:04 +0000 2015,Look at my cake and cookies!!! Happy birthday to me!! @spurs #gospursgo https://t.co/heQ5rtLRIn
Sun May 10 18:25:19 +0000 2015,When I was little my mom bought me a @spurs bday cake. Aww Happy Mother's Day Momüíï üå∏üåπüå∫üåπ &amp; to all the beautiful mothers out there #GoSpursGo
Sun May 10 18:25:15 +0000 2015,RT @BonnerMVP: Agora sim! Um √≥timo dia das m√£es!  #GoSpursGo http://t.co/MRX1BAMA91
Sun May 10 18:17:35 +0000 2015,#Spurs #GoSpursGo 2012-13 Tim Duncan lot of 4 includes INSERTS! Panini/Brilliance! Look! GOLD! http://t.co/CX0Q9fcwk9 #TimDuncan #NBA
Sun May 10 18:17:09 +0000 2015,RT @Adrian_NuNez20: ‚Äú@FunSkipBayless: Legends of the game. http://t.co/du9RJYUXzS‚Äù #Legends #GoSpursGo
Sun May 10 18:16:58 +0000 2015,RT @Adrian_NuNez20: Let the haters talk #GoSpursGo #SpursNation4Life @spurs http://t.co/ooWsuOXwuq
Sun May 10 18:16:43 +0000 2015,#HappyMothersDay #GoSpursGo http://t.co/0Ambdpuqcd
Sun May 10 18:02:04 +0000 2015,#Spurs #GoSpursGo 1999-00 TIM DUNCAN UPPER DECK NOW SHOWING SAN ANTONIO SPURS BEAUTIFUL http://t.co/BerYv5TBnL #TimDuncan #NBA
Sun May 10 17:56:34 +0000 2015,RT @moglis__: Œ±œÖœÅŒπŒø ŒµœáŒøœÖŒºŒµ Œ≥ŒπŒ¥Œ± Œ≤œÅŒ±œÉœÑŒ∑ Œ∫Œ±Œπ œÑœÉŒπœÅŒπŒ∂œâ œÉŒ±ŒΩ œÑœÉŒπœÅŒªŒπŒΩœÑŒµœÅ #LACvsSAS #GoSpursGo
Sun May 10 17:46:12 +0000 2015,#Spurs #GoSpursGo 1999-00 Upper Deck Wild! #W11 Tim Duncan Spurs http://t.co/gR23jmwn6l #TimDuncan #NBA
Sun May 10 17:36:29 +0000 2015,RT @SpursNationSA: Happy Mothers Day to all the great moms out there! #SpursNation #GoSpursGo
Sun May 10 17:34:02 +0000 2015,RT @mrssiren: Come on boys fight!!! #GoSpursGo http://t.co/ktZBnZZlfy
Sun May 10 17:31:04 +0000 2015,#Spurs #GoSpursGo PSA GEM MT 10 GRADED 2000 FLEER FOCUS #225 TIM DUNCAN- SPURS- PSA POP 4- RARE! http://t.co/PlSiPDir1f #TimDuncan #NBA
Sun May 10 17:14:35 +0000 2015,#Spurs #GoSpursGo 2003-04 #Topps Chrome Basketball Tim Duncan San Antonio Spurs #21 http://t.co/e0RVjYTn4I #TimDuncan #NBA
Sun May 10 17:09:32 +0000 2015,RT @SpursNationSA: Happy Mothers Day to all the great moms out there! #SpursNation #GoSpursGo
Sun May 10 17:04:38 +0000 2015,RT @SpursNationSA: Happy Mothers Day to all the great moms out there! #SpursNation #GoSpursGo
Sun May 10 16:58:33 +0000 2015,#Spurs #GoSpursGo TIM DUNCAN 1997 #Topps SPURS RC San Antonio Basketball ROOKIE #Card http://t.co/IxOXKPUIam #TimDuncan #NBA
Sun May 10 16:54:28 +0000 2015,RT @SpursNationSA: Happy Mothers Day to all the great moms out there! #SpursNation #GoSpursGo
Sun May 10 16:48:37 +0000 2015,RT @clapsaddle35: My mother (Bessie) took me to my 1st @spurs game. That game made a #Spurs &amp; @DavidtheAdmiral fan for life #GoSpursGo #Hap‚Ä¶
Sun May 10 16:43:36 +0000 2015,@clapsaddle35 You're top of #gospursgo! Want to declutter you inbox quickly? Try Unroll.Me: http://t.co/ZB5SIpAka5
Sun May 10 16:43:08 +0000 2015,#Spurs #GoSpursGo 1997-98 #Topps Chrome #115 - Tim Duncan RC Rookie #Card http://t.co/6vVN20tsrP #TimDuncan #NBA
Sun May 10 16:38:49 +0000 2015,RT @SirenXXXStudios: Hoping the @spurs can take game one and home court advantage away from #LAC tonight. @mrssiren #GoSpursGo http://t.co/‚Ä¶
Sun May 10 16:32:03 +0000 2015,RT @SpursNationSA: Happy Mothers Day to all the great moms out there! #SpursNation #GoSpursGo
Sun May 10 16:28:23 +0000 2015,Happy Mothers Day to all the great moms out there! #SpursNation #GoSpursGo http://t.co/OY3MX0Bkx7
Sun May 10 16:28:04 +0000 2015,#Spurs #GoSpursGo 2006-07 Upper Deck Ovation Tim Duncan #72 San Antonio Spurs http://t.co/D5uE95WH69 #TimDuncan #NBA
Sun May 10 16:27:45 +0000 2015,RT @SpursNationSA: Happy Mothers Day to all the great moms out there! #SpursNation #GoSpursGo
Sun May 10 16:26:33 +0000 2015,Agora sim! Um √≥timo dia das m√£es!  #GoSpursGo http://t.co/MRX1BAMA91
Sun May 10 16:25:56 +0000 2015,RT @SpursNationSA: Happy Mothers Day to all the great moms out there! #SpursNation #GoSpursGo
Sun May 10 16:24:35 +0000 2015,RT @SpursNationSA: Happy Mothers Day to all the great moms out there! #SpursNation #GoSpursGo
Sun May 10 16:17:28 +0000 2015,RT @SpursNationSA: Happy Mothers Day to all the great moms out there! #SpursNation #GoSpursGo
Sun May 10 16:15:03 +0000 2015,RT @SpursNationSA: Happy Mothers Day to all the great moms out there! #SpursNation #GoSpursGo
Sun May 10 16:11:35 +0000 2015,#Spurs #GoSpursGo TIM DUNCAN RC 1997 Fleer Sensations Insert SPURS ROOKIE #Card Basketball Foil LE http://t.co/CZl0kK9HAe #TimDuncan #NBA
Sun May 10 16:08:42 +0000 2015,RT @clapsaddle35: My mother (Bessie) took me to my 1st @spurs game. That game made a #Spurs &amp; @DavidtheAdmiral fan for life #GoSpursGo #Hap‚Ä¶
Sun May 10 16:08:10 +0000 2015,RT @SpursNationSA: Happy Mothers Day to all the great moms out there! #SpursNation #GoSpursGo
Sun May 10 16:05:30 +0000 2015,RT @SpursNationSA: Happy Mothers Day to all the great moms out there! #SpursNation #GoSpursGo
Sun May 10 16:04:03 +0000 2015,RT @SpursNationSA: Happy Mothers Day to all the great moms out there! #SpursNation #GoSpursGo
Sun May 10 16:02:50 +0000 2015,RT @SpursNationSA: Happy Mothers Day to all the great moms out there! #SpursNation #GoSpursGo
Sun May 10 16:00:41 +0000 2015,RT @SpursNationSA: Happy Mothers Day to all the great moms out there! #SpursNation #GoSpursGo
Sun May 10 16:00:09 +0000 2015,RT @SpursNationSA: Happy Mothers Day to all the great moms out there! #SpursNation #GoSpursGo
Sun May 10 16:00:00 +0000 2015,RT @SpursNationSA: Happy Mothers Day to all the great moms out there! #SpursNation #GoSpursGo
Sun May 10 15:59:38 +0000 2015,RT @SpursNationSA: Happy Mothers Day to all the great moms out there! #SpursNation #GoSpursGo
Sun May 10 15:59:08 +0000 2015,RT @SpursNationSA: Happy Mothers Day to all the great moms out there! #SpursNation #GoSpursGo
Sun May 10 15:57:50 +0000 2015,Happy Mothers Day to all the great moms out there! #SpursNation #GoSpursGo
Sun May 10 15:56:35 +0000 2015,RT @clapsaddle35: My mother (Bessie) took me to my 1st @spurs game. That game made a #Spurs &amp; @DavidtheAdmiral fan for life #GoSpursGo #Hap‚Ä¶
Sun May 10 15:56:32 +0000 2015,RT @clapsaddle35: My mother (Bessie) took me to my 1st @spurs game. That game made a #Spurs &amp; @DavidtheAdmiral fan for life #GoSpursGo #Hap‚Ä¶
Sun May 10 15:55:33 +0000 2015,#Spurs #GoSpursGo TIM DUNCAN RC Flair Showcase 1997 SPURS ROOKIE #Card San Antonio Basketball http://t.co/ofda4Jo0YN #TimDuncan #NBA
Sun May 10 15:55:06 +0000 2015,RT @clapsaddle35: My mother (Bessie) took me to my 1st @spurs game. That game made a #Spurs &amp; @DavidtheAdmiral fan for life #GoSpursGo #Hap‚Ä¶
Sun May 10 15:54:20 +0000 2015,RT @clapsaddle35: My mother (Bessie) took me to my 1st @spurs game. That game made a #Spurs &amp; @DavidtheAdmiral fan for life #GoSpursGo #Hap‚Ä¶
Sun May 10 15:54:01 +0000 2015,RT @clapsaddle35: My mother (Bessie) took me to my 1st @spurs game. That game made a #Spurs &amp; @DavidtheAdmiral fan for life #GoSpursGo #Hap‚Ä¶
Sun May 10 15:53:31 +0000 2015,RT @clapsaddle35: My mother (Bessie) took me to my 1st @spurs game. That game made a #Spurs &amp; @DavidtheAdmiral fan for life #GoSpursGo #Hap‚Ä¶
Sun May 10 15:53:04 +0000 2015,RT @clapsaddle35: My mother (Bessie) took me to my 1st @spurs game. That game made a #Spurs &amp; @DavidtheAdmiral fan for life #GoSpursGo #Hap‚Ä¶
Sun May 10 15:52:54 +0000 2015,RT @clapsaddle35: My mother (Bessie) took me to my 1st @spurs game. That game made a #Spurs &amp; @DavidtheAdmiral fan for life #GoSpursGo #Hap‚Ä¶
Sun May 10 15:48:48 +0000 2015,GOT MY #SPURS SHIRT BBYYY! #GOSPURSGO #SPURSNATION https://t.co/eACf3RW52q
Sun May 10 15:45:25 +0000 2015,RT @ShawnMichaels: Fun day shooting with the @Spurs creative crew at the @attcenter . Thanks all!! #gospursgo http://t.co/IoyIrabuul
Sun May 10 15:41:34 +0000 2015,RT @manuginobili: After a great reg season with a 58-24 record, It's playoffs time!! Lakers@Spurs tomorrow 2.30p CST! #gospursgo
Sun May 10 15:40:16 +0000 2015,#Spurs #GoSpursGo TIM DUNCAN Upper Deck SPURS ROOKIE #Card Hot Properties 1997/98 Basketball RC http://t.co/XedSgwfVlz #TimDuncan #NBA
Sun May 10 15:31:49 +0000 2015,My mother (Bessie) took me to my 1st @spurs game. That game made a #Spurs &amp; @DavidtheAdmiral fan for life #GoSpursGo #HappyMothersDay #NBA
Sun May 10 15:24:07 +0000 2015,#Spurs #GoSpursGo Tim DUNCAN ROOKIE #Card 1997 Insert RC Wake Forest Basketball SAN ANTONIO SPURS http://t.co/g4Vw1FmbOj #TimDuncan #NBA
Sun May 10 15:16:12 +0000 2015,Happy Mother's Day from your Spurs Family! You are truly the best! 
#GoSpursGo
Sun May 10 15:08:34 +0000 2015,#Spurs #GoSpursGo TIM DUNCAN NEW ( 3 ) #Card COLLECTION HARDWOOD HEROES MEDALLION-METAL-GALLERY http://t.co/NoL3Q3ZjrH #TimDuncan #NBA
Sun May 10 14:59:59 +0000 2015,@Bruceps You're top of #gospursgo! Want to declutter you inbox quickly? Try Unroll.Me: http://t.co/ZB5SIpAka5
Sun May 10 14:52:37 +0000 2015,#Spurs #GoSpursGo Tim Duncan 2010-2011 Panini Threads #75 http://t.co/ZKl4Cq27DR #TimDuncan #NBA
Sun May 10 14:37:19 +0000 2015,#Spurs #GoSpursGo 1997-98 UD SPX TIM DUNCAN Rookie #Card Graded USA 8.8 http://t.co/RGZRaEI1YD #TimDuncan #NBA
Sun May 10 14:20:34 +0000 2015,#Spurs #GoSpursGo 1997-98 Stadium Club Tim Duncan RC SAN ANTONIO SPURS http://t.co/3TNUoSq1VT #TimDuncan #NBA
Sun May 10 14:10:33 +0000 2015,Imagine living a life made up of safe bets! #GoSpursGo  :) https://t.co/fgbOo0khV3
Sun May 10 13:39:09 +0000 2015,@aronbaynes I just watched 22 jumpstreet. You really look like Channing Tatum.. #GoSpursGo hope you come back next season.
Sun May 10 13:37:23 +0000 2015,#sanantonio #GoSpursGo #spurs The Rangers Are The San Antonio Spurs Of The NHL http://t.co/4WTmLIJb0U
Sun May 10 13:36:08 +0000 2015,Another epic win without Parker &amp; Gino'.
110-105 VS Golden State malgr√© un √©norme Curry (31-8-8).
#NBA2K15 #GoSpursGo http://t.co/IbpFFTAPIr
Sun May 10 13:34:05 +0000 2015,Que bien @adnradiochile  por  preocuparse de los fans Chilenos de la NBA! #gospursgo https://t.co/pFqbec8cQb
Sun May 10 13:31:17 +0000 2015,@KingAmart Congrats, top of #gospursgo! Unroll.Me can simplify your email's inbox. http://t.co/ZB5SIpAka5
Sun May 10 13:29:09 +0000 2015,The Rangers Are The San Antonio Spurs Of The NHL: 
It was Chris Kreider and Ryan McDonagh's turn to... http://t.co/ErmlTpaGH3 #GoSpursGo
Sun May 10 13:26:55 +0000 2015,RT @AllyBrooke: I wanna take shots with somebody #GoSpursGo @spurs http://t.co/nmHGiKfLtR
Sun May 10 13:00:05 +0000 2015,#Spurs #GoSpursGo 1997/98 TIM DUNCAN FLEER ZONE #4 EX-MT http://t.co/H35hSSeBal #TimDuncan #NBA
Sun May 10 12:41:12 +0000 2015,RT @HotTrends8: #Spurs #GoSpursGo TIM DUNCAN,MANU GINOBILI 2005-06 SPx Winning Combos Materials #WC-DG Dual #Jersey http://t.co/rTv3pXHRnH ‚Ä¶
Sun May 10 11:24:06 +0000 2015,#Spurs #GoSpursGo TIM DUNCAN,MANU GINOBILI 2005-06 SPx Winning Combos Materials #WC-DG Dual #Jersey http://t.co/rTv3pXHRnH #TimDuncan #NBA
Sun May 10 11:08:35 +0000 2015,#Spurs #GoSpursGo TIM DUNCAN 2012-13 Panini Timeless Treasures Three-Piece Die-Cut Puzzles /199 http://t.co/aK7lX35Wiu #TimDuncan #NBA
Sun May 10 11:00:38 +0000 2015,I'm missing Spurs too! #GoSpursGo  https://t.co/bNPwtH2OFj
Sun May 10 10:52:36 +0000 2015,#Spurs #GoSpursGo 1997-98 #Topps Finest Silver Embossed Tim Duncan RC http://t.co/2rAm0gwt8W #TimDuncan #NBA
Sun May 10 10:37:08 +0000 2015,#Spurs #GoSpursGo 1997-98 Ultra Heir to the Throne #7 Tim Duncan http://t.co/yTgdGQxuwG #TimDuncan #NBA
Sun May 10 10:22:06 +0000 2015,#Spurs #GoSpursGo 1997-98 UPPER DECK TIM DUNCAN RC ROOKIE #Card http://t.co/aGIeNfFVjj #TimDuncan #NBA
Sun May 10 10:06:13 +0000 2015,#Spurs #GoSpursGo 1997-98 #Topps Chrome Destiny Refractor Tim Duncan RC http://t.co/PcPSWmdWxD #TimDuncan #NBA
Sun May 10 09:50:03 +0000 2015,#Spurs #GoSpursGo 1997-98 Fleer Ultra Star Power Plus Tim Duncan RC http://t.co/7KS8m68P6r #TimDuncan #NBA
Sun May 10 09:33:06 +0000 2015,#Spurs #GoSpursGo Tim Duncan 1998-99 SPX Finite SPX2000 numbered /4050! Spurs http://t.co/QgbH1O0TmF #TimDuncan #NBA
Sun May 10 09:17:05 +0000 2015,#Spurs #GoSpursGo 2012-13 Preferred TIM DUNCAN STEVE NASH STOUDEMIRE GINOBLI Quad #Jersey Booklet http://t.co/weqziDKfvA #TimDuncan #NBA
Sun May 10 09:15:08 +0000 2015,..mentalit√† Spurs...#GoSpursGo
