Sun May 10 19:58:42 +0000 2015,RT @RepCohen: #grizzlies not 1player n #NBA multiplayer ad;41/2 pt dogs at home; few network TV games WIN! Rodney Dangerfields of #NBA #Memâ€¦
Sun May 10 19:57:42 +0000 2015,RT @NBAMemes: Mike Conley Problems. #Grizzlies #BatmanEdition http://t.co/GzhLHPT1Fu
Sun May 10 19:57:23 +0000 2015,#MikeConley is playing with a fractured face injury! what an inspiration #Grizzlies
Sun May 10 19:56:22 +0000 2015,RT @NBAMemes: Mike Conley Problems. #Grizzlies #BatmanEdition http://t.co/GzhLHPT1Fu
Sun May 10 19:55:31 +0000 2015,Highlights: #Memphis #Grizzlies Take 2-1 Semifinal Series Lead vs. #Warriors http://t.co/oPkHP8uCFa #NBA #GrizzNation @BealeStBearsFS
Sun May 10 19:54:56 +0000 2015,RT @NBAMemes: Mike Conley Problems. #Grizzlies #BatmanEdition http://t.co/GzhLHPT1Fu
Sun May 10 19:53:58 +0000 2015,RT @NBAMemes: Mike Conley Problems. #Grizzlies #BatmanEdition http://t.co/GzhLHPT1Fu
Sun May 10 19:52:57 +0000 2015,http://t.co/NvAB9WpvYy [USA Today] - Warriors' forward Marreese Speights out for a  #Grizzlies http://t.co/AoEbibCorO
Sun May 10 19:51:46 +0000 2015,RT @NBAMemes: Mike Conley Problems. #Grizzlies #BatmanEdition http://t.co/GzhLHPT1Fu
Sun May 10 19:50:19 +0000 2015,RT @KNBR: #Warriors' Speights out at least a week with calf strain http://t.co/uADQ6T1lmi #Grizzlies #NBAPlayoffs http://t.co/9BGcpmDtOB
Sun May 10 19:49:55 +0000 2015,RT @EdWaughSays: Late game day tweet. Grit. Grind. Graduate. #GNG #Grizzlies #1sttimealldefense @memgrizz @lacyeward http://t.co/ESl9nq4dpH
Sun May 10 19:49:50 +0000 2015,RT @SportsMotto: You cannot ask for guys to make shots every time, or to make the right play every time, but you can ask for effort. â€“ Marcâ€¦
Sun May 10 19:49:45 +0000 2015,RT @Act_Wild: See #grizzlies in their natural #Alaska habitat with @NatHab http://t.co/hXAMk5amOe http://t.co/DKD4CqNSVs
Sun May 10 19:49:41 +0000 2015,RT @SportsMotto: You cannot ask for guys to make shots every time, or to make the right play every time, but you can ask for effort. â€“ Marcâ€¦
Sun May 10 19:48:53 +0000 2015,RT @SportsMotto: You cannot ask for guys to make shots every time, or to make the right play every time, but you can ask for effort. â€“ Marcâ€¦
Sun May 10 19:48:19 +0000 2015,RT @DawkinsMTA: .@aa000G9 (Tony Allen) Full Defensive Highlights 2015 WCSF G3 #Grizzlies vs #Warriors - Lock-Down D!
http://t.co/R24onUyzm7
Sun May 10 19:48:18 +0000 2015,RT @NBAMemes: Mike Conley Problems. #Grizzlies #BatmanEdition http://t.co/GzhLHPT1Fu
Sun May 10 19:47:05 +0000 2015,http://t.co/NvAB9WpvYy 2 Lowers Row 14 2nd Round Golden State Warriors Memphis Griz #Grizzlies http://t.co/5ye4EyiVzA
Sun May 10 19:46:10 +0000 2015,#Warriors' Speights out at least a week with calf strain http://t.co/uADQ6T1lmi #Grizzlies #NBAPlayoffs http://t.co/9BGcpmDtOB
Sun May 10 19:45:09 +0000 2015,Rick Fox and Stu Jackson take a look at the #game 4 matchup between the #Warriors and #Grizzlies. http://t.co/SICPMU1xxV #NBAVideo
Sun May 10 19:45:09 +0000 2015,GameTime takes a look at the #Grizzlies' efficiency with and without point guard Mike Conley on the floor. http://t.co/HIjzKI09ya #NBAVideo
Sun May 10 19:43:19 +0000 2015,Wild Things: U.S. grizzly bear expert to speak in Canmore http://t.co/wxSyUz7mFk #grizzlies #bears #speciesatrisk #canmore #yyc
Sun May 10 19:43:07 +0000 2015,RT @SportsMotto: You cannot ask for guys to make shots every time, or to make the right play every time, but you can ask for effort. â€“ Marcâ€¦
Sun May 10 19:43:06 +0000 2015,RT @SportsMotto: You cannot ask for guys to make shots every time, or to make the right play every time, but you can ask for effort. â€“ Marcâ€¦
Sun May 10 19:42:57 +0000 2015,Late game day tweet. Grit. Grind. Graduate. #GNG #Grizzlies #1sttimealldefense @memgrizz @lacyeward http://t.co/ESl9nq4dpH
Sun May 10 19:42:51 +0000 2015,RT @SportsMotto: You cannot ask for guys to make shots every time, or to make the right play every time, but you can ask for effort. â€“ Marcâ€¦
Sun May 10 19:40:27 +0000 2015,My favorite player @kobebryant how good you would be with this #griz team is amazing. #Grizzlies #kobe #1stTeamAllDefense
Sun May 10 19:38:55 +0000 2015,RT @SportsMotto: You cannot ask for guys to make shots every time, or to make the right play every time, but you can ask for effort. â€“ Marcâ€¦
Sun May 10 19:38:21 +0000 2015,RT @DawkinsMTA: .@aa000G9 (Tony Allen) Full Defensive Highlights 2015 WCSF G3 #Grizzlies vs #Warriors - Lock-Down D!
http://t.co/R24onUyzm7
Sun May 10 19:38:14 +0000 2015,#Warriors' Marreese Speights out with strained calf, re-evaluated in 1 week, could miss rest of #Grizzlies' series http://t.co/m2hjSPCOz1
Sun May 10 19:37:52 +0000 2015,If #Grizzlies &amp; #Clippers advance over the #Warriors &amp; #Rockets, the #NBAPlayoffs might be worth watching again. #NBA #SpursNation
Sun May 10 19:33:36 +0000 2015,Despite what the NBA media tells you, the #Grizzlies will never follow your script. #MemphisVsErrrbody http://t.co/o7eQfteoxZ
Sun May 10 19:33:10 +0000 2015,RT @SportsMotto: You cannot ask for guys to make shots every time, or to make the right play every time, but you can ask for effort. â€“ Marcâ€¦
Sun May 10 19:32:05 +0000 2015,#Grizzlies Are the Grizzlies really not fun to watch? http://t.co/PHFEkNMaTy via /r/nba
Sun May 10 19:31:39 +0000 2015,RT @nickraponi: Awesome read on #Grizzlies' Tony Allen from @WallaceNBA_ESPN. Highly suggest taking a gander. #NBAPlayoffs http://t.co/9f4mâ€¦
Sun May 10 19:31:13 +0000 2015,RT @SportsMotto: You cannot ask for guys to make shots every time, or to make the right play every time, but you can ask for effort. â€“ Marcâ€¦
Sun May 10 19:30:10 +0000 2015,#NBA: #Warriors C #MarreeseSpeights out at least 1 week with a moderate right calf strain; #Grizzlies lead series 2-1
Sun May 10 19:29:17 +0000 2015,RT @SportsMotto: You cannot ask for guys to make shots every time, or to make the right play every time, but you can ask for effort. â€“ Marcâ€¦
Sun May 10 19:27:20 +0000 2015,RT @SportsMotto: You cannot ask for guys to make shots every time, or to make the right play every time, but you can ask for effort. â€“ Marcâ€¦
Sun May 10 19:26:03 +0000 2015,RT @SportsMotto: You cannot ask for guys to make shots every time, or to make the right play every time, but you can ask for effort. â€“ Marcâ€¦
Sun May 10 19:25:36 +0000 2015,RT @nickraponi: Awesome read on #Grizzlies' Tony Allen from @WallaceNBA_ESPN. Highly suggest taking a gander. #NBAPlayoffs http://t.co/9f4mâ€¦
Sun May 10 19:24:20 +0000 2015,RT @TeresaMWalker: Coach Joerger says he knows Game 4 is a late tipoff but hopes #Grizzlies' faithful are "rocking" Monday night vs. #Warriâ€¦
Sun May 10 19:24:05 +0000 2015,So far, #GSWvsMEM is like Nash-era Phoenix Suns vs San Antonio Spurs. #Grizzlies grinding #Warriors. Steph looking un-MVP &amp; off-balance.
Sun May 10 19:23:53 +0000 2015,RT @memgrizz: #Grizzlies defeat the #Warriors, 99-89 and takes a 2-1 series lead. @MacBo50 ends w/ 22pts and 8reb http://t.co/J36jwzXvHI
Sun May 10 19:22:57 +0000 2015,RT @SportsMotto: You cannot ask for guys to make shots every time, or to make the right play every time, but you can ask for effort. â€“ Marcâ€¦
Sun May 10 19:22:20 +0000 2015,The #Hawks are Elena Dementieva in the 2004 #RollyG final.

The #Grizzlies and #Wizards could become Gaudio/Myskina:

http://t.co/VlhSef32dG
Sun May 10 19:22:19 +0000 2015,RT @SportsMotto: You cannot ask for guys to make shots every time, or to make the right play every time, but you can ask for effort. â€“ Marcâ€¦
Sun May 10 19:21:34 +0000 2015,RT @SportsMotto: You cannot ask for guys to make shots every time, or to make the right play every time, but you can ask for effort. â€“ Marcâ€¦
Sun May 10 19:20:29 +0000 2015,SW BC #grizzlies threatened.  Find out why Tues: http://t.co/jOPv5lUBPD @lpynn @VancouverSun @MySea2Sky
Sun May 10 19:19:46 +0000 2015,RT @SportsMotto: You cannot ask for guys to make shots every time, or to make the right play every time, but you can ask for effort. â€“ Marcâ€¦
Sun May 10 19:19:44 +0000 2015,RT @SportsMotto: You cannot ask for guys to make shots every time, or to make the right play every time, but you can ask for effort. â€“ Marcâ€¦
Sun May 10 19:19:42 +0000 2015,RT @SportsMotto: You cannot ask for guys to make shots every time, or to make the right play every time, but you can ask for effort. â€“ Marcâ€¦
Sun May 10 19:19:36 +0000 2015,RT @SportsMotto: You cannot ask for guys to make shots every time, or to make the right play every time, but you can ask for effort. â€“ Marcâ€¦
Sun May 10 19:19:09 +0000 2015,@kmaxjopanda #Grizzlies ðŸ˜¯
Sun May 10 19:18:36 +0000 2015,RT @MemGrizNation: Tony Allen to Steph Curry. #Grizzlies #SorryMVP http://t.co/TLHBhauVlv
Sun May 10 19:18:21 +0000 2015,RT @SportsMotto: You cannot ask for guys to make shots every time, or to make the right play every time, but you can ask for effort. â€“ Marcâ€¦
Sun May 10 19:18:11 +0000 2015,RT @SportsMotto: You cannot ask for guys to make shots every time, or to make the right play every time, but you can ask for effort. â€“ Marcâ€¦
Sun May 10 19:16:39 +0000 2015,RT @SportsMotto: You cannot ask for guys to make shots every time, or to make the right play every time, but you can ask for effort. â€“ Marcâ€¦
Sun May 10 19:16:36 +0000 2015,RT @SportsMotto: You cannot ask for guys to make shots every time, or to make the right play every time, but you can ask for effort. â€“ Marcâ€¦
Sun May 10 19:16:24 +0000 2015,RT @SportsMotto: You cannot ask for guys to make shots every time, or to make the right play every time, but you can ask for effort. â€“ Marcâ€¦
Sun May 10 19:16:21 +0000 2015,RT @SportsMotto: You cannot ask for guys to make shots every time, or to make the right play every time, but you can ask for effort. â€“ Marcâ€¦
Sun May 10 19:16:19 +0000 2015,RT @SportsMotto: You cannot ask for guys to make shots every time, or to make the right play every time, but you can ask for effort. â€“ Marcâ€¦
Sun May 10 19:15:44 +0000 2015,RT @SportsMotto: You cannot ask for guys to make shots every time, or to make the right play every time, but you can ask for effort. â€“ Marcâ€¦
Sun May 10 19:15:40 +0000 2015,RT @Tribulin: iWon't be surprised if the #Grizzlies advance against the #Warriors. You live and die by the jump shot. Usually die.
Sun May 10 19:15:31 +0000 2015,You cannot ask for guys to make shots every time, or to make the right play every time, but you can ask for effort. â€“ Marc Gasol #Grizzlies
Sun May 10 19:15:25 +0000 2015,RT @memgrizz: #Grizzlies defeat the #Warriors, 99-89 and takes a 2-1 series lead. @MacBo50 ends w/ 22pts and 8reb http://t.co/J36jwzXvHI
Sun May 10 19:14:30 +0000 2015,The Grizzlies are grinding away at Draymond Green&amp;#039;s confi  http://t.co/iwziWJ6AHi
  #ball #grizzlies #warriors
Sun May 10 19:14:14 +0000 2015,RT @NBAMemes: Mike Conley Problems. #Grizzlies #BatmanEdition http://t.co/GzhLHPT1Fu
Sun May 10 19:13:38 +0000 2015,RT @nickraponi: Awesome read on #Grizzlies' Tony Allen from @WallaceNBA_ESPN. Highly suggest taking a gander. #NBAPlayoffs http://t.co/9f4mâ€¦
Sun May 10 19:13:11 +0000 2015,RT @nickraponi: Awesome read on #Grizzlies' Tony Allen from @WallaceNBA_ESPN. Highly suggest taking a gander. #NBAPlayoffs http://t.co/9f4mâ€¦
Sun May 10 19:12:24 +0000 2015,#Grizzlies make statement in dominant Game 3 victory  http://t.co/e6Lp0GGXuI
Sun May 10 19:11:01 +0000 2015,Sacrificar tu cuerpo en busca d la falta ofensiva del rival habiÃ©ndore roto la cara (literamente) 2semanas antes: ESO ES LIDERAR. #Grizzlies
Sun May 10 19:10:42 +0000 2015,RT @nickraponi: Awesome read on #Grizzlies' Tony Allen from @WallaceNBA_ESPN. Highly suggest taking a gander. #NBAPlayoffs http://t.co/9f4mâ€¦
Sun May 10 19:10:37 +0000 2015,iWon't be surprised if the #Grizzlies advance against the #Warriors. You live and die by the jump shot. Usually die.
Sun May 10 19:10:10 +0000 2015,#grizzlies #memphis #GrizzNation STAND UP!! This ones for mac11 PLAY IT LOUD!!! https://t.co/ccUu0lzORL
Sun May 10 19:08:09 +0000 2015,Marreese Speights hurts right calf in 4th vs. Memphis... http://t.co/fX3vAoBDOK   #NBA #Grizzlies
Sun May 10 19:08:04 +0000 2015,TIX http://t.co/tebk7rKDq8 2 Lowers Row 14 2nd Round Golden State Warriors Memphis #Grizzliesâ€¦ http://t.co/prjPS4t69i #Ticket #BasketBall
Sun May 10 19:06:57 +0000 2015,.@ramonashelburne I can't see Clippers beating #Grizzlies or #Warriors. Depth will be the death of them in that series. Don't you think?
Sun May 10 19:06:35 +0000 2015,RT @JSanders201: @memgrizz @WMCActionNews5 Lets get our fans to do a #WhiteOut for Game 4! #Grizzlies #GritNGrind #choose901 #ErrrbodyGotAWâ€¦
Sun May 10 19:06:35 +0000 2015,#Grizzlies must be a little pissed huh http://t.co/IVYx7MK6A4
Sun May 10 19:06:34 +0000 2015,RT @MemGrizNation: Tony Allen to Steph Curry. #Grizzlies #SorryMVP http://t.co/TLHBhauVlv
Sun May 10 19:06:01 +0000 2015,RT @JSanders201: @memgrizz @WMCActionNews5 Lets get our fans to do a #WhiteOut for Game 4! #Grizzlies #GritNGrind #choose901 #ErrrbodyGotAWâ€¦
Sun May 10 19:05:20 +0000 2015,We won! #Memphis #Grizzlies #MVPs https://t.co/yAphzal2Ce
Sun May 10 19:04:26 +0000 2015,@memgrizz @WMCActionNews5 Lets get our fans to do a #WhiteOut for Game 4! #Grizzlies #GritNGrind #choose901 #ErrrbodyGotAWhiteShirt #Grizz
Sun May 10 19:03:52 +0000 2015,RT @MemGrizNation: Tony Allen to Steph Curry. #Grizzlies #SorryMVP http://t.co/TLHBhauVlv
Sun May 10 19:02:36 +0000 2015,RT @MemGrizNation: Tony Allen to Steph Curry. #Grizzlies #SorryMVP http://t.co/TLHBhauVlv
Sun May 10 19:02:18 +0000 2015,After historic comeback, 'Believe' turns into unbelievable in Memphis - http://t.co/zcYrpLrV7v #Grizzlies
Sun May 10 19:02:14 +0000 2015,RT @RLK129: Called the upset #calledit #Predicted #upset #Grizzlies http://t.co/gkByAWYayN #betweenthechalk @premierperhead #MothersDay #loâ€¦
Sun May 10 19:02:07 +0000 2015,@ESPNNBA Shouldn't the grizzlies be in that! There causing all of it!#GRIZZLIES
Sun May 10 19:01:55 +0000 2015,#Grizzlies Steph Curry after Horrible shooting in Memphis http://t.co/21uXK21C8b via /r/nba
Sun May 10 19:01:55 +0000 2015,RT @RLK129: Check out my last 3 #NBAPlayoffs predictions. Picked winners in all 3, including #Grizzlies last upset. #betweenthechalk @premiâ€¦
Sun May 10 19:00:49 +0000 2015,RT @memgrizz: #Grizzlies defeat the #Warriors, 99-89 and takes a 2-1 series lead. @MacBo50 ends w/ 22pts and 8reb http://t.co/J36jwzXvHI
Sun May 10 19:00:18 +0000 2015,CRÃ“NICA | La mejor primera parte de toda la temporada: http://t.co/X0BcMEzCur #Grizzlies #BelieveMemphis http://t.co/je4dpaFdDp
Sun May 10 19:00:17 +0000 2015,RT @MemGrizNation: Tony Allen to Steph Curry. #Grizzlies #SorryMVP http://t.co/TLHBhauVlv
Sun May 10 18:59:05 +0000 2015,RT @TeresaMWalker: Mike Conley says he's living in the training room. #Grizzlies guard popped a stitch or 2 in his left eyebrow last night.
Sun May 10 18:58:51 +0000 2015,RT @NBAenlinea: #Semifinales Juego 3, serie 2-1
#Cavs vs #Bulls 96-99
#Rockets vs #Clippers 99-124 
#Hawks vs #Wizards 101-103
#Warriors vsâ€¦
Sun May 10 18:58:33 +0000 2015,RT @MemGrizNation: Tony Allen to Steph Curry. #Grizzlies #SorryMVP http://t.co/TLHBhauVlv
Sun May 10 18:58:11 +0000 2015,RT @TeresaMWalker: Coach Joerger says he knows Game 4 is a late tipoff but hopes #Grizzlies' faithful are "rocking" Monday night vs. #Warriâ€¦
Sun May 10 18:57:17 +0000 2015,@ESPNNBA That's crazy! No love for #Bulls or #Grizzlies That's my @NBA finals pick! #NBAPlayoffs @chicagobulls @BullsWinOrNah @CSNChicago
Sun May 10 18:57:04 +0000 2015,RT @NBAMemes: Mike Conley Problems. #Grizzlies #BatmanEdition http://t.co/GzhLHPT1Fu
