Sun May 10 19:49:36 +0000 2015,@pedroga51084411 1Tweet4 @HornetsX2 Fans, Follow Team/Player Tweets, UTubes, Stats, Pics &amp; MORE! Visit http://t.co/qaOE6otQR0 RT! #Hornets
Sun May 10 19:47:34 +0000 2015,RT @young_gleesh__: GANG! #Hornets
@Ricobecoolinn @RuMaster5 @BrianGotBandzz @FatFoolMani @Trvll_Marcus http://t.co/HjPblMYGb1
Sun May 10 19:36:59 +0000 2015,2014-15 Season in Review | Marvin Williams - http://t.co/0JXmex5vvz #Hornets
Sun May 10 19:31:05 +0000 2015,#NBA #Hornets - CHARLOTTE HORNETS Jersey XL Johnson 2 Size 48 Teal Authentic Vintage EU... http://t.co/R2Tm1QmbD6 http://t.co/lQmogZfBKD
Sun May 10 19:20:13 +0000 2015,Top five Charlotte Hornets links of the week (May 8) http://t.co/DvOsEePEMD #Hornets #NBA
Sun May 10 19:09:45 +0000 2015,@ToriG544 @HornetsX2 Fans get FREE AmazonPrime! Get 40,000+ Movies/TV Shows &amp; 500K+ Ebooks. http://t.co/HNN9nfgk7G RT! #Hornets
Sun May 10 19:08:16 +0000 2015,#hornets @ Saint Louis Galleria https://t.co/vjFALTL96K
Sun May 10 19:05:59 +0000 2015,#oddsox #socksoftheday #sockswag #socks #sockgame #charolottehornets #hornets #kicksoftheday #kotd… https://t.co/JxxthNfXwp
Sun May 10 19:01:57 +0000 2015,2014-15 Season in Review | Al Jefferson - http://t.co/d3zQvZhYWI #Hornets
Sun May 10 18:55:12 +0000 2015,Top 10 Plays and Moments from Charlotte Hornets' 2014-15 Season http://t.co/6y2XAPBr05 #Hornets #NBA
Sun May 10 18:53:55 +0000 2015,#NBA #Hornets - Charlotte Hornets NBA adidas Snapback  Adjustable Purple Hat / Cap:  $1... http://t.co/b0z2yw94ar http://t.co/k33Sm3HFUt
Sun May 10 18:53:54 +0000 2015,#NBA #Hornets - NBA Charlotte Hornets Scrub Hat:  $12.50End Date: Tuesday Jun-9-2015 10... http://t.co/EZja2u0IqT http://t.co/k33Sm3HFUt
Sun May 10 18:36:50 +0000 2015,@HatterBobby @HornetsX2 Fans get FREE AmazonPrime! Get 40,000+ Movies/TV Shows &amp; 500K+ Ebooks. http://t.co/HNN9nfgk7G RT! #Hornets
Sun May 10 18:26:55 +0000 2015,With Clouds Ahead, Heat Seize the Moment - http://t.co/EiWzvt2V5f #Hornets
Sun May 10 18:24:07 +0000 2015,#NBA #Hornets - Charlotte Hornets NBA adidas Snapback  Adjustable Purple Hat / Cap:  $1... http://t.co/u1skkGnGTd http://t.co/lQmogZxd9d
Sun May 10 18:24:07 +0000 2015,#NBA #Hornets - NBA Charlotte Hornets Scrub Hat:  $12.50End Date: Tuesday Jun-9-2015 10... http://t.co/bU4cfmzIAh http://t.co/lQmogZfBKD
Sun May 10 18:23:14 +0000 2015,#Hornets'in Draft Yolu ;
4 dönemin sonunda korkunç bir tablo var. http://t.co/vGIME9LPjK
Sun May 10 18:12:05 +0000 2015,RT @young_gleesh__: GANG! #Hornets
@Ricobecoolinn @RuMaster5 @BrianGotBandzz @FatFoolMani @Trvll_Marcus http://t.co/HjPblMYGb1
Sun May 10 17:56:44 +0000 2015,@gmm14_ 1Tweet4 @HornetsX2 Fans, Follow Team/Player Tweets, UTubes, Stats, Pics &amp; MORE! Visit http://t.co/qaOE6otQR0 RT! #Hornets
Sun May 10 17:54:34 +0000 2015,RT @hornets_fans10: Dunc'd On Basketball Podcast :May 9th - http://t.co/90y6JUiE1h #Hornets
Sun May 10 17:51:53 +0000 2015,Dunc'd On Basketball Podcast :May 9th - http://t.co/90y6JUiE1h #Hornets
Sun May 10 17:47:21 +0000 2015,RT @topHornets: Warriors Notes :Green, Myers, Iguodala http://t.co/p0qKJboyS8 #Hornets #NBA
Sun May 10 17:46:12 +0000 2015,#NBA #Hornets - CHARLOTTE HORNETS Starter NBA Hooded Pullover Parka Jacket Size XL Vint... http://t.co/lwpG7D3dMw http://t.co/lQmogZfBKD
Sun May 10 17:46:12 +0000 2015,#NBA #Hornets - CHARLOTTE HORNETS CAP - PURPLE/GREEN/WHITE - EUC:  $2.00 (0 Bids)End Da... http://t.co/YAEE04oSo6 http://t.co/lQmogZfBKD
Sun May 10 17:44:12 +0000 2015,Must. Be. Released. #Hornets http://t.co/IgG2su0XZW
Sun May 10 17:43:19 +0000 2015,RT @Carowinds: Have you seen our new @hornets basketballs? #buzzcity #Hornets http://t.co/kqIcsqOHsQ
Sun May 10 17:40:10 +0000 2015,Warriors Notes :Green, Myers, Iguodala http://t.co/p0qKJboyS8 #Hornets #NBA
Sun May 10 17:31:17 +0000 2015,RT @topHornets: Atlantic Draft Notes :Knicks, Nets, Celtics http://t.co/UJrDbP8xCU #Hornets #NBA
Sun May 10 17:19:39 +0000 2015,@UnAltoDice_ 1Tweet4 @HornetsX2 Fans, Follow Team/Player Tweets, UTubes, Stats, Pics &amp; MORE! Visit http://t.co/qaOE6otQR0 RT! #Hornets
Sun May 10 17:17:40 +0000 2015,Check out Vintage Nike Kentucky Wildcats Rex Chapman Jersey - Sx XXL - All Sewn Authentic http://t.co/0bV0aeLLDT @eBay #Suns #Hornets #KU
Sun May 10 17:15:22 +0000 2015,#NBA #Hornets - Mens VTG 90s CHAMPION Charlotte Hornets NBA Basketball Short Shorts Siz... http://t.co/YX0tRF4fQm http://t.co/lQmogZfBKD
Sun May 10 17:15:09 +0000 2015,Atlantic Draft Notes :Knicks, Nets, Celtics http://t.co/UJrDbP8xCU #Hornets #NBA
Sun May 10 16:59:27 +0000 2015,My bad ass wife killed this behemoth. I think it's a hornet #savethebees  #nothornets  #hornets @… https://t.co/4ks5sBa8yb
Sun May 10 16:45:20 +0000 2015,New Charlotte Hornets Rumors. Sunday, May 10 2015 http://t.co/YZ100KHabv #Hornets #NBA
Sun May 10 16:41:49 +0000 2015,2014-15 Season in Review | Cody Zeller - http://t.co/P860MGcz6v #Hornets
Sun May 10 16:36:14 +0000 2015,#NBA #Hornets - Charlotte Hornets New Era 59Fifty NBA Basketball Fitted Hat retro Cap 5... http://t.co/Vkr8YtVpax http://t.co/lQmogZfBKD
Sun May 10 16:36:14 +0000 2015,#NBA #Hornets - Charlotte Hornets New Era 59Fifty NBA Basketball Fitted Hat retro Cap 5... http://t.co/zPH12KwW4b http://t.co/k33Sm3HFUt
Sun May 10 16:20:57 +0000 2015,#Hornets SF-PF Marvin Williams' progress at the end of the season has him looking forward to growing with the team next season.
Sun May 10 16:11:30 +0000 2015,@bill46271882 1Tweet4 @HornetsX2 Fans, Follow Team/Player Tweets, UTubes, Stats, Pics &amp; MORE! Visit http://t.co/qaOE6otQR0 RT! #Hornets
Sun May 10 16:06:47 +0000 2015,Who knew Hornets&amp;#x92; Mo Williams still had big shots in him? - http://t.co/h36WidVrdW #Hornets
Sun May 10 16:02:52 +0000 2015,#Hornets Marvin Williams got off to slow start when he signed with the Hornets, but his progress at the end of...  http://t.co/ojOABVyels
Sun May 10 15:37:05 +0000 2015,#CharlotteHornets #charlotte #Hornets Southeast Notes: Pierce, Dedmon, Williams http://t.co/1KBkBxTQvY
Sun May 10 15:34:55 +0000 2015,@Tweeter333HEH 1Tweet4 @HornetsX2 Fans, Follow Team/Player Tweets, UTubes, Stats, Pics &amp; MORE! Visit http://t.co/qaOE6otQR0 RT! #Hornets
Sun May 10 15:18:55 +0000 2015,http://t.co/hysGUQ1tWv: Game)) Live)) NY Knicks vs Charlotte... http://t.co/uuXrhZ3Gr4 #basketball #charlotte #hornets #knicks #online
Sun May 10 15:05:17 +0000 2015,2014-15 Report Cards :Michael Jordan http://t.co/fwahmHIXes #Hornets #NBA
Sun May 10 14:49:27 +0000 2015,@AndrewWatkins18 1Tweet4 @HornetsX2 Fans, Follow Team/Player Tweets, UTubes, Stats, Pics &amp; MORE! Visit http://t.co/qaOE6otQR0 RT! #Hornets
Sun May 10 14:08:09 +0000 2015,RT @SunYouthOrg: The #Hornets will be well represented at the All-Star #football game at 2pm in Toronto's Centennial Park.
Sun May 10 14:06:29 +0000 2015,The #Hornets will be well represented at the All-Star #football game at 2pm in Toronto's Centennial Park.
Sun May 10 14:02:30 +0000 2015,#Football : Une importante délégation de #Hornets au match des étoiles de la @QMFL à Toronto cet après-midi, 14h.
Sun May 10 13:54:28 +0000 2015,Etihad has never been a noisy ground unless #Hornets have visited! Lol
Sun May 10 13:50:15 +0000 2015,Lakers Expected To Pursue Jimmy Butler http://t.co/rwtEcaXNCx #Hornets #NBA
Sun May 10 13:41:15 +0000 2015,@VincentiusMich5 @HornetsX2 Fans get FREE AmazonPrime! Get 40,000+ Movies/TV Shows &amp; 500K+ Ebooks. http://t.co/HNN9nfgk7G RT! #Hornets
Sun May 10 13:26:55 +0000 2015,Heat Sweep the Bobcats as James Scores 31 Points - http://t.co/AkqLMJQrVW #Hornets
Sun May 10 13:25:15 +0000 2015,Magic Notes :Nicholson, Draft, Frye http://t.co/Ul0OhcJtaB #Hornets #NBA
Sun May 10 13:02:03 +0000 2015,@Brenneman46 @HornetsX2 Fans get FREE AmazonPrime! Get 40,000+ Movies/TV Shows &amp; 500K+ Ebooks. http://t.co/HNN9nfgk7G RT! #Hornets
Sun May 10 12:29:07 +0000 2015,@nickselima @HornetsX2 Fans get FREE AmazonPrime! Get 40,000+ Movies/TV Shows &amp; 500K+ Ebooks. http://t.co/HNN9nfgk7G RT! #Hornets
Sun May 10 12:05:16 +0000 2015,NBA Playoffs open thread (May 6) http://t.co/FQn08zkTx5 #Hornets #NBA
Sun May 10 12:02:11 +0000 2015,GOSSIP: Hornets interested in signing Kaboul http://t.co/WxZn5AwfTF #watfordfc #hornets
Sun May 10 11:57:40 +0000 2015,RT @bleechr: S/O to @HMLFootball (Florida) 5'8" 175 lbs WR and Concordia College Alabama commit @SWhighamjr09 #hornets #concordia http://t.…
Sun May 10 11:45:24 +0000 2015,@Jamie_mizza 1Tweet4 @HornetsX2 Fans, Follow Team/Player Tweets, UTubes, Stats, Pics &amp; MORE! Visit http://t.co/qaOE6otQR0 RT! #Hornets
Sun May 10 11:41:50 +0000 2015,Charlotte Hornets at Chicago Bulls preview 02.25.15 - http://t.co/KtiR5R7MIN #Hornets
Sun May 10 11:40:15 +0000 2015,2014-15 Player Report Cards :PJ Hairston http://t.co/WkVeN6gKXx #Hornets #NBA
Sun May 10 11:15:15 +0000 2015,Rounding up a few mock drafts http://t.co/D8z64fKqIj #Hornets #NBA
Sun May 10 11:06:48 +0000 2015,Hand Of JEHOVAH, JESUS CHRIST repels Heat, Lebron - http://t.co/CknCHX1qlV #Hornets
Sun May 10 11:06:23 +0000 2015,#timehop #lutherblisset #watford #watfordfc #hornets #legend https://t.co/1uebdQ9DKT
Sun May 10 11:01:12 +0000 2015,@Sixers101 1Tweet4 @HornetsX2 Fans, Follow Team/Player Tweets, UTubes, Stats, Pics &amp; MORE! Visit http://t.co/qaOE6otQR0 RT! #Hornets
Sun May 10 10:50:14 +0000 2015,2014-15 Report Cards :Michael Jordan http://t.co/fwahmHrlPS #Hornets #NBA
Sun May 10 10:49:47 +0000 2015,RT @CB_Ih3: Blessed to say I received my second Division 1 offer from Sac State. I want to thank the staff of Sacramento #Hornets http://t.…
Sun May 10 10:25:13 +0000 2015,Top five Charlotte Hornets links of the week (May 8) http://t.co/DvOsEePEMD #Hornets #NBA
Sun May 10 10:00:12 +0000 2015,Top 10 Plays and Moments from Charlotte Hornets' 2014-15 Season http://t.co/6y2XAPBr05 #Hornets #NBA
Sun May 10 09:43:52 +0000 2015,#NBA #Hornets - VTG Deadstock Charlotte Hornets  Authentic Sand-Knit MacGregor Shorts L... http://t.co/WeGXL1bzzE http://t.co/k33Sm3HFUt
Sun May 10 09:33:06 +0000 2015,Report: Watford interested in Tottenham Hotspur’s Younes Kaboul #thfc #wfc #coys #hornets #spurs #watfordfc… http://t.co/umE0YFtNjE
Sun May 10 09:14:08 +0000 2015,#NBA #Hornets - VTG Deadstock Charlotte Hornets  Authentic Sand-Knit MacGregor Shorts L... http://t.co/aojgTxxd13 http://t.co/lQmogZfBKD
Sun May 10 09:06:21 +0000 2015,@konel1z 1Tweet4 @HornetsX2 Fans, Follow Team/Player Tweets, UTubes, Stats, Pics &amp; MORE! Visit http://t.co/qaOE6otQR0 RT! #Hornets
Sun May 10 08:47:02 +0000 2015,Charlotte Hornets center Al Jefferson limited by constant double-teams - http://t.co/PkFHLRwBsn #Hornets
Sun May 10 08:45:09 +0000 2015,Warriors Notes :Green, Myers, Iguodala http://t.co/p0qKJboyS8 #Hornets #NBA
Sun May 10 08:23:52 +0000 2015,@GiovanniTopete @HornetsX2 Fans get FREE AmazonPrime! Get 40,000+ Movies/TV Shows &amp; 500K+ Ebooks. http://t.co/HNN9nfgk7G RT! #Hornets
Sun May 10 08:20:03 +0000 2015,Atlantic Draft Notes :Knicks, Nets, Celtics http://t.co/UJrDbP8xCU #Hornets #NBA
Sun May 10 07:43:24 +0000 2015,@mlh2410 @HornetsX2 Fans get FREE AmazonPrime! Get 40,000+ Movies/TV Shows &amp; 500K+ Ebooks. http://t.co/HNN9nfgk7G RT! #Hornets
Sun May 10 07:40:12 +0000 2015,Report: Watford interested in Tottenham Hotspur’s Younes Kaboul #thfc #wfc #coys #hornets #spurs #watfordfc… http://t.co/mBnK8khKNN
Sun May 10 07:36:58 +0000 2015,New Charlotte Hornet Troy Daniels says he can create space - http://t.co/crFpOA7uj5 #Hornets
Sun May 10 07:28:06 +0000 2015,#NBA #Hornets - 2014-15 Panini Prizm Prizms Green Retail Refractor Parallel You Pick th... http://t.co/FGPUMgE7ig http://t.co/lQmogZfBKD
Sun May 10 07:28:06 +0000 2015,#NBA #Hornets - 2014-15 Panini Prizm Prizms Green Retail Refractor Parallel You Pick th... http://t.co/lzTnVDHa0E http://t.co/k33Sm3HFUt
Sun May 10 07:24:05 +0000 2015,Gotta think #Hornets front office is digging the Grizz win. Have Tony Allen 2.0 on the roster and are building Grit… http://t.co/XDiWYWTvAD
Sun May 10 07:09:19 +0000 2015,@BTNorkett @HornetsX2 Fans get FREE AmazonPrime! Get 40,000+ Movies/TV Shows &amp; 500K+ Ebooks. http://t.co/HNN9nfgk7G RT! #Hornets
Sun May 10 06:50:08 +0000 2015,RT @HITCdeadlineday: Report: Watford interested in Tottenham Hotspur’s Younes Kaboul #thfc #wfc #coys #hornets #spurs #watfordfc http://t.c…
Sun May 10 06:50:06 +0000 2015,RT @HITCdeadlineday: Report: Watford interested in Tottenham Hotspur’s Younes Kaboul #thfc #wfc #coys #hornets #spurs #watfordfc http://t.c…
Sun May 10 06:50:03 +0000 2015,Report: Watford interested in Tottenham Hotspur’s Younes Kaboul #thfc #wfc #coys #hornets #spurs #watfordfc http://t.co/3oWXVyUmhR
Sun May 10 06:46:30 +0000 2015,RT @CB_Ih3: Blessed to say I received my second Division 1 offer from Sac State. I want to thank the staff of Sacramento #Hornets http://t.…
Sun May 10 06:37:13 +0000 2015,@Lex_the_MaYhAm @HornetsX2 Fans get FREE AmazonPrime! Get 40,000+ Movies/TV Shows &amp; 500K+ Ebooks. http://t.co/HNN9nfgk7G RT! #Hornets
Sun May 10 06:04:04 +0000 2015,@LooseDiamonds14 @HornetsX2 Fans get FREE AmazonPrime! Get 40,000+ Movies/TV Shows &amp; 500K+ Ebooks. http://t.co/HNN9nfgk7G RT! #Hornets
Sun May 10 05:29:39 +0000 2015,@ron_rucker @HornetsX2 Fans get FREE AmazonPrime! Get 40,000+ Movies/TV Shows &amp; 500K+ Ebooks. http://t.co/HNN9nfgk7G RT! #Hornets
Sun May 10 05:20:14 +0000 2015,Draft Notes :Combine, Montero, Osman http://t.co/hQEJObXmH7 #Hornets #NBA
Sun May 10 04:55:13 +0000 2015,2014/15 D-League Usage Report :Magic http://t.co/LqjKnyQRUf #Hornets #NBA
Sun May 10 04:49:24 +0000 2015,@medizevec12 @HornetsX2 Fans get FREE AmazonPrime! Get 40,000+ Movies/TV Shows &amp; 500K+ Ebooks. http://t.co/HNN9nfgk7G RT! #Hornets
Sun May 10 04:41:50 +0000 2015,Dunc'd On Basketball Podcast :May 9th - http://t.co/90y6JUiE1h #Hornets
Sun May 10 04:30:12 +0000 2015,Lakers Expected To Pursue Jimmy Butler http://t.co/rwtEcaXNCx #Hornets #NBA
Sun May 10 04:15:06 +0000 2015,@ericmccallum61 @HornetsX2 Fans get FREE AmazonPrime! Get 40,000+ Movies/TV Shows &amp; 500K+ Ebooks. http://t.co/HNN9nfgk7G RT! #Hornets
Sun May 10 04:06:48 +0000 2015,Top 10 Plays and Moments from Charlotte Hornets' 2014-15 Season - http://t.co/XjvvfURMkT #Hornets
Sun May 10 04:05:03 +0000 2015,Magic Notes :Nicholson, Draft, Frye http://t.co/Ul0OhcJtaB #Hornets #NBA
