Sun May 10 19:59:35 +0000 2015,L L B #NBA #Lakers NWT NEW #JeremyLin New York Knicks NBA Basketball Swingman Jersey L Adidas Sewn #eBay #Auction http://t.co/3SkjsLGsWS
Sun May 10 19:59:32 +0000 2015,RT @SportsBueno: Cool #Lakers pins! #Pinterest #Pins #pinning #socialmedia #digital #marketing #smm #Sports #Bueno #growthhacking  https://â€¦
Sun May 10 19:59:04 +0000 2015,L L #Lakers #Cards 2010-11 Panini Timeless Treasures #Kobe #Bryant Triple Jersey JSY MVP Card /10 #Card #Bargains http://t.co/qzo0TVyzFL
Sun May 10 19:58:48 +0000 2015,Thatâ€™s Nice, you lost the series bro @HoustonRockets #Lakers  https://t.co/bzNi1FMQPy
Sun May 10 19:57:06 +0000 2015,#Lakers #NBA Vintage Los Angeles Lakers #24 #Kobe #Bryant #NBA #Jersey #Adidas Adult Sizeâ€¦ http://t.co/QiSAm0yvTf #Collectibles #Offer
Sun May 10 19:57:05 +0000 2015,#Lakers #Deals Vintage Los Angeles Lakers #Kobe #Bryant Nike Swingman #Jersey 2XL #8 Throwback http://t.co/bodwdAYQjN #Collection #Sale
Sun May 10 19:55:39 +0000 2015,RT @DodgersLakers: ğŸŒ¹ #HappyMothersDay beautiful #DODGERS &amp; #LAKERS moms ğŸŒ¹ We're blessed to have you in our lives. #FelizDÃ­aDeLasMadres httpâ€¦
Sun May 10 19:54:59 +0000 2015,Jimmy Butler Julius Randle and jahil OKAFOR or Karl Towns #lakers @LakersNation
Sun May 10 19:54:17 +0000 2015,L L B #JeremyLin #Lakers NWT NEW Jeremy Lin New York Knicks NBA Basketball Swingman Jersey L Adidas Sewn #Dealsâ€¦ http://t.co/0RXfCHtyGf
Sun May 10 19:54:06 +0000 2015,L L L #Lakers #CellPhone #NBA #Basketball Los Angeles Lakers HTC One M8 BL142802 #Bargains #Forsale http://t.co/Eupq5NFyFR
Sun May 10 19:54:06 +0000 2015,#Apparel #Souvenirs Vintage #LosAngeles #Lakers #Kobe #Bryant Nike Swingman #Jersey 2XL #8â€¦ http://t.co/FTMl1Uan49 #Forsale #onsale
Sun May 10 19:54:05 +0000 2015,Man i hope Jimmy Butler is on my #Lakers next year
Sun May 10 19:52:46 +0000 2015,ğŸŒ¹ #HappyMothersDay beautiful #DODGERS &amp; #LAKERS moms ğŸŒ¹ We're blessed to have you in our lives. #FelizDÃ­aDeLasMadres http://t.co/TWtScDSyRn
Sun May 10 19:52:18 +0000 2015,#Lakers #Cards 1996-97 Bowmans Best #Kobe #Bryant Rookie Refractor PSA Mint 9 Lakers http://t.co/ofGI6BX1f0 #Card #Bargains
Sun May 10 19:50:20 +0000 2015,RT @RealSteveCurtis: The #Lakers are back and will sweep the #Spurs or #Thunder in the first round. The only team that will beat them are tâ€¦
Sun May 10 19:49:19 +0000 2015,#WeLoveLA #Lakers Lakers can do the math to get value-added pick in draft's first round http://t.co/jT6wLExcXE #SportsRoadhouse
Sun May 10 19:49:09 +0000 2015,L D #NBA #Lakers 2012-13 TOTALLY CERTIFIED #JeremyLin BLUE 102/299 HOUSTON ROCKETS HARVARD #eBay #Auction http://t.co/3VqSkIVqvq
Sun May 10 19:49:07 +0000 2015,L #Lakers #NBA Wilt Chamberlain 2014-15 Panini Select Die Cut Tie-Dye Prizm 11/25 Lakers #Collectibles #Offer http://t.co/AATTQziBuB
Sun May 10 19:49:05 +0000 2015,#Lakers #GoLakers Lakers can do the math to get value-added pick in draft's first round http://t.co/UQCitQgZQ7 #SportsRoadhouse
Sun May 10 19:47:54 +0000 2015,http://t.co/hV4sbRrdFh Bulls ' Gasol out for Game 4 against Cavaliers (The Associated Pr #Lakers http://t.co/bbUKjtaX8D
Sun May 10 19:47:53 +0000 2015,Cool #Lakers pins! #Pinterest #Pins #pinning #socialmedia #digital #marketing #smm #Sports #Bueno #growthhacking  https://t.co/buKbmlsETh
Sun May 10 19:46:31 +0000 2015,#Lakers #Autographs Autographed Shaquille O'Neal Lakers 8x10 Photo Item#5135837 http://t.co/88DVDOBKUN #Autograph #Auction
Sun May 10 19:43:24 +0000 2015,@Sportsteamnews 
Thanks for following !!! :-) 
#GoYankees #Lakers #DaBears
Sun May 10 19:43:15 +0000 2015,#Health #Fatloss Accountability in Weight Loss http://t.co/qMa16ghHDl #Deals #Lakers
Sun May 10 19:43:13 +0000 2015,L #Apparel #Souvenirs #adidas Swingman #NBA #Jersey #Lakers #Kobe #Bryant Gold sz M #Forsale #onsale http://t.co/RHyAykuoCK
Sun May 10 19:42:36 +0000 2015,#Lakers #NBA http://t.co/jq0lypL4ZT It's a #basketball thing! #follow
Sun May 10 19:41:37 +0000 2015,#Lakers #NBA #Kobe #Bryant #8 Los Angeles Lakers Gold Champion Youth #Jersey Size 6-8 http://t.co/16xyLSeiOF #Collectibles #Offer
Sun May 10 19:41:36 +0000 2015,#Lakers #Deals 1986 Fleer Magic Johnson #53 PSA 9 http://t.co/CwIlR7aJpC #Collection #Sale
Sun May 10 19:40:17 +0000 2015,Ranking the Los Angeles Lakers' Biggest Needs in the 2015 NBA Draft http://t.co/SWr017VQNU #Lakers #NBA
Sun May 10 19:38:04 +0000 2015,#Apparel #Souvenirs #adidas Swingman #NBA #Jersey #Lakers Dwight Howard White sz S http://t.co/MWOCbo7Zfd #Forsale #onsale
Sun May 10 19:36:03 +0000 2015,#Lakers #LakerNation #LA Despite Blockbuster Deals Gone Awry, The Lakers Can Salvage Their Future http://t.co/SwaHbbrqfq
Sun May 10 19:35:35 +0000 2015,#Sports #Memorabilia Happy Hairston #LosAngeles #Lakers - 35mm Basketball Negative http://t.co/kXqu4JPHij #eBay #Bestseller
Sun May 10 19:35:34 +0000 2015,#Lakers #Cards 2009-10 Absolute #Kobe #Bryant 2 Card Lot #1 http://t.co/bxgY4IlSeA #Card #Bargains
Sun May 10 19:34:54 +0000 2015,New Los Angeles Lakers Rumors. Thursday, May 7 2015| http://t.co/7P0NvfDNyh #Lakers
Sun May 10 19:32:28 +0000 2015,RT @HMX__Athletics7: @ESPNNBA @NBAonTNT For the first time since 1999, the #Spurs, #Lakers, #Pistons, #Celtics, #Mavs, and #Heat will not bâ€¦
Sun May 10 19:32:05 +0000 2015,L #NBA #Lakers NBA Houston Rockets #7 #JeremyLin 7" Tall Bobblehead Figure NEW Linsanity #eBay #Auction http://t.co/GeT5SG4BXc
Sun May 10 19:31:54 +0000 2015,@ESPNNBA @NBAonTNT For the first time since 1999, the #Spurs, #Lakers, #Pistons, #Celtics, #Mavs, and #Heat will not be in the #NBAFinals
Sun May 10 19:31:35 +0000 2015,L #Lakers #NBA '47 Brand LOS ANGELES LAKERS Fitted Cap Sleeve #TShirt Women's Medium #Collectibles #Offer http://t.co/HIINLMlS9Z
Sun May 10 19:31:26 +0000 2015,#NBA #Lakers - Kobe Bryant LA LAKERS #24 Adidas Basketball Jersey Size L Length +2  Men... http://t.co/ZJkhkVkD2v http://t.co/k33Sm3HFUt
Sun May 10 19:31:25 +0000 2015,#NBA #Lakers - Karl Malone #11 LA Lakers NBA Reebok Jersey Men's Size XL:  $16.99End Da... http://t.co/moxidjy3T7 http://t.co/k33Sm3HFUt
Sun May 10 19:31:25 +0000 2015,#NBA #Lakers - LA Lakers NBA Basketball 4 Her Youth 4T Toddler Cheerleader Top Jersey S... http://t.co/e56Wn2eWFt http://t.co/k33Sm3HFUt
Sun May 10 19:31:25 +0000 2015,#NBA #Lakers - Kobe Bryant LA Lakers NBA Basketball Adidas Purple Jersey T-Shirt Adult ... http://t.co/ZU8VXMkQM6 http://t.co/k33Sm3HFUt
Sun May 10 19:31:25 +0000 2015,#NBA #Lakers - VTG SHAQ SHAQUILLE O NEAL LA LAKERS CHAMPION BASKETBALL JERSEY YOUTH BOY... http://t.co/52MaebdXeI http://t.co/k33Sm3HFUt
Sun May 10 19:31:21 +0000 2015,#NBA #Lakers 2012 #JeremyLin mcfarlane variant #484 rookie figure http://t.co/zkiWaDmMj1 #eBay #Auction
Sun May 10 19:31:20 +0000 2015,#JeremyLin #Lakers 2012 jeremy lin mcfarlane variant #484 rookie figure http://t.co/1sDgPXoQLN #Deals #Online
Sun May 10 19:26:35 +0000 2015,L #JeremyLin #Lakers Jeremy Lin New York Knicks Jersey #Deals #Online http://t.co/9wL69Pap23
Sun May 10 19:26:35 +0000 2015,L #Lakers #Deals #Kobe #Bryant #8 Los Angeles Lakers Gold Champion Youth #Jersey Size 6-8 #Collection #Sale http://t.co/JCGbkHmY38
Sun May 10 19:24:39 +0000 2015,How did the series end though ? #Lakers https://t.co/qGb6OLAFsc
Sun May 10 19:24:07 +0000 2015,#Lakers #NBA Nike #Kobe #Bryant #8 Los Angeles Lakers Retro Throwback Swingman #Jersey Sz Large http://t.co/uuNtIZ95NV #Collectibles #Offer
Sun May 10 19:24:07 +0000 2015,Magic Johnson. Vintage sports photos. #Lakers http://t.co/xsHIt8OYiK
Sun May 10 19:24:06 +0000 2015,#Lakers #Deals Nike #NBA Laker Nation #TShirt Large L Loose Fit Gray Grey Los Angeles Lakers http://t.co/G1bt5Q7APX #Collection #Sale
Sun May 10 19:22:14 +0000 2015,L L L #JeremyLin #Lakers Jeremy Lin 2010 ROOKIE CARD Rookies &amp;amp;amp;amp; Stars NBA RC Basketball ROCKETS LAKERSâ€¦ http://t.co/BVe9IvvfvG
Sun May 10 19:22:06 +0000 2015,#Apparel #Souvenirs #Kobe #Bryant Mattel #NBA 200 Piece Puzzle #LosAngeles #Lakers NEW 1998 http://t.co/r4OIwpe7dO #Forsale #onsale
Sun May 10 19:22:05 +0000 2015,L #Lakers #Cards 2010-11 Panini Timeless Treasures #Kobe #Bryant Triple Jersey JSY MVP Card /10 #Card #Bargains http://t.co/3RTnTAIzHr
Sun May 10 19:21:27 +0000 2015,http://t.co/riqBJWslKV The Los Angeles Lakers Magazine 1990-91 Magic Johnson Scott Wor #Lakers http://t.co/8eU63wGKum
Sun May 10 19:21:04 +0000 2015,@brosales12 Hezo may have all the tools but putting our future in the hands of a euro wing scares the heck out of me. #Lakers
Sun May 10 19:20:25 +0000 2015,RT @JeanieBuss: #HappyMothersDay to all the #Lakers moms! We ğŸ’›ğŸ’œğŸ’›ğŸ’œğŸ’›ğŸ’œ you!!
Sun May 10 19:20:16 +0000 2015,Lakers Rumors :Jimmy Butler Would Be Perfect Addition for LA's Rebuild http://t.co/OUSvzLgGXi #Lakers #NBA
Sun May 10 19:20:05 +0000 2015,#Lakers #Cards #Kobe #Bryant 1996-97 Ultra Rookie http://t.co/XHHDyi3Ncp #Card #Bargains
Sun May 10 19:20:04 +0000 2015,#Sports #Memorabilia VINTAGE #NBA #LosAngeles #Lakers THE FORUM 12''X29 1/2'' http://t.co/6qCf11h1jK #eBay #Bestseller
Sun May 10 19:19:43 +0000 2015,RT @JeanieBuss: #HappyMothersDay to all the #Lakers moms! We ğŸ’›ğŸ’œğŸ’›ğŸ’œğŸ’›ğŸ’œ you!!
Sun May 10 19:17:10 +0000 2015,#Spain #holiday #lakers #whitesox #gasol16 https://t.co/4NkkALpcRS
Sun May 10 19:16:31 +0000 2015,RT @JeanieBuss: #HappyMothersDay to all the #Lakers moms! We ğŸ’›ğŸ’œğŸ’›ğŸ’œğŸ’›ğŸ’œ you!!
Sun May 10 19:16:16 +0000 2015,L L #NBA #Lakers Mens Nike Hyperdunk 2011 Low #JeremyLin Linsanity Black Basketball Shoes Size 11 #eBay #Auction http://t.co/TbfuDxN4WK
Sun May 10 19:16:12 +0000 2015,L L #Lakers #CellPhone #NBA #Basketball Los Angeles Lakers HTC One M8 BL142802 #Bargains #Forsale http://t.co/EHWiCNXFzW
Sun May 10 19:13:41 +0000 2015,RT @JeanieBuss: #HappyMothersDay to all the #Lakers moms! We ğŸ’›ğŸ’œğŸ’›ğŸ’œğŸ’›ğŸ’œ you!!
Sun May 10 19:13:35 +0000 2015,#Health #Fatloss Experience the Latest Hollywood Diet http://t.co/3OAkoIrViI #Deals #Lakers
Sun May 10 19:13:08 +0000 2015,RT @JeanieBuss: #HappyMothersDay to all the #Lakers moms! We ğŸ’›ğŸ’œğŸ’›ğŸ’œğŸ’›ğŸ’œ you!!
Sun May 10 19:11:47 +0000 2015,Cramps are no joke, but this cracked me up. ğŸ˜‚ğŸ˜‚ #lakers https://t.co/PUqHrRBHYQ
Sun May 10 19:10:36 +0000 2015,L #Lakers #Deals #Kobe #Bryant 1996 Bowman's Best Picks Refractors #BP10 MINT #Collection #Sale http://t.co/HAHD4RjFe7
Sun May 10 19:08:53 +0000 2015,@DawkinsMTA You're top of #lakers! Want to declutter you inbox quickly? Try Unroll.Me: http://t.co/CYSJme3wMu
Sun May 10 19:08:47 +0000 2015,RT @JeanieBuss: #HappyMothersDay to all the #Lakers moms! We ğŸ’›ğŸ’œğŸ’›ğŸ’œğŸ’›ğŸ’œ you!!
Sun May 10 19:08:05 +0000 2015,#Lakers #NBA Wilt Chamberlain 2014-15 Panini Select Die Cut Tie-Dye Prizm 11/25 Lakers http://t.co/Q3EWuQ8giu #Collectibles #Offer
Sun May 10 19:08:05 +0000 2015,#Lakers #Deals 2011 National Treasures #Kobe #Bryant Auto Prime Patch Timeline Treasures /25 http://t.co/pMGLwCBkqo #Collection #Sale
Sun May 10 19:07:05 +0000 2015,#Lakers #CellPhone #NBA #Basketball Los Angeles Lakers HTC One M8 BL142801 http://t.co/xEvZnSag30 #Bargains #Forsale
Sun May 10 19:06:07 +0000 2015,#Apparel #Souvenirs #adidas Swingman #NBA #Jersey #Lakers #Kobe #Bryant Gold sz M http://t.co/y48HqutJbq #Forsale #onsale
Sun May 10 19:05:05 +0000 2015,L #NBA #Lakers #JeremyLin New York Knicks Jersey #eBay #Auction http://t.co/LZt3bFX7eq
Sun May 10 19:05:04 +0000 2015,L #Lakers #Autographs Nick Young AUTOGRAPH Los Angeles Lakers 2008-09 Topps Signature AUTOâ€¦ #Autograph #Auction http://t.co/9ik0xYOB26
Sun May 10 19:05:03 +0000 2015,RT @DawkinsMTA: REUPLOAD: @kobebryant Full Highlights 2006.01.22 #Lakers vs #Raptors - NASTY Career-HiGH 81 Pts!
http://t.co/u7OMDOJGgQ
Sun May 10 19:04:52 +0000 2015,RT @DawkinsMTA: REUPLOAD: @kobebryant Full Highlights 2006.01.22 #Lakers vs #Raptors - NASTY Career-HiGH 81 Pts!
http://t.co/u7OMDOJGgQ
Sun May 10 19:04:33 +0000 2015,#Lakers #Cards 2010 Panini #Kobe #Bryant Lot of 2 Los Angeles Lakers RS 343/499 http://t.co/MwkMt3sqgI #Card #Bargains
Sun May 10 19:04:14 +0000 2015,RT @DawkinsMTA: REUPLOAD: @kobebryant Full Highlights 2006.01.22 #Lakers vs #Raptors - NASTY Career-HiGH 81 Pts!
http://t.co/u7OMDOJGgQ
Sun May 10 19:00:15 +0000 2015,Should Tarik Black Replace Jordan Hill on the L.A. Lakers Roster Next Season? http://t.co/7ZVDJ7RXzL #Lakers #NBA
Sun May 10 18:59:35 +0000 2015,L #JeremyLin #Lakers NBA Houston Rockets #7 Jeremy Lin 7" Tall Bobblehead Figure NEW Linsanity #Deals #Online http://t.co/Z77MpbSg4v
Sun May 10 18:59:35 +0000 2015,L #Lakers #NBA LOS ANGELES LAKERS-Size M-Women's V-Neck Purple #TShirt-NWT-#NBA-New-LA-L.A.-#Kobe #Collectiblesâ€¦ http://t.co/pIQJVz17lT
Sun May 10 18:57:37 +0000 2015,RT @JeanieBuss: #HappyMothersDay to all the #Lakers moms! We ğŸ’›ğŸ’œğŸ’›ğŸ’œğŸ’›ğŸ’œ you!!
Sun May 10 18:57:07 +0000 2015,#Health #Fatloss Garcinia Cambogia Review - Weight Loss Supplements Put to the Test http://t.co/c1aRoMbaJ7 #Deals #Lakers
Sun May 10 18:57:06 +0000 2015,#Lakers #Autographs Dr. Jerry Buss RIP AUTOGRAPH /50 Los Angeles Lakers 2011 Leaf AUTOâ€¦ http://t.co/aBduQefZU4 #Autograph #Auction
Sun May 10 18:53:06 +0000 2015,#Lakers #NBA '47 Brand LOS ANGELES LAKERS Fitted Cap Sleeve #TShirt Women's Medium http://t.co/GdnltVNloH #Collectibles #Offer
Sun May 10 18:53:06 +0000 2015,#Lakers #Deals #Kobe #Bryant #8 Los Angeles Lakers Gold Champion Youth #Jersey Size 6-8 http://t.co/KfpYKgYZkM #Collection #Sale
Sun May 10 18:53:04 +0000 2015,REUPLOAD: #kobebryant Full Highlights 2006.01.22 #Lakers vs #Raptors - NASTY Career-HiGH 81 Pts!â€¦ http://t.co/iBZceCQGF4
Sun May 10 18:52:53 +0000 2015,ĞĞ¾Ğ²Ñ‹Ğ¹ Ğ¸Ğ³Ñ€Ğ¾Ñ‡Ğ¾Ğº Ğ¿Ğ¾Ğ´Ñ€Ğ°ÑÑ‚Ğ°ĞµÑ‚ #Lakers https://t.co/m2GH47NbOs
Sun May 10 18:52:22 +0000 2015,@seanscottthomas might find interesting &gt; #Lakers can do the math to get value-added pick in draft's first round http://t.co/ojZ6KveI9S
Sun May 10 18:51:48 +0000 2015,RT @JeanieBuss: #HappyMothersDay to all the #Lakers moms! We ğŸ’›ğŸ’œğŸ’›ğŸ’œğŸ’›ğŸ’œ you!!
Sun May 10 18:50:55 +0000 2015,RT @JeanieBuss: #HappyMothersDay to all the #Lakers moms! We ğŸ’›ğŸ’œğŸ’›ğŸ’œğŸ’›ğŸ’œ you!!
Sun May 10 18:50:11 +0000 2015,Felt like pulling out the "Blake Griffin" 1's today. Its still #Lakers for Life, but hopefully theâ€¦ https://t.co/JsuakDL8gP
Sun May 10 18:50:08 +0000 2015,L L #Lakers #Deals 1996 die cut Press Pass #Kobe #Bryant #Basketball card #Collection #Sale http://t.co/2aX3xKyoAo
Sun May 10 18:50:05 +0000 2015,L L #JeremyLin #Lakers 14-15 Panini Select Jeremy Lin Blue Refractor #/249 Lakers #Deals #Online http://t.co/N3zPENqNeV
Sun May 10 18:50:04 +0000 2015,#WeLoveLA #Lakers Lakers should hold off on max offer sheet to Jimmy Butler http://t.co/BLVQIzmeNv #SportsRoadhouse
Sun May 10 18:50:04 +0000 2015,#Lakers #GoLakers Lakers Prepared to Extend Max Offer Sheet to Jimmy Butler, per Report http://t.co/nwmax9VdO8 #SportsRoadhouse
