Sun May 10 19:52:33 +0000 2015,#Mavs were the oldest team this season, we need youth and athleticism. The only young guys that were in our full… http://t.co/hveZyH11cC
Sun May 10 19:46:43 +0000 2015,RT @ShawnJacob32: #MothersDayMassacare. 2011. Game 4. #Mavs obliterate Lakers in final game of the series.
Sun May 10 19:40:08 +0000 2015,RT @MavsFansForLife: #Mavs were the oldest team this season, we need youth and athleticism. The only young guys that were in our full rotat…
Sun May 10 19:32:28 +0000 2015,RT @HMX__Athletics7: @ESPNNBA @NBAonTNT For the first time since 1999, the #Spurs, #Lakers, #Pistons, #Celtics, #Mavs, and #Heat will not b…
Sun May 10 19:31:54 +0000 2015,@ESPNNBA @NBAonTNT For the first time since 1999, the #Spurs, #Lakers, #Pistons, #Celtics, #Mavs, and #Heat will not be in the #NBAFinals
Sun May 10 19:30:55 +0000 2015,La ola mas grande del año 2014 la conquistó Jamie Mitchel en Mavericks. #xxl #Mavs #surfordie… https://t.co/bCF3o6f8oQ
Sun May 10 19:29:41 +0000 2015,RT @MavsFansForLife: #Mavs are also missing out on two-way players. We had a lot of offensive (Dirk, Monta, JJ, Amare, etc) &amp; defensive (Ty…
Sun May 10 19:16:11 +0000 2015,RT @MavsFansForLife: #Mavs were the oldest team this season, we need youth and athleticism. The only young guys that were in our full rotat…
Sun May 10 19:13:27 +0000 2015,RT @EKMavericks: @NaomiBkr, was great see you  today. Can't  wait  to  see  the  photos. Take care and don't  leave it too long to  visit  …
Sun May 10 19:12:13 +0000 2015,#Mavs are also missing out on two-way players. We had a lot of offensive (Dirk, Monta, JJ, Amare, etc) &amp; defensive (Tyson, AFA, Devin, etc).
Sun May 10 19:12:07 +0000 2015,RT @MavsFansForLife: #Mavs were the oldest team this season, we need youth and athleticism. The only young guys that were in our full rotat…
Sun May 10 19:12:02 +0000 2015,RT @MavsFansForLife: #Mavs were the oldest team this season, we need youth and athleticism. The only young guys that were in our full rotat…
Sun May 10 19:09:13 +0000 2015,RT @MavsFansForLife: #Mavs were the oldest team this season, we need youth and athleticism. The only young guys that were in our full rotat…
Sun May 10 19:07:21 +0000 2015,#Mavs were the oldest team this season, we need youth and athleticism. The only young guys that were in our full rotation were CP and Aminu.
Sun May 10 18:58:38 +0000 2015,@NaomiBkr, was great see you  today. Can't  wait  to  see  the  photos. Take care and don't  leave it too long to  visit  the #Mavs.
Sun May 10 18:49:33 +0000 2015,#MothersDayMassacare. 2011. Game 4. #Mavs obliterate Lakers in final game of the series. http://t.co/ihw30nceX9
Sun May 10 18:44:42 +0000 2015,RT @MavsFansForLife: Seeing a lot of mock drafts w/ the #Mavs drafting Cameron Payne or Tyus Jones this offseason. Great picks IF Rick Carl…
Sun May 10 18:43:28 +0000 2015,RT @MavsFansForLife: These playoff games make me want the #Mavs to get defensive players this offseason. Offense gets you to playoffs, defe…
Sun May 10 18:30:44 +0000 2015,RT @MavsFansForLife: Seeing a lot of mock drafts w/ the #Mavs drafting Cameron Payne or Tyus Jones this offseason. Great picks IF Rick Carl…
Sun May 10 18:17:15 +0000 2015,RT @MavsFansForLife: Seeing a lot of mock drafts w/ the #Mavs drafting Cameron Payne or Tyus Jones this offseason. Great picks IF Rick Carl…
Sun May 10 18:14:34 +0000 2015,RT @MavsFansForLife: Seeing a lot of mock drafts w/ the #Mavs drafting Cameron Payne or Tyus Jones this offseason. Great picks IF Rick Carl…
Sun May 10 18:13:25 +0000 2015,Seeing a lot of mock drafts w/ the #Mavs drafting Cameron Payne or Tyus Jones this offseason. Great picks IF Rick Carlisle plays them.
Sun May 10 17:49:54 +0000 2015,Tyson Chandler faced challenges in leading Mavs through â14-15 season| http://t.co/gFlQgSDt60 #Mavs
Sun May 10 17:35:50 +0000 2015,Never forget! #MFFL #MAVS http://t.co/NWU7NL2gXo
Sun May 10 17:26:17 +0000 2015,http://t.co/jaS6zrerJI Dallas Mavericks 2011 NBA Champions T-Shirt - Blue - XL  #Mavs http://t.co/DEVDjJV3OA
Sun May 10 17:14:52 +0000 2015,Chandler Parsons undergoes knee surgery| http://t.co/HmIripZdT2 #Mavs
Sun May 10 17:14:16 +0000 2015,RT @MAVSpodcast: @spanthevoid @Er1kHa11 @hotbutterpod Raino aka DJ Raindrops of #MAVS fame loves two hearted
Sun May 10 17:12:41 +0000 2015,@spanthevoid @Er1kHa11 @hotbutterpod Raino aka DJ Raindrops of #MAVS fame loves two hearted
Sun May 10 17:12:05 +0000 2015,Celebratory meal and few bevvys with the #MAVS
Sun May 10 17:10:31 +0000 2015,RT @ShawnJacob32: #MothersDayMassacare. 2011. Game 4. #Mavs obliterate Lakers in final game of the series.
Sun May 10 17:01:20 +0000 2015,RT @ShawnJacob32: #MothersDayMassacare. 2011. Game 4. #Mavs obliterate Lakers in final game of the series.
Sun May 10 16:57:44 +0000 2015,RT @ShawnJacob32: #MothersDayMassacare. 2011. Game 4. #Mavs obliterate Lakers in final game of the series.
Sun May 10 16:56:18 +0000 2015,RT @ShawnJacob32: #MothersDayMassacare. 2011. Game 4. #Mavs obliterate Lakers in final game of the series.
Sun May 10 16:55:04 +0000 2015,#SBNation #Mavs How good is Rick Carlisle? http://t.co/rxFUAyUVF3 http://t.co/Qgb7v50D7o
Sun May 10 16:49:33 +0000 2015,#MothersDayMassacare. 2011. Game 4. #Mavs obliterate Lakers in final game of the series.
Sun May 10 16:47:55 +0000 2015,http://t.co/2b0FFRiu83 Happy Mother's Day  #Mavs http://t.co/ccmLv9TLLE
Sun May 10 16:46:07 +0000 2015,Final score: #SOL 54 - #EKM 0. #Gameover #Gameday #Football #Mavs
Sun May 10 16:37:17 +0000 2015,#SOL 54 - #EKM 0. #Q4 #GameDay  #Football #Mavs
Sun May 10 16:28:19 +0000 2015,RT @MavsFansForLife: These playoff games make me want the #Mavs to get defensive players this offseason. Offense gets you to playoffs, defe…
Sun May 10 16:15:40 +0000 2015,#SOL 48 - #EKM 0. #Gameday #Football  #Q3 #Mavs
Sun May 10 16:12:48 +0000 2015,RT @Dallas__Nation: #HappyMothersDay to all the Mothers out there 

#MLB #NFL #NBA #Cowboys #Rangers #Mavs #Stars http://t.co/8lWpVLeapy
Sun May 10 16:10:09 +0000 2015,#SOL 41 - #EKM 0. #Q3 #GameDay  #Football #Mavs
Sun May 10 16:03:43 +0000 2015,RT @Dallas__Nation: #HappyMothersDay to all the Mothers out there 

#MLB #NFL #NBA #Cowboys #Rangers #Mavs #Stars http://t.co/8lWpVLeapy
Sun May 10 16:03:32 +0000 2015,#HappyMothersDay to all the Mothers out there 

#MLB #NFL #NBA #Cowboys #Rangers #Mavs #Stars http://t.co/8lWpVLeapy
Sun May 10 15:51:46 +0000 2015,Halftime: #SOL 26 - #EKM 0. #GameDay #Mavs #Football
Sun May 10 15:40:22 +0000 2015,#SOL 26 - #EKM 0 #GameDay  #Football #Mavs #2ndQtr
Sun May 10 15:29:46 +0000 2015,2015 Year in Review :Dwight Powell| http://t.co/LEokz5DXEl #Mavs
Sun May 10 15:27:08 +0000 2015,Scoring update #SOL 21 - #EKM  0 #GameDay #Football #Mavs
Sun May 10 15:18:49 +0000 2015,http://t.co/7R8Q4b6nbw [SB Nation: Mavs Moneyball] - How good is Rick Carlisle?  #Mavs http://t.co/SBGWLsw5Ga
Sun May 10 15:16:43 +0000 2015,RT @MavsManiaDotCom: Dirk Nowitzki, Chandler Parsons, Devin Harris, Raymond Felton, and Dwight Powell are all under contract for next seaso…
Sun May 10 15:14:56 +0000 2015,4 Ws 0 Ls, Nationals bound #Mavs
Sun May 10 15:14:56 +0000 2015,RT @EKMavericks: Final  score for the #EKM #Juniors game is #SOL 22 - #EKM 34. #Gameday #Football  #Mavs #welldone #thatsallshewrote #OnToT…
Sun May 10 14:56:05 +0000 2015,@HThrashers open the scoring account. SOL 6 - EKM 0 #Gameday #Football #1Qtr #EKM #Mavs
Sun May 10 14:54:20 +0000 2015,http://t.co/2b0FFRiu83 Cavaliers-Bulls Game 4 Preview  #Mavs http://t.co/KdQ4aayO9p
Sun May 10 14:49:04 +0000 2015,Just waiting for the Cambs FA to deduct us 10 points because we kicked off at 10:33 10 weeks ago. #MAVS #shouldofbeen2trophies #notbitter
Sun May 10 13:46:22 +0000 2015,Final  score for the #EKM #Juniors game is #SOL 22 - #EKM 34. #Gameday #Football  #Mavs #welldone #thatsallshewrote #OnToTheNextOne #Win
Sun May 10 13:40:35 +0000 2015,How good is Rick Carlisle? http://t.co/fCL90k6vdd #Mavs #MFFL http://t.co/nHrlJSImrc
Sun May 10 13:36:12 +0000 2015,#Mavs #dallasmavericks #mavericks How good is Rick Carlisle? http://t.co/7Oxp6QUrqh
Sun May 10 13:26:32 +0000 2015,#Mavs score again: SOL 22 - #EKM 34 #Gameday #Football #BAFA #Scores
Sun May 10 13:25:26 +0000 2015,http://t.co/7R8Q4b6nbw [Bloguin: NBA Draft Blog] - Would Fewer Games Equal A Better NBA? #Mavs http://t.co/ftZ0MOfYln
Sun May 10 13:14:00 +0000 2015,SOL 22 - EKM 28 #GameDay  #Football #Mavs
Sun May 10 13:04:52 +0000 2015,RT @will_conlon: Champions, love it boys!! #MAVS
Sun May 10 12:52:03 +0000 2015,RT @Chris_Medd: Champione champione ole ole ole #mavs
Sun May 10 12:52:00 +0000 2015,RT @JmePage: CHAMPIONS #MAVS
Sun May 10 12:51:38 +0000 2015,RT @will_conlon: Champions, love it boys!! #MAVS
Sun May 10 12:49:19 +0000 2015,Dirk Nowitzki, Chandler Parsons, Devin Harris, Raymond Felton, and Dwight Powell are all under contract for next season. #Mavs
Sun May 10 12:47:52 +0000 2015,RT @MavsFansForLife: Wake me up when NBA Free Agency begins. #Mavs http://t.co/psYsCBFI7x
Sun May 10 12:47:25 +0000 2015,RT @MavsFansForLife: These playoff games make me want the #Mavs to get defensive players this offseason. Offense gets you to playoffs, defe…
Sun May 10 12:46:40 +0000 2015,RT @espn_macmahon: Dennis Schroder &gt; Shane Larkin #Mavs
Sun May 10 12:46:23 +0000 2015,RT @MavsFansForLife: These playoff games make me want the #Mavs to get defensive players this offseason. Offense gets you to playoffs, defe…
Sun May 10 12:39:15 +0000 2015,Halftime  score for #juniors game SOL  22 - EKM 22 #EKM #Football #Mavs #GameDay #CrackingGame #Scores
Sun May 10 12:30:12 +0000 2015,RT @EKMavericks: Scoring  update SOL 16 - #EKM 22 #Football #GameDay  #Mavs #WeloveSundays
Sun May 10 12:28:06 +0000 2015,Champions, love it boys!! #MAVS http://t.co/51YFVgAHrI
Sun May 10 12:23:49 +0000 2015,Scoring  update SOL 16 - #EKM 22 #Football #GameDay  #Mavs #WeloveSundays
Sun May 10 12:15:00 +0000 2015,RT @EKMavericks: 1st game  #Mavs  juniors  has just kickoff and they start  off in style. First  play is taken all the way 60 yard TD # EKM…
Sun May 10 12:05:17 +0000 2015,RT @will_conlon: Champions, love it boys!! #MAVS
Sun May 10 12:04:58 +0000 2015,#Touchdown #Mavs #SOL  8 - #EKM 14. #Football #GameDay
Sun May 10 12:03:55 +0000 2015,RT @will_conlon: Champions, love it boys!! #MAVS
Sun May 10 12:02:54 +0000 2015,RT @will_conlon: Champions, love it boys!! #MAVS
Sun May 10 12:01:35 +0000 2015,RT @will_conlon: Champions, love it boys!! #MAVS
Sun May 10 12:01:11 +0000 2015,RT @JmePage: CHAMPIONS #MAVS
Sun May 10 11:53:19 +0000 2015,SOL reply quickly SOL 8 - EKM 7. #Football  #EKM #Mavs #GameDay #Touchdown
Sun May 10 11:52:44 +0000 2015,http://t.co/jaS6zrerJI Dallas Mavericks Sharktooth Mitchell &amp; Ness Snapback Hat  #Mavs http://t.co/C8SBKWMGZu
Sun May 10 11:43:12 +0000 2015,1st game  #Mavs  juniors  has just kickoff and they start  off in style. First  play is taken all the way 60 yard TD # EKM 7 - SOL 0
Sun May 10 11:42:33 +0000 2015,RT @will_conlon: Champions, love it boys!! #MAVS
Sun May 10 11:41:33 +0000 2015,Champions, love it boys!! #MAVS
Sun May 10 11:41:12 +0000 2015,RT @Chris_Medd: Champione champione ole ole ole #mavs
Sun May 10 11:38:16 +0000 2015,RT @Chris_Medd: Champione champione ole ole ole #mavs
Sun May 10 11:33:46 +0000 2015,RT @JmePage: CHAMPIONS #MAVS
Sun May 10 11:33:37 +0000 2015,CHAMPIONS #MAVS
Sun May 10 11:16:14 +0000 2015,Champione champione ole ole ole #mavs
Sun May 10 10:22:48 +0000 2015,Former teammate calls Rajon #Rondo ‘hungry veteran who is still in his prime' | @dallasnews http://t.co/1NbEHe1KrD #MFFL #Mavs
Sun May 10 10:20:01 +0000 2015,RT @MavsFansForLife: These playoff games make me want the #Mavs to get defensive players this offseason. Offense gets you to playoffs, defe…
Sun May 10 10:12:59 +0000 2015,RT @EKMavericks: It's #Gameday folks. We take on @HThrashers in a #Gameday double header with #senior &amp; #junior teams. #EKM #Football #Sund…
Sun May 10 09:30:25 +0000 2015,RT @EKMavericks: It's #Gameday folks. We take on @HThrashers in a #Gameday double header with #senior &amp; #junior teams. #EKM #Football #Sund…
Sun May 10 09:12:18 +0000 2015,RT @EKMavericks: It's #Gameday folks. We take on @HThrashers in a #Gameday double header with #senior &amp; #junior teams. #EKM #Football #Sund…
Sun May 10 08:05:34 +0000 2015,RT @EKMavericks: It's #Gameday folks. We take on @HThrashers in a #Gameday double header with #senior &amp; #junior teams. #EKM #Football #Sund…
Sun May 10 08:01:48 +0000 2015,RT @EKMavericks: It's #Gameday folks. We take on @HThrashers in a #Gameday double header with #senior &amp; #junior teams. #EKM #Football #Sund…
Sun May 10 07:59:02 +0000 2015,It's #Gameday folks. We take on @HThrashers in a #Gameday double header with #senior &amp; #junior teams. #EKM #Football #Sunday #Kickoff #Mavs
Sun May 10 06:44:22 +0000 2015,http://t.co/jaS6zrerJI Adidas Dallas Mavericks Basketball Team T Shirt Youth Medium  #Mavs http://t.co/rYaE3pbj2T
