Sun May 10 19:40:56 +0000 2015,http://t.co/EEkB0NdMH9: Authentic 2014... http://t.co/7PdwfSEGTB #authentic #classics #denver #dikembe #hardwood #jersey #mutombo #nuggets
Sun May 10 19:36:41 +0000 2015,Tim Connelly talks Nuggets future on CSG Podcast - http://t.co/uOWLcdUqLt #Nuggets #NBA
Sun May 10 19:27:34 +0000 2015,#veggie version Chick-en #Nuggets #chickPeas instead of chicken #recipe http://t.co/bQwn52LYsu
Sun May 10 19:08:56 +0000 2015,@Tasogare_Suika Top of #nuggets today! Organize your emails: quickly and easily! Try Unroll.Me http://t.co/toPWsOOyN7
Sun May 10 19:08:04 +0000 2015,http://t.co/hvEMr29AFD Men's DENVER NUGGETS NBA T Shirt Size L Large - Blue  #Nuggets http://t.co/QOAe8LfJ5F
Sun May 10 19:04:56 +0000 2015,Camisetas de baloncesto de viejo.
Perd√≥n, vintage.
#nuggets http://t.co/VJMdbobQxs
Sun May 10 19:01:39 +0000 2015,Nuggets 2012/13 - http://t.co/lCOyqgbyYb #Nuggets #NBA
Sun May 10 19:00:52 +0000 2015,#NBA #Nuggets - Men's   DENVER NUGGETS  NBA   T Shirt Size  L  Large - Blue:  $12.99End... http://t.co/ieQb2BSSy9 http://t.co/k33Sm3HFUt
Sun May 10 19:00:52 +0000 2015,#NBA #Nuggets - Vintage 90s Rose Mutombo DENVER NUGGETS Blue Logo NBA Snapback Hat Cap ... http://t.co/ZLZZKbCFtC http://t.co/k33Sm3HFUt
Sun May 10 19:00:52 +0000 2015,#NBA #Nuggets - Starting Lineup NBA Antonio McDyess Denver Nuggets Rookie 1996:  $7.99E... http://t.co/NTV5XG2zRb http://t.co/k33Sm3HFUt
Sun May 10 19:00:51 +0000 2015,#NBA #Nuggets - NWT Ladies NBA Denver Nuggets G-III Swim Suit Bikini L:  $10.00End Date... http://t.co/cd2QBqivzm http://t.co/k33Sm3HFUt
Sun May 10 18:56:23 +0000 2015,My son dropping #NUGGETS üìñ üôåüôåüôå #Leverage #AreYouSmarterThanAFourthGrader https://t.co/M0nWhgr0DC
Sun May 10 18:53:21 +0000 2015,RT @Tasogare_Suika: #TeamImamura 
#ImamuraArmy
#ImamuraNosArruin√≥LaVida
#Conejos #Nuggets #conejos #LaVida
Sun May 10 18:53:14 +0000 2015,#TeamImamura 
#ImamuraArmy
#ImamuraNosArruin√≥LaVida
#Conejos #Nuggets #conejos #LaVida
Sun May 10 18:47:02 +0000 2015,Four candidates 4 #Nuggets coachin #job share certain characteristics  http://t.co/WGqdeUipXA #coach #team
Sun May 10 18:27:46 +0000 2015,RT @denvernuggets: Happy Birthday, Ill Wil! 

#Nuggets http://t.co/X7iI8j9war
Sun May 10 18:25:21 +0000 2015,RT @denverchefdude: Homemade #Chicken #Nuggets + Honey Mustard Dipping Sauce  http://t.co/PQqMaXvnbk http://t.co/HIzHnjaF4c
Sun May 10 18:20:36 +0000 2015,Man I love this new #KFC #Popcorn #Nuggets üòãüòãüòãüòã http://t.co/mnScu4TJal
Sun May 10 18:19:58 +0000 2015,RT @denvernuggets: Happy Birthday, EG! 

#Nuggets http://t.co/YQjyMFDH1Q
Sun May 10 18:09:34 +0000 2015,RT @denvernuggets: Happy Birthday, Ill Wil! 

#Nuggets http://t.co/X7iI8j9war
Sun May 10 18:09:05 +0000 2015,#wholemeal #chicken #nuggets
With #avacado #salad #tomato
#cucumber #sport #food #gain #fitness #fit‚Ä¶ https://t.co/6Q5XEv5Bfq
Sun May 10 17:53:17 +0000 2015,RT @Nuggets10_fans: Ugly Gets Uglier as Kings Hand Knicks Their Worst Setback of the Season - http://t.co/95jgwhZfWF #Nuggets #NBA
Sun May 10 17:51:35 +0000 2015,Ugly Gets Uglier as Kings Hand Knicks Their Worst Setback of the Season - http://t.co/95jgwhZfWF #Nuggets #NBA
Sun May 10 17:34:14 +0000 2015,RT @denvernuggets: Happy Birthday, Ill Wil! 

#Nuggets http://t.co/X7iI8j9war
Sun May 10 17:32:41 +0000 2015,RT @Nuggets10_fans: Nuggets' Al Harrington off his game in series against Lakers - http://t.co/GantWYm6be #Nuggets #NBA
Sun May 10 17:30:16 +0000 2015,RT @denvernuggets: Happy Birthday, Ill Wil! 

#Nuggets http://t.co/X7iI8j9war
Sun May 10 17:29:05 +0000 2015,RT @denvernuggets: Happy Birthday, Ill Wil! 

#Nuggets http://t.co/X7iI8j9war
Sun May 10 17:26:25 +0000 2015,#might #have #some #breadcrumbs #somewhere. #make #turkey #nuggets
Sun May 10 17:21:23 +0000 2015,RT @denvernuggets: Happy Birthday, Ill Wil! 

#Nuggets http://t.co/X7iI8j9war
Sun May 10 17:18:56 +0000 2015,@Stefyes least i get decent dinners at @donnaedwards_ unlike UR bianca jackson dinners #nuggets #chips
Sun May 10 17:16:33 +0000 2015,Nuggets' Al Harrington off his game in series against Lakers - http://t.co/GantWYm6be #Nuggets #NBA
Sun May 10 17:05:06 +0000 2015,RT @denvernuggets: Happy Birthday, EG! 

#Nuggets http://t.co/YQjyMFDH1Q
Sun May 10 17:05:02 +0000 2015,RT @denvernuggets: Happy Birthday, Ill Wil! 

#Nuggets http://t.co/X7iI8j9war
Sun May 10 17:02:34 +0000 2015,#SBNation #Nuggets Nuggets draft prospect: Jahlil Okafor http://t.co/wA5CDVAKz6 http://t.co/o1fORNrm5z
Sun May 10 16:58:33 +0000 2015,Happy Birthday, Ill Wil! #Nuggets http://t.co/ZylzRu1nu8 http://t.co/zFvWAyaL83
Sun May 10 16:54:34 +0000 2015,@CentreTransfer grown men in replica shirts waving silly posters...#nuggets
Sun May 10 16:54:16 +0000 2015,RT @denvernuggets: Happy Birthday, Ill Wil! 

#Nuggets http://t.co/X7iI8j9war
Sun May 10 16:53:37 +0000 2015,RT @denvernuggets: Happy Birthday, Ill Wil! 

#Nuggets http://t.co/X7iI8j9war
Sun May 10 16:53:23 +0000 2015,RT @denvernuggets: Happy Birthday, Ill Wil! 

#Nuggets http://t.co/X7iI8j9war
Sun May 10 16:52:08 +0000 2015,RT @NateTimmonsCO: Pretty good day to listen to our podcast with #Nuggets GM Tim Connelly. http://t.co/VyDf3eT0nh
Sun May 10 16:50:51 +0000 2015,RT @NateTimmonsCO: Pretty good day to listen to our podcast with #Nuggets GM Tim Connelly. http://t.co/VyDf3eT0nh
Sun May 10 16:50:33 +0000 2015,Pretty good day to listen to our podcast with #Nuggets GM Tim Connelly. http://t.co/VyDf3eT0nh
Sun May 10 16:47:02 +0000 2015,RT @denvernuggets: Happy Birthday, Ill Wil! 

#Nuggets http://t.co/X7iI8j9war
Sun May 10 16:45:40 +0000 2015,RT @denvernuggets: Happy Birthday, Ill Wil! 

#Nuggets http://t.co/X7iI8j9war
Sun May 10 16:45:09 +0000 2015,#NBA #Nuggets - Denver Nuggets Fitted Cap 7 5/8:  $12.00End Date: Tuesday Jun-9-2015 9:... http://t.co/Cb5tHShJQ1 http://t.co/k33Sm3HFUt
Sun May 10 16:45:09 +0000 2015,#NBA #Nuggets - Dikembe Mutombo Vintage 1990s Denver Nuggets Champion Jersey Size 36 Wh... http://t.co/HZhjd2B9Bo http://t.co/k33Sm3HFUt
Sun May 10 16:45:08 +0000 2015,#NBA #Nuggets - Denver Nuggets Snapback Adjustable:  $18.00End Date: Tuesday Jun-9-2015... http://t.co/xDNgbWwkXN http://t.co/k33Sm3HFUt
Sun May 10 16:45:08 +0000 2015,#NBA #Nuggets - Denver nuggets snap back snapback hat cap flat bill 47 Forty Seven hard... http://t.co/bhrh9tVymE http://t.co/k33Sm3HFUt
Sun May 10 16:45:08 +0000 2015,#NBA #Nuggets - Denver Nuggets Fitted Cap 7 5/8:  $15.00End Date: Tuesday Jun-9-2015 9:... http://t.co/lsCTVikSBn http://t.co/k33Sm3HFUt
Sun May 10 16:43:02 +0000 2015,@lpekarr Top of #nuggets today! Tired of unwanted subscription emails? Try Unroll.Me: http://t.co/toPWsOOyN7
Sun May 10 16:42:17 +0000 2015,RT @denvernuggets: Happy Birthday, Ill Wil! 

#Nuggets http://t.co/X7iI8j9war
Sun May 10 16:41:37 +0000 2015,RT @denvernuggets: Happy Birthday, Ill Wil! 

#Nuggets http://t.co/X7iI8j9war
Sun May 10 16:41:28 +0000 2015,http://t.co/hvEMr29AFD Denver Nuggets Snapback Adjustable  #Nuggets http://t.co/db8kj9zWek
Sun May 10 16:40:52 +0000 2015,RT @denvernuggets: Happy Birthday, Ill Wil! 

#Nuggets http://t.co/X7iI8j9war
Sun May 10 16:39:04 +0000 2015,RT @denvernuggets: Happy Birthday, Ill Wil! 

#Nuggets http://t.co/X7iI8j9war
Sun May 10 16:38:15 +0000 2015,RT @denvernuggets: Happy Birthday, Ill Wil! 

#Nuggets http://t.co/X7iI8j9war
Sun May 10 16:37:08 +0000 2015,RT @denvernuggets: Happy Birthday, Ill Wil! 

#Nuggets http://t.co/X7iI8j9war
Sun May 10 16:36:13 +0000 2015,RT @denvernuggets: Happy Birthday, Ill Wil! 

#Nuggets http://t.co/X7iI8j9war
Sun May 10 16:32:08 +0000 2015,RT @denvernuggets: Happy Birthday, Ill Wil! 

#Nuggets http://t.co/X7iI8j9war
Sun May 10 16:31:57 +0000 2015,RT @denvernuggets: Happy Birthday, Ill Wil! 

#Nuggets http://t.co/X7iI8j9war
Sun May 10 16:30:51 +0000 2015,RT @denvernuggets: Happy Birthday, Ill Wil! 

#Nuggets http://t.co/X7iI8j9war
Sun May 10 16:30:39 +0000 2015,RT @denvernuggets: Happy Birthday, Ill Wil! 

#Nuggets http://t.co/X7iI8j9war
Sun May 10 16:30:34 +0000 2015,RT @denvernuggets: Happy Birthday, Ill Wil! 

#Nuggets http://t.co/X7iI8j9war
Sun May 10 16:29:14 +0000 2015,RT @denvernuggets: Happy Birthday, EG! 

#Nuggets http://t.co/YQjyMFDH1Q
Sun May 10 16:29:05 +0000 2015,RT @denvernuggets: Happy Birthday, Ill Wil! 

#Nuggets http://t.co/X7iI8j9war
Sun May 10 16:28:58 +0000 2015,RT @denvernuggets: Happy Birthday, Ill Wil! 

#Nuggets http://t.co/X7iI8j9war
Sun May 10 16:28:42 +0000 2015,RT @denvernuggets: Happy Birthday, Ill Wil! 

#Nuggets http://t.co/X7iI8j9war
Sun May 10 16:28:21 +0000 2015,RT @denvernuggets: Happy Birthday, Ill Wil! 

#Nuggets http://t.co/X7iI8j9war
Sun May 10 16:27:41 +0000 2015,RT @denvernuggets: Happy Birthday, Ill Wil! 

#Nuggets http://t.co/X7iI8j9war
Sun May 10 16:27:38 +0000 2015,RT @denvernuggets: Happy Birthday, Ill Wil! 

#Nuggets http://t.co/X7iI8j9war
Sun May 10 16:27:32 +0000 2015,RT @denvernuggets: Happy Birthday, Ill Wil! 

#Nuggets http://t.co/X7iI8j9war
Sun May 10 16:27:26 +0000 2015,RT @denvernuggets: Happy Birthday, EG! 

#Nuggets http://t.co/YQjyMFDH1Q
Sun May 10 16:27:04 +0000 2015,RT @denvernuggets: Happy Birthday, Ill Wil! 

#Nuggets http://t.co/X7iI8j9war
Sun May 10 16:26:41 +0000 2015,RT @denvernuggets: Happy Birthday, Ill Wil! 

#Nuggets http://t.co/X7iI8j9war
Sun May 10 16:26:25 +0000 2015,RT @denvernuggets: Happy Birthday, Ill Wil! 

#Nuggets http://t.co/X7iI8j9war
Sun May 10 16:26:24 +0000 2015,RT @denvernuggets: Happy Birthday, Ill Wil! 

#Nuggets http://t.co/X7iI8j9war
Sun May 10 16:26:14 +0000 2015,RT @denvernuggets: Happy Birthday, Ill Wil! 

#Nuggets http://t.co/X7iI8j9war
Sun May 10 16:25:45 +0000 2015,RT @denvernuggets: Happy Birthday, Ill Wil! 

#Nuggets http://t.co/X7iI8j9war
Sun May 10 16:25:44 +0000 2015,RT @denvernuggets: Happy Birthday, Ill Wil! 

#Nuggets http://t.co/X7iI8j9war
Sun May 10 16:25:38 +0000 2015,RT @denvernuggets: Happy Birthday, Ill Wil! 

#Nuggets http://t.co/X7iI8j9war
Sun May 10 16:25:33 +0000 2015,RT @denvernuggets: Happy Birthday, Ill Wil! 

#Nuggets http://t.co/X7iI8j9war
Sun May 10 16:25:27 +0000 2015,Happy Birthday, Ill Wil! 

#Nuggets http://t.co/X7iI8j9war
Sun May 10 16:06:30 +0000 2015,Cleveland Reaches for the Unteachable - http://t.co/71PvOkFEBp #Nuggets #NBA
Sun May 10 16:03:16 +0000 2015,http://t.co/hvEMr29AFD NBA Youth Mouth Guard  #Nuggets http://t.co/0lOqwMLJSd
Sun May 10 16:02:22 +0000 2015,RT @lpekarr: happy mother's day to me, I could not ask for a better group of girls to call my children #nuggets #AP26 üë∂üèº‚öìÔ∏è
Sun May 10 15:56:42 +0000 2015,Denver Nuggets 2015 NBA Draft Prospect: Jahlil Okafor - Denver Stiffs http://t.co/X3Ki5VIkkR #Denver #Nuggets #NBA
Sun May 10 15:37:07 +0000 2015,#NBA #Nuggets - Denver Nuggets NBA New Era 59Fifty Hat Size 7 5/8 Orange Throwback HWC ... http://t.co/0s7K6TnKbf http://t.co/k33Sm3HFUt
Sun May 10 15:37:07 +0000 2015,#NBA #Nuggets - DENVER NUGGETS FAN PACK:  $32.48End Date: Tuesday Jun-9-2015 7:34:29 PD... http://t.co/LBnS2AZUIC http://t.co/k33Sm3HFUt
Sun May 10 15:25:54 +0000 2015,http://t.co/hvEMr29AFD [Pickaxe And Roll] - Denver Nuggets 2015 NBA Draft Prospect: J #Nuggets http://t.co/7shXIpoppZ
Sun May 10 15:11:43 +0000 2015,Nets Lose Third in a Row as the Celtics Pull Away - http://t.co/6OaxYPFRfs #Nuggets #NBA
Sun May 10 15:05:23 +0000 2015,happy mother's day to me, I could not ask for a better group of girls to call my children #nuggets #AP26 üë∂üèº‚öìÔ∏è
Sun May 10 14:59:50 +0000 2015,Nice, @ewheeler2917! You're top of #nuggets! Tired of your inbox being full of junk? Try Unroll.Me http://t.co/toPWsOOyN7
Sun May 10 14:55:00 +0000 2015,RT @ewheeler2917: Go listen to the last two @ColoSportsGuys podcast's with my friends @NateTimmonsCO and @jmorton78. MUST listen for #Nugge‚Ä¶
Sun May 10 14:51:19 +0000 2015,Denver Nuggets 2015 NBA Draft Prospect: Jahlil Okafor #DenverNuggets #Nuggets http://t.co/XyknVjJqMP http://t.co/3qwFCGJ2sr
Sun May 10 14:47:44 +0000 2015,RT @ewheeler2917: Go listen to the last two @ColoSportsGuys podcast's with my friends @NateTimmonsCO and @jmorton78. MUST listen for #Nugge‚Ä¶
Sun May 10 14:38:06 +0000 2015,Photo: #golden #nuggets of #bee #pollen to get my #b #vitamins #nutrients #healthy #mrmenary... http://t.co/9LYWhDsL2k
Sun May 10 14:36:41 +0000 2015,Jusuf Nurkic reflects on his rookie season with the Nuggets - http://t.co/0fLyrz8kTY #Nuggets #NBA
Sun May 10 14:28:46 +0000 2015,#NBA #Nuggets - Carmello Anthony Denver #15 Blue Nike basketball Jersey large:  $8.99En... http://t.co/aneLLJJ0cL http://t.co/k33Sm3HFUt
Sun May 10 14:28:46 +0000 2015,#NBA #Nuggets - DENVER NUGGETS ADIDAS BASKETBALL LONG SLEEVE SHOOTING SHIRT MEDIUM:  $6... http://t.co/lVAPQtBtSp http://t.co/k33Sm3HFUt
Sun May 10 14:28:45 +0000 2015,#NBA #Nuggets - NBA Nike 1976 Throwback CARMELO ANTHONY Denver Nuggets Jersey Youth XL ... http://t.co/aeNP1GvUEO http://t.co/k33Sm3HFUt
