Sun May 10 19:36:54 +0000 2015,Anthony Morrow has a Super Mom #OKC #OKCThunder http://t.co/JMCelQ51fA http://t.co/RsQgR6AIUd
Sun May 10 19:35:38 +0000 2015,Coach Maria needed a pic with the tourney host himself @KyleSingler üòå #SinglerOpen üèÜüèÄ #OKCthunder üòçüíôüíõ http://t.co/1SQVooPyiN
Sun May 10 19:08:08 +0000 2015,#okcthunder #ThunderUp #OKCthunder Anthony Morrow has a Super Mom http://t.co/IH3UJ2SugL
Sun May 10 15:29:07 +0000 2015,Happy Mother‚Äôs Day to all the Mom‚Äôs. 

You are the real MVP.

#YVR
#NBA
#Mom
#OKCTHunder
#KevinDurant
#NBACanada... http://t.co/2MrEOU4EkI
Sun May 10 15:21:36 +0000 2015,#okcthunder #russwest44 here's y artwork! http://t.co/LaGkhULo91
Sun May 10 14:11:37 +0000 2015,@SherwoodStrauss @JonMHamm #okcthunder reasoning at its finest. Although, I don't think Green is a max.
Sun May 10 12:37:07 +0000 2015,#okc #okcthunder #ThunderUp #nba New Oklahoma City Thunder Rumors. Sunday, May 10 2015 http://t.co/gqLDfUgYzw
Sun May 10 09:07:07 +0000 2015,#okcthunder #ThunderUp #OKCthunder Josh Huestis could stay in D-League for 2015-16 http://t.co/8r2i9wV2Pa
Sun May 10 02:56:01 +0000 2015,So I sold Russel Westbrook a drink today. #OKCThunder
Sun May 10 02:52:22 +0000 2015,A low scoring game favors the #Grizzlies. #Warriors learning what #OKCTHUNDER have known for years, grizzles are a‚Ä¶ http://t.co/QQbAYWGckh
Sun May 10 02:36:48 +0000 2015,http://t.co/EEkB0NdMH9: 2014-02-11 Thunder vs Blazers http://t.co/PnVYGk0Oth #okcthunder #portland #trailblazers
Sun May 10 02:35:57 +0000 2015,Slow motion lightning. #stillfast #okcthunder https://t.co/1ibuzDJavQ
Sun May 10 01:59:36 +0000 2015,RT @mrjasoncbell: Learning to Appreciate the Billy Donovan Hire http://t.co/M2DyXV1Zhc #OKCThunder #ThunderUp
Sun May 10 00:56:50 +0000 2015,A low scoring game favors the #Grizzlies. #Warriors learning what  #OKCTHUNDER have known for years, grizzles are a tough out. #NBAPlayoffs
Sun May 10 00:56:50 +0000 2015,A low scoring game favors the #Grizzlies. #Warriors learning what  #OKCTHUNDER have known for years, grizzles are a tough out. #NBAPlayoffs
Sun May 10 00:25:35 +0000 2015,As an avid #OKCThunder fan I never thought I would hear my self say this but Go Memphis ! #NBAPlayoffs #MemphisGrizzlies #OKCThunderFan
Sun May 10 00:09:15 +0000 2015,Russell Westbrook made an appearance at UCO graduation.  #okcthunder‚ö°Ô∏è https://t.co/LrM9cDoyYl
Sat May 09 23:54:32 +0000 2015,Russell Westbrook was at my brothers graduation for a family members graduation from uco. #okcthunder
Sat May 09 23:35:50 +0000 2015,RT @ThunderObsessed: #OKCThunder officially announce purchase of a land, we saw them secure last season http://t.co/POP7zbZx7r http://t.co/‚Ä¶
Sat May 09 23:33:04 +0000 2015,#OKCThunder officially announce purchase of a land, we saw them secure last season http://t.co/POP7zbZx7r http://t.co/axygmGSmWf
Sat May 09 22:07:58 +0000 2015,I also think about the team you said would be playing them in the finals. #OKCThunder, right? What happened to them? *bird call* @tiepod
Sat May 09 18:56:16 +0000 2015,How To Raise A Pro Athlete From Their Moms #OKC #OKCThunder http://t.co/z1NgKhodbT http://t.co/YQnbt0rZWK
Sat May 09 15:36:09 +0000 2015,#okcthunder #ThunderUp #forum #nba NBA 2015 Draft Lottery: Pick Thunder GM's brain... http://t.co/a9VTfp3XN6
Sat May 09 13:55:26 +0000 2015,My new @KDTrey5 basketball shorts! #nikebasketball #nba #nike #kevindurant #OKCThunder @nikebasketball @NBAcom http://t.co/5Xboc8XKOt
Sat May 09 10:28:48 +0000 2015,#nba2k15 #mycareer #okcthunder #ps3 #videogame https://t.co/YZ0CXJjHKY
Sat May 09 07:00:57 +0000 2015,Classic Thunder trash-talking moments #OKC #OKCThunder http://t.co/2MZFktz4hh http://t.co/EcGKWjmi1W
Sat May 09 07:00:47 +0000 2015,Did Sam Presti consult Kevin Durant before hiring Billy Donovan? #OKC #OKCThunder http://t.co/xSB0lx1vqI http://t.co/AYZ33hYzlB
Sat May 09 07:00:24 +0000 2015,Lack of MVP votes will only fuel Russell Westbrook #OKC #OKCThunder http://t.co/zHNmuFssQZ http://t.co/7mH5vvA46H
Sat May 09 02:29:24 +0000 2015,Real #PlayOffs is back i just wish my #OKCThunder boyz was out there #ballin üèÄ
Sat May 09 02:07:26 +0000 2015,Que equipo serian hoy, gigantes los tres! #OKCThunder http://t.co/QAExOGCYkv
Sat May 09 01:37:05 +0000 2015,#okcthunder #ThunderUp #forum #nba Matt Barnes fined 50K for comments to Harden's Momma http://t.co/ZnkLy7r74x
Sat May 09 01:32:50 +0000 2015,#OKCThunder BillyD's lessons on leadership during his 1st press conference. 3 types of commitment: verbal, physical &amp; emotional. 
Awesome!
Sat May 09 00:21:49 +0000 2015,@jhuestis NOW ya know why we are #OKCThunder and our junior dance team are Raindrops.
Sat May 09 00:15:59 +0000 2015,One more of Mickey Max! #allisonbondsphotography #OKC #okie #okcthunder #okcmetro #photooftheday‚Ä¶ https://t.co/OUUZqo5PMV
Fri May 08 23:19:05 +0000 2015,Max! #allisonbondsphotography #OKC #okcthunder #oklahomacity #localokc #photooftheday #okie @ Allison‚Ä¶ https://t.co/fqY3h4cbc1
Fri May 08 22:52:38 +0000 2015,The #OKCThunder would have had a home game tonight.  We missed the best home court advantage ever, missing the playoffs. #okwx @KDTrey5
Fri May 08 22:38:47 +0000 2015,IG: http://t.co/QE0KX7scr7 "This is how we live #Oklahoma. #tornado #tornadoalley #okc #okcthunder #okcweather #weather #bruh #rainraingo‚Ä¶
Fri May 08 22:14:24 +0000 2015,Our first #okcthunder #emersonparamount  is out the door to our boy @mikemiyahara !!  Thanks man,‚Ä¶ https://t.co/B2WdWWdMdq
Fri May 08 21:41:32 +0000 2015,RT @MikeSherman: Here's @anthonyVslater on what hiring Anthony Grant does for Billy Donovan's #OKCThunder staff http://t.co/IIs5n0YJXl @The‚Ä¶
Fri May 08 21:10:38 +0000 2015,RT @MikeSherman: Here's @anthonyVslater on what hiring Anthony Grant does for Billy Donovan's #OKCThunder staff http://t.co/IIs5n0YJXl @The‚Ä¶
Fri May 08 21:06:08 +0000 2015,#OKCThunder officially announce purchase of a land, we saw them secure last season http://t.co/POP7zbZx7r
Fri May 08 20:36:13 +0000 2015,#okcthunder #ThunderUp #forum #nba Bill Simmons gets FIRED from ESPN http://t.co/bqPgfp1Bke
Fri May 08 20:20:05 +0000 2015,Here's #anthonyVslater on what hiring Anthony Grant does for Billy Donovan's #OKCThunder staff‚Ä¶ http://t.co/zdcOSNHM1W
Fri May 08 20:14:28 +0000 2015,RT @MikeSherman: Here's @anthonyVslater on what hiring Anthony Grant does for Billy Donovan's #OKCThunder staff http://t.co/IIs5n0YJXl @The‚Ä¶
Fri May 08 20:04:58 +0000 2015,RT @MikeSherman: Here's @anthonyVslater on what hiring Anthony Grant does for Billy Donovan's #OKCThunder staff http://t.co/IIs5n0YJXl @The‚Ä¶
Fri May 08 20:04:40 +0000 2015,Here's @anthonyVslater on what hiring Anthony Grant does for Billy Donovan's #OKCThunder staff http://t.co/IIs5n0YJXl @TheOklahoman
Fri May 08 19:25:46 +0000 2015,#okcthunder #Perry_Jones1 #RealJeremyLamb #russwest44 #partyhard http://t.co/DIsvQjTj4I
Fri May 08 18:23:39 +0000 2015,Not saying @kenziewhitmire &amp; I r flawless parents but our 2yo can lead a prayer, wants an #okcthunder bday &amp; requests #TacoBueno for lunch.
Fri May 08 17:59:38 +0000 2015,Kevin Durant Is Still The Real MVP http://t.co/bjdH4zHA9Y #OKCThunder #ThunderUp
Fri May 08 17:53:54 +0000 2015,Billy Donovan Hire Will Truly Be Tested in Playoffs http://t.co/8bHG4bGfOu #OKCThunder #ThunderUp
Fri May 08 17:44:10 +0000 2015,Billy Donovan Under Enormous Pressure to Immediately Thrive with OKC Thunder http://t.co/W3erRhjzl3 via @bleacherreport #OKCThunder
Fri May 08 17:42:21 +0000 2015,What Is Billy Donovan's Plan for the Thunder? http://t.co/YMZrShSz1b #OKCThunder #ThunderUp
Fri May 08 17:31:02 +0000 2015,Learning to Appreciate the Billy Donovan Hire http://t.co/M2DyXV1Zhc #OKCThunder #ThunderUp
Fri May 08 17:27:54 +0000 2015,2015 NBA draft: who could the Thunder select with the 14th pick? http://t.co/K9uhnmkoDp via @WTLC #OKCThunder #ThunderUp
Fri May 08 17:24:19 +0000 2015,Salary Cap, the CBA, and What it Will Cost to Keep Durant, Westbrook, Ibaka, Kanter http://t.co/uZAXOX6C4G via @WTLC #OKCThunder #ThunderUp
Fri May 08 17:22:34 +0000 2015,Five questions with Thunder general manager Sam Presti http://t.co/IrxIBWk4Dm #OKCThunder #ThunderUp
Fri May 08 17:14:34 +0000 2015,Meanwhile, latest #OKCThunder article on the pressure Billy Donovan faces in his debut season: http://t.co/lguosfMETG #NBA
Fri May 08 17:08:03 +0000 2015,#okcthunder #ThunderUp #forum #nba DEAL WITH IT, Seattle! http://t.co/vNMEGJSNjd
Fri May 08 16:17:43 +0000 2015,Oklahoma City Thunder expected to re-sign Enes Kanter http://t.co/coagZjzpMf #okcthunder #oklahomacitythunder
Fri May 08 16:11:40 +0000 2015,What Is Billy Donovan's Plan for the Thunder? #OKC #OKCThunder http://t.co/3AnlnpEs5Z http://t.co/O6IOS4M57R
Fri May 08 15:53:01 +0000 2015,#ThunderMom #OKCThunder http://t.co/x7OUIwSPTX
Fri May 08 15:49:34 +0000 2015,#ThunderMom #OKCThunder http://t.co/vGCg94udPG
Fri May 08 14:54:39 +0000 2015,Billy Donovan's #okcthunder staff starting to take shape? https://t.co/DPS439aHE1
Fri May 08 13:08:20 +0000 2015,#okc #okcthunder #ThunderUp #nba New Oklahoma City Thunder Rumors. Friday, May 8 2015 http://t.co/gqLDfUgYzw
Fri May 08 12:41:19 +0000 2015,2015 NBA draft: who could the Thunder select ... #OKCThunder #OklahomaCityThunder http://t.co/3u4aeRv7qH http://t.co/i4VRb9baD1
Fri May 08 12:37:21 +0000 2015,#okcthunder #ThunderUp #OKCthunder 2015 NBA draft: who could the Thunder select with the 14th pick? http://t.co/DJqgUtD4Oc
Fri May 08 12:07:22 +0000 2015,Thunder GM Presti reiterates he plans to re-sign Enes Kanter #OKC #OKCThunder http://t.co/3cvxGhuGn8 http://t.co/auAjdZgHUL
Fri May 08 06:37:23 +0000 2015,Billy Donovan Under Enormous Pressure to Immediately Thrive w... #OKC #OKCThunder http://t.co/M484P5VAvv http://t.co/FgEHor5DyN
Fri May 08 06:30:14 +0000 2015,#okcthunder #ThunderUp #russellwestbrook 
#kevindurant 
#oklahoma 
#germany http://t.co/OjvCez3SAf
Fri May 08 04:56:34 +0000 2015,#OKCThunder fans fed up. Time to move the em to #Seattle where they'll be supported. #EmptySeatsPics #FunGameToPlay‚Ä¶ http://t.co/K3NhwK5jVs
Fri May 08 04:45:13 +0000 2015,.@chaddukes asked Bradley Beal if he'd ever want to play for Billy Donovan again now that he's with the #OKCThunder. http://t.co/XUn9zsytcK
Fri May 08 04:40:44 +0000 2015,Got #OKCThunder everywhere up in here... #Nikes &amp; #footlockers #worlwidemothertruckas #Spain #Portugal #Europe üåçüèÄüåç http://t.co/voKgWnh0N6
Fri May 08 04:12:52 +0000 2015,RT @sonicsman: #OKCThunder fans fed up. Time to move the em to #Seattle where they'll be supported. @EmptySeatsPics #FunGameToPlay http://t‚Ä¶
Fri May 08 03:50:24 +0000 2015,RT @sonicsman: #OKCThunder fans fed up. Time to move the em to #Seattle where they'll be supported. @EmptySeatsPics #FunGameToPlay http://t‚Ä¶
Fri May 08 03:37:19 +0000 2015,Fuck nah. Thunder coming back with vengeance. #OKCThunder
Fri May 08 03:36:34 +0000 2015,RT @sonicsman: #OKCThunder fans fed up. Time to move the em to #Seattle where they'll be supported. @EmptySeatsPics #FunGameToPlay http://t‚Ä¶
Fri May 08 03:28:36 +0000 2015,RT @sonicsman: #OKCThunder fans fed up. Time to move the em to #Seattle where they'll be supported. @EmptySeatsPics #FunGameToPlay http://t‚Ä¶
Fri May 08 02:57:11 +0000 2015,RT @sonicsman: #OKCThunder fans fed up. Time to move the em to #Seattle where they'll be supported. @EmptySeatsPics #FunGameToPlay http://t‚Ä¶
Fri May 08 02:47:45 +0000 2015,#OKCThunder fans fed up. Time to move the em to #Seattle where they'll be supported. @EmptySeatsPics #FunGameToPlay http://t.co/Q5cv2IRdzk
Fri May 08 01:08:10 +0000 2015,#okcthunder #ThunderUp #forum #nba We Talkin' 'Bout Practice! http://t.co/f34EiSEOJ3
Fri May 08 01:01:45 +0000 2015,Love this mural in the @plazadistrict #okcthunder #ThunderUpButtercup #plazadistrict #okc #ilovemycity https://t.co/Yuik4tiNPw
Fri May 08 00:40:29 +0000 2015,Just seen Perry Jones, he said he met coach Donavan today and like home a lot. Really looking forward to next season! #OKCThunder!
Thu May 07 20:08:09 +0000 2015,#okcthunder #ThunderUp #OKCthunder 2014-2015 Thunder Player Grades: Anthony Morrow filled his role and then some http://t.co/egPltDge6o
Thu May 07 19:27:49 +0000 2015,KD Trey 5 II CH PACK Rare Sz 9 http://t.co/sNq6JWkC5K #kevindurant #OKCThunder http://t.co/JFoYifRVDG
Thu May 07 18:58:57 +0000 2015,Kevin Durant Is Still The Real MVP #OKC #OKCThunder http://t.co/rCAJ7yy0Bb http://t.co/x6Jrb8oxwt
Thu May 07 16:02:25 +0000 2015,Kevin Durant Posterizes Pistons Guard #basketball #NBA #OKCThunder #R4R https://t.co/6wbALmLS6D
Thu May 07 15:59:07 +0000 2015,LIVE: Chat with @JenniCarlson_OK on the Power Lunch chat right now: http://t.co/VUylHNO1Aa #sooners #okstate #okcthunder
Thu May 07 15:57:24 +0000 2015,RT @NewsOKSports: Get your questions in to @JenniCarlson_OK on the live chat: http://t.co/VUylHNO1Aa #okstate #sooners #okcthunder
Thu May 07 15:45:07 +0000 2015,Get your questions in to @JenniCarlson_OK on the live chat: http://t.co/VUylHNO1Aa #okstate #sooners #okcthunder
Thu May 07 15:30:08 +0000 2015,Join @JenniCarlson_OK for some #okcthunder #sooners #okstate talk on the live chat at 11: http://t.co/VUylHNO1Aa
Thu May 07 15:15:08 +0000 2015,We're talking #okcthunder #sooners #okstate on the live chat with @JenniCarlson_OK: http://t.co/VUylHNO1Aa
Thu May 07 06:08:03 +0000 2015,#okcthunder #ThunderUp #OKCthunder 2014-15 Thunder player grades: Kendrick Perkins, The final chapter, the end.. http://t.co/rzRV8hwTVk
Thu May 07 03:27:47 +0000 2015,RT @ThunderSocial1: Billy Donovan is saying, ‚ÄúUh, Sam. Can we talk? Is this‚Ä¶..normal?‚Äù #OKCThunder http://t.co/ycOjktDQs9
Thu May 07 03:25:34 +0000 2015,Billy Donovan is saying, ‚ÄúUh, Sam. Can we talk? Is this‚Ä¶..normal?‚Äù #OKCThunder http://t.co/ycOjktDQs9
Thu May 07 02:59:39 +0000 2015,RT @ericurbach: Billy Donovan is saying, ‚ÄúUh, Sam. Can we talk? Is this‚Ä¶..normal?‚Äù #OKCThunder
Thu May 07 02:58:59 +0000 2015,RT @ericurbach: Billy Donovan is saying, ‚ÄúUh, Sam. Can we talk? Is this‚Ä¶..normal?‚Äù #OKCThunder
Thu May 07 02:58:01 +0000 2015,RT @ericurbach: Billy Donovan is saying, ‚ÄúUh, Sam. Can we talk? Is this‚Ä¶..normal?‚Äù #OKCThunder
Thu May 07 02:55:17 +0000 2015,RT @ericurbach: Billy Donovan is saying, ‚ÄúUh, Sam. Can we talk? Is this‚Ä¶..normal?‚Äù #OKCThunder
Thu May 07 02:52:28 +0000 2015,Billy Donovan is saying, ‚ÄúUh, Sam. Can we talk? Is this‚Ä¶..normal?‚Äù #OKCThunder
Thu May 07 02:37:18 +0000 2015,Welcome to OKC #coachdonovan #OKCThunder #OKCthunderstorms #OKtornado
