Sun May 10 19:59:58 +0000 2015,Happy Mother's Day mama! 
My mama's got yo back @houstonrockets #beatLA #rockets #clutchcity‚Ä¶ https://t.co/fckJJQMwlT
Sun May 10 19:59:33 +0000 2015,L #Basketball #Buzz 2014-15 Panini Immaculate Dwight Howard #82 Base SP 56/99 Houston #Rockets #Forsale #onsale http://t.co/5nNKRJLRGO
Sun May 10 19:59:08 +0000 2015,West Semis: Rockets vs Clippers Game 4 - http://t.co/kyPGCUaX0W #sportsbetting #Clippers #Rockets  @PopDibiase
Sun May 10 19:59:00 +0000 2015,RT @NBAMemes: These 2015 NBA Semifinals' Top Teams in Review.

#Cavs #Warriors #Rockets #Hawks http://t.co/cmNRfCafQV
Sun May 10 19:57:41 +0000 2015,RT @NBAMemes: These 2015 NBA Semifinals' Top Teams in Review.

#Cavs #Warriors #Rockets #Hawks http://t.co/cmNRfCafQV
Sun May 10 19:57:07 +0000 2015,RT @NBAMemes: These 2015 NBA Semifinals' Top Teams in Review.

#Cavs #Warriors #Rockets #Hawks http://t.co/cmNRfCafQV
Sun May 10 19:56:30 +0000 2015,Ascolto del giorno: Rockets - Plasteroid - 1979 - (Rockland)
Ascolta su:
https://t.co/akCGVn65Gd
#Rockets http://t.co/14NO4V67Hz
Sun May 10 19:56:12 +0000 2015,RT @NBAMemes: These 2015 NBA Semifinals' Top Teams in Review.

#Cavs #Warriors #Rockets #Hawks http://t.co/cmNRfCafQV
Sun May 10 19:56:03 +0000 2015,#Clippers 7.5 point favs this evening in basically a must-win for the #Rockets. Though Clips are playing amazing,thats a pretttty big number
Sun May 10 19:54:39 +0000 2015,RT @NBAMemes: These 2015 NBA Semifinals' Top Teams in Review.

#Cavs #Warriors #Rockets #Hawks http://t.co/cmNRfCafQV
Sun May 10 19:54:31 +0000 2015,#Rockets 110 ‚Äì #Clippers 107 ‚Äì follow @CarbonSports_ag &amp; tweet your Final Score guess to Win $250 #CarbonPredictorChallenge
Sun May 10 19:54:20 +0000 2015,RT @NBAMemes: These 2015 NBA Semifinals' Top Teams in Review.

#Cavs #Warriors #Rockets #Hawks http://t.co/cmNRfCafQV
Sun May 10 19:54:06 +0000 2015,L #NBA #DwightHoward 2006-07 Topps Finest Basketball Dwight Howard Orlando Magic #7 #Rockets #Bargains http://t.co/qKWc1242kD
Sun May 10 19:53:25 +0000 2015,Let's go Rockets!!! üöÄüöÄüöÄ #Htown #Rockets #pursuit https://t.co/n5yTemqzxb
Sun May 10 19:52:46 +0000 2015,RT @NBAMemes: These 2015 NBA Semifinals' Top Teams in Review.

#Cavs #Warriors #Rockets #Hawks http://t.co/cmNRfCafQV
Sun May 10 19:52:20 +0000 2015,RT @NBAMemes: These 2015 NBA Semifinals' Top Teams in Review.

#Cavs #Warriors #Rockets #Hawks http://t.co/cmNRfCafQV
Sun May 10 19:51:32 +0000 2015,RT @NBAMemes: These 2015 NBA Semifinals' Top Teams in Review.

#Cavs #Warriors #Rockets #Hawks http://t.co/cmNRfCafQV
Sun May 10 19:51:23 +0000 2015,Are Harden and Howard enough for the #Rockets to compete with the #Clippers? http://t.co/tdDVgOD71P #ClippersvsRockets #NBAPlayoffs #NBA
Sun May 10 19:49:47 +0000 2015,RT @NBAMemes: These 2015 NBA Semifinals' Top Teams in Review.

#Cavs #Warriors #Rockets #Hawks http://t.co/cmNRfCafQV
Sun May 10 19:49:35 +0000 2015,RT @RowOneBrand: @kflamer #hiphop #rap #RowOne RT @47_Straight #Houston #Rockets #gameday #fashion #digital #marketing #HTown #Row1 http://‚Ä¶
Sun May 10 19:49:35 +0000 2015,RT @NBAMemes: These 2015 NBA Semifinals' Top Teams in Review.

#Cavs #Warriors #Rockets #Hawks http://t.co/cmNRfCafQV
Sun May 10 19:49:08 +0000 2015,TIX http://t.co/J0APjn0b85 L BA CLIPPERS Houston #Rockets $140 Sec 332 r 14 Game 4 B2 Home Gm 2‚Ä¶ http://t.co/45bh4UGOZc #Ticket #Tickets
Sun May 10 19:49:07 +0000 2015,L L L #NBA #Rockets #JamesHarden 2014-15 IMMACULATE COLLECTION CHINESE RED PARALLEL #Card #14/25 SSP #Bargains‚Ä¶ http://t.co/HpbdnTr33s
Sun May 10 19:49:07 +0000 2015,TIX http://t.co/JaFlKEdQwa L L BA CLIPPERS Houston #Rockets $140 Sec 305 r 10 Game 4 B2 Home Gm 2‚Ä¶ http://t.co/cwMF9QrHNP #Ticket #Tickets
Sun May 10 19:49:07 +0000 2015,L L #NBA #DwightHoward 2005-06 Topps Finest Basketball Dwight Howard Orlando Magic #69 #Rockets #Bargains http://t.co/jSt6U2YNUi
Sun May 10 19:46:08 +0000 2015,http://t.co/8ZxTHgw4U7/s/Rueg #rednation #ROCKETS
Sun May 10 19:46:04 +0000 2015,TIX http://t.co/uc1QIL6tF6 A A LA CLIPPERS Houston #Rockets $140 Sec 305 r 10 Game 4 B2 Home Gm 2‚Ä¶ http://t.co/V25OZog3rm #Ticket‚Ä¶
Sun May 10 19:45:29 +0000 2015,RT @NBAMemes: These 2015 NBA Semifinals' Top Teams in Review.

#Cavs #Warriors #Rockets #Hawks http://t.co/cmNRfCafQV
Sun May 10 19:45:14 +0000 2015,#rednation #ROCKETS vs Clippers. . . . Game 4 - 730 pm tipoff on TNT. MY Rockets are down 2-1. #pursuit @redrowdies @HoustonRockets
Sun May 10 19:44:30 +0000 2015,RT @NBAMemes: These 2015 NBA Semifinals' Top Teams in Review.

#Cavs #Warriors #Rockets #Hawks http://t.co/cmNRfCafQV
Sun May 10 19:44:11 +0000 2015,RT @NBAMemes: These 2015 NBA Semifinals' Top Teams in Review.

#Cavs #Warriors #Rockets #Hawks http://t.co/cmNRfCafQV
Sun May 10 19:44:07 +0000 2015,TIX http://t.co/J0APjn0b85 2 Amazing tickets LA Clippers vs Houston #Rockets - 5/10 - Game 4 -‚Ä¶ http://t.co/rWCL0a4SYV #Ticket #Tickets
Sun May 10 19:44:04 +0000 2015,TIX http://t.co/JaFlKEdQwa 2 Amazing tickets LA Clippers vs Houston #Rockets - 5/10 - Game 4 -‚Ä¶ http://t.co/LycYCwvJ7h #Ticket #Tickets
Sun May 10 19:44:04 +0000 2015,TIX http://t.co/uc1QIL6tF6 2 Amazing #Tickets LA Clippers vs Houston #Rockets - 5/10 - Game 4‚Ä¶ http://t.co/0ScNDgz58D #Ticket #BasketBall
Sun May 10 19:43:30 +0000 2015,#HoustonRockets #RedNation #Rockets #HTown #Pursuit STILL #ClutchCity üöÄ‚ù§Ô∏èüöÄ‚ù§Ô∏èüöÄ https://t.co/tiXJGgwyXB
Sun May 10 19:42:29 +0000 2015,RT @NBAMemes: These 2015 NBA Semifinals' Top Teams in Review.

#Cavs #Warriors #Rockets #Hawks http://t.co/cmNRfCafQV
Sun May 10 19:42:28 +0000 2015,RT @NBAMemes: These 2015 NBA Semifinals' Top Teams in Review.

#Cavs #Warriors #Rockets #Hawks http://t.co/cmNRfCafQV
Sun May 10 19:41:38 +0000 2015,#DwightHoward #Deals 2014-15 PANINI COURT KINGS DWIGHT HOWARD EXPRESSIONISTS SAPPHIRE/25 http://t.co/JxC0RQVoHn #NBA #Rockets
Sun May 10 19:41:37 +0000 2015,#NBA #DwightHoward 2014-15 PANINI COURT KINGS DWIGHT HOWARD SAPPHIRE/25 http://t.co/AJ2qYhPXxR #Rockets #Bargains
Sun May 10 19:40:22 +0000 2015,This is what one weeks worth of #Houston activities looks like! #Astros #Rockets #CaneloKirkland #HoustonZoo http://t.co/SZwfLEfHJd
Sun May 10 19:40:03 +0000 2015,Northwest Notes :Nuggets, Leonard, Donovan http://t.co/j6E6virhWt #Rockets #NBA
Sun May 10 19:39:43 +0000 2015,RT @NBAMemes: These 2015 NBA Semifinals' Top Teams in Review.

#Cavs #Warriors #Rockets #Hawks http://t.co/cmNRfCafQV
Sun May 10 19:39:15 +0000 2015,RT @NBAMemes: These 2015 NBA Semifinals' Top Teams in Review.

#Cavs #Warriors #Rockets #Hawks http://t.co/cmNRfCafQV
Sun May 10 19:37:52 +0000 2015,If #Grizzlies &amp; #Clippers advance over the #Warriors &amp; #Rockets, the #NBAPlayoffs might be worth watching again. #NBA #SpursNation
Sun May 10 19:36:32 +0000 2015,RT @NBAMemes: These 2015 NBA Semifinals' Top Teams in Review.

#Cavs #Warriors #Rockets #Hawks http://t.co/cmNRfCafQV
Sun May 10 19:36:12 +0000 2015,RT @NBAMemes: These 2015 NBA Semifinals' Top Teams in Review.

#Cavs #Warriors #Rockets #Hawks http://t.co/cmNRfCafQV
Sun May 10 19:35:59 +0000 2015,RT @guicho_32: RT for Red and Silver, FAV for Pajamas #Rockets #Pursuit http://t.co/qhCABQbJpA
Sun May 10 19:35:59 +0000 2015,RT @NBAMemes: These 2015 NBA Semifinals' Top Teams in Review.

#Cavs #Warriors #Rockets #Hawks http://t.co/cmNRfCafQV
Sun May 10 19:35:52 +0000 2015,RT @NBAMemes: These 2015 NBA Semifinals' Top Teams in Review.

#Cavs #Warriors #Rockets #Hawks http://t.co/cmNRfCafQV
Sun May 10 19:35:48 +0000 2015,All my wife wants for Mothers Day is a Rockets win tonight...well maybe it's me that wants it but I'm sure she does too! 
#Rockets
Sun May 10 19:35:38 +0000 2015,RT @NBAMemes: These 2015 NBA Semifinals' Top Teams in Review.

#Cavs #Warriors #Rockets #Hawks http://t.co/cmNRfCafQV
Sun May 10 19:34:34 +0000 2015,RT @NBAMemes: These 2015 NBA Semifinals' Top Teams in Review.

#Cavs #Warriors #Rockets #Hawks http://t.co/cmNRfCafQV
Sun May 10 19:34:33 +0000 2015,RT @NBAMemes: These 2015 NBA Semifinals' Top Teams in Review.

#Cavs #Warriors #Rockets #Hawks http://t.co/cmNRfCafQV
Sun May 10 19:33:50 +0000 2015,RT @NBAMemes: These 2015 NBA Semifinals' Top Teams in Review.

#Cavs #Warriors #Rockets #Hawks http://t.co/cmNRfCafQV
Sun May 10 19:33:41 +0000 2015,RT @NBAMemes: These 2015 NBA Semifinals' Top Teams in Review.

#Cavs #Warriors #Rockets #Hawks http://t.co/cmNRfCafQV
Sun May 10 19:33:27 +0000 2015,RT @NBAMemes: These 2015 NBA Semifinals' Top Teams in Review.

#Cavs #Warriors #Rockets #Hawks http://t.co/cmNRfCafQV
Sun May 10 19:32:37 +0000 2015,RT @NBAMemes: These 2015 NBA Semifinals' Top Teams in Review.

#Cavs #Warriors #Rockets #Hawks http://t.co/cmNRfCafQV
Sun May 10 19:32:04 +0000 2015,L L #NBA #DwightHoward DWIGHT HOWARD 2004 NBA RC Fleer Tradition BASKETBALL ROOKIE CARD Magic Rockets #Rockets‚Ä¶ http://t.co/S6INhSVjkI
Sun May 10 19:31:43 +0000 2015,RT @NBAMemes: These 2015 NBA Semifinals' Top Teams in Review.

#Cavs #Warriors #Rockets #Hawks http://t.co/cmNRfCafQV
Sun May 10 19:31:41 +0000 2015,RT @NBAMemes: These 2015 NBA Semifinals' Top Teams in Review.

#Cavs #Warriors #Rockets #Hawks http://t.co/cmNRfCafQV
Sun May 10 19:31:18 +0000 2015,RT @NBAMemes: These 2015 NBA Semifinals' Top Teams in Review.

#Cavs #Warriors #Rockets #Hawks http://t.co/cmNRfCafQV
Sun May 10 19:31:14 +0000 2015,Clippers game via Hyde Lounge... 530pst #doitlive #nbaonespn  #staplescenter #lalive #nbaplayoffs #clippers #rockets #nba #la #dtla
Sun May 10 19:30:58 +0000 2015,RT @NBAMemes: These 2015 NBA Semifinals' Top Teams in Review.

#Cavs #Warriors #Rockets #Hawks http://t.co/cmNRfCafQV
Sun May 10 19:30:36 +0000 2015,RT @NBAMemes: These 2015 NBA Semifinals' Top Teams in Review.

#Cavs #Warriors #Rockets #Hawks http://t.co/cmNRfCafQV
Sun May 10 19:30:35 +0000 2015,RT @NBAMemes: These 2015 NBA Semifinals' Top Teams in Review.

#Cavs #Warriors #Rockets #Hawks http://t.co/cmNRfCafQV
Sun May 10 19:30:31 +0000 2015,RT @NBAMemes: These 2015 NBA Semifinals' Top Teams in Review.

#Cavs #Warriors #Rockets #Hawks http://t.co/cmNRfCafQV
Sun May 10 19:29:36 +0000 2015,RT @NBAMemes: These 2015 NBA Semifinals' Top Teams in Review.

#Cavs #Warriors #Rockets #Hawks http://t.co/cmNRfCafQV
Sun May 10 19:29:19 +0000 2015,RT @NBAMemes: These 2015 NBA Semifinals' Top Teams in Review.

#Cavs #Warriors #Rockets #Hawks http://t.co/cmNRfCafQV
Sun May 10 19:29:08 +0000 2015,RT @NBAMemes: These 2015 NBA Semifinals' Top Teams in Review.

#Cavs #Warriors #Rockets #Hawks http://t.co/cmNRfCafQV
Sun May 10 19:29:05 +0000 2015,RT @NBAMemes: These 2015 NBA Semifinals' Top Teams in Review.

#Cavs #Warriors #Rockets #Hawks http://t.co/cmNRfCafQV
Sun May 10 19:28:50 +0000 2015,RT @NBAMemes: These 2015 NBA Semifinals' Top Teams in Review.

#Cavs #Warriors #Rockets #Hawks http://t.co/cmNRfCafQV
Sun May 10 19:28:44 +0000 2015,RT @NBAMemes: These 2015 NBA Semifinals' Top Teams in Review.

#Cavs #Warriors #Rockets #Hawks http://t.co/cmNRfCafQV
Sun May 10 19:28:43 +0000 2015,RT @NBAMemes: These 2015 NBA Semifinals' Top Teams in Review.

#Cavs #Warriors #Rockets #Hawks http://t.co/cmNRfCafQV
Sun May 10 19:28:01 +0000 2015,RT @NBAMemes: These 2015 NBA Semifinals' Top Teams in Review.

#Cavs #Warriors #Rockets #Hawks http://t.co/cmNRfCafQV
Sun May 10 19:27:57 +0000 2015,RT @lasvegasbetting: NBA #Playoffs Game 4 Odds &amp; Free ATS Picks on Houston #Rockets vs Los Angeles #LAClippers on TNT - http://t.co/rWh3Pdt‚Ä¶
Sun May 10 19:27:33 +0000 2015,RT @NBAMemes: These 2015 NBA Semifinals' Top Teams in Review.

#Cavs #Warriors #Rockets #Hawks http://t.co/cmNRfCafQV
Sun May 10 19:27:18 +0000 2015,RT @canalspace: ¬°Hoy vuelve la #NBAenSPACE en VIVO! Compartimos el 4¬∞ juego de #ROCKETS (1) vs #CLIPPERS (2) http://t.co/8iZCyCndSy
Sun May 10 19:27:07 +0000 2015,RT @NBAMemes: These 2015 NBA Semifinals' Top Teams in Review.

#Cavs #Warriors #Rockets #Hawks http://t.co/cmNRfCafQV
Sun May 10 19:27:00 +0000 2015,NBA #Playoffs Game 4 Odds &amp; Free ATS Picks on Houston #Rockets vs Los Angeles #LAClippers on TNT - http://t.co/rWh3PdtG6k
Sun May 10 19:26:44 +0000 2015,RT @NBAMemes: These 2015 NBA Semifinals' Top Teams in Review.

#Cavs #Warriors #Rockets #Hawks http://t.co/cmNRfCafQV
Sun May 10 19:26:14 +0000 2015,RT @NBAMemes: These 2015 NBA Semifinals' Top Teams in Review.

#Cavs #Warriors #Rockets #Hawks http://t.co/cmNRfCafQV
Sun May 10 19:25:45 +0000 2015,RT @NBAMemes: These 2015 NBA Semifinals' Top Teams in Review.

#Cavs #Warriors #Rockets #Hawks http://t.co/cmNRfCafQV
Sun May 10 19:25:40 +0000 2015,RT @NBAMemes: These 2015 NBA Semifinals' Top Teams in Review.

#Cavs #Warriors #Rockets #Hawks http://t.co/cmNRfCafQV
Sun May 10 19:25:25 +0000 2015,RT @NBAMemes: These 2015 NBA Semifinals' Top Teams in Review.

#Cavs #Warriors #Rockets #Hawks http://t.co/cmNRfCafQV
Sun May 10 19:25:20 +0000 2015,RT @NBAMemes: These 2015 NBA Semifinals' Top Teams in Review.

#Cavs #Warriors #Rockets #Hawks http://t.co/cmNRfCafQV
Sun May 10 19:25:00 +0000 2015,RT @NBAMemes: These 2015 NBA Semifinals' Top Teams in Review.

#Cavs #Warriors #Rockets #Hawks http://t.co/cmNRfCafQV
Sun May 10 19:24:31 +0000 2015,RT @NBAMemes: These 2015 NBA Semifinals' Top Teams in Review.

#Cavs #Warriors #Rockets #Hawks http://t.co/cmNRfCafQV
Sun May 10 19:24:06 +0000 2015,RT @NBAMemes: These 2015 NBA Semifinals' Top Teams in Review.

#Cavs #Warriors #Rockets #Hawks http://t.co/cmNRfCafQV
Sun May 10 19:24:05 +0000 2015,#DwightHoward #Deals 2014-15 PANINI COURT KINGS DWIGHT HOWARD SAPPHIRE/25 http://t.co/kTcpUK8oXQ #NBA #Rockets
Sun May 10 19:24:05 +0000 2015,#NBA #DwightHoward 2014-15 PANINI COURT KINGS DWIGHT HOWARD EXPRESSIONISTS SAPPHIRE/25 http://t.co/Mnoq7TJBBT #Rockets #Bargains
Sun May 10 19:23:45 +0000 2015,RT @NBAMemes: These 2015 NBA Semifinals' Top Teams in Review.

#Cavs #Warriors #Rockets #Hawks http://t.co/cmNRfCafQV
Sun May 10 19:23:44 +0000 2015,RT @NBAMemes: These 2015 NBA Semifinals' Top Teams in Review.

#Cavs #Warriors #Rockets #Hawks http://t.co/cmNRfCafQV
Sun May 10 19:22:56 +0000 2015,RT @NBAMemes: These 2015 NBA Semifinals' Top Teams in Review.

#Cavs #Warriors #Rockets #Hawks http://t.co/cmNRfCafQV
Sun May 10 19:22:16 +0000 2015,L L L #NBA #Rockets 2009 #JamesHarden EXQUISITE AUTO #Autograph ROOKIE #Card /225 #Bargains #Deals http://t.co/ZLVTRNBNUI
Sun May 10 19:22:15 +0000 2015,L #NBA #DwightHoward 2008-09 Skybox Close Ups CU Dwight Howard #191 #Rockets #Bargains http://t.co/aLRQSrAdj6
Sun May 10 19:22:10 +0000 2015,These 2015 NBA Semifinals' Top Teams in Review. #Cavs #Warriors #Rockets #Hawks http://t.co/W86brZLsF4 http://t.co/glPHi6YEFF
Sun May 10 19:22:04 +0000 2015,#Houston #Rockets NBA Playoffs 2015: Houston Rockets vs. Los Angeles Clippers Game 4 preview and pr... http://t.co/AjAZzBczSQ #GoRockets
Sun May 10 19:21:43 +0000 2015,RT @NBAMemes: These 2015 NBA Semifinals' Top Teams in Review.

#Cavs #Warriors #Rockets #Hawks http://t.co/cmNRfCafQV
Sun May 10 19:21:29 +0000 2015,RT @NBAMemes: These 2015 NBA Semifinals' Top Teams in Review.

#Cavs #Warriors #Rockets #Hawks http://t.co/cmNRfCafQV
Sun May 10 19:21:18 +0000 2015,RT @NBAMemes: These 2015 NBA Semifinals' Top Teams in Review.

#Cavs #Warriors #Rockets #Hawks http://t.co/cmNRfCafQV
