Sun May 10 19:45:12 +0000 2015,Marreese Speights Leaves Game With Strained Calf http://t.co/jVGKodfXN9 #Suns #NBA
Sun May 10 19:40:03 +0000 2015,Phoenix Suns: NBA Draft Combine List Announced #content #phoenix #draft #suns #nba #floor #post #this #visit http://t.co/pnUoxdzW10
Sun May 10 18:05:09 +0000 2015,The Morris Brothers' Path of Self-Destruction :Foolishness, indeed http://t.co/hvk8rM8PAK #Suns #NBA
Sun May 10 17:36:22 +0000 2015,There was still a chance to see something like this ‚úåÔ∏è‚úåÔ∏è !  (üìçPojok Kota)

#sunday #suns #sunset‚Ä¶ https://t.co/XYbgmXfQ3Y
Sun May 10 17:34:06 +0000 2015,#SBNation #Suns Suns offer promos and bball camps http://t.co/as7p7zkgPM http://t.co/YQ6eiLd3tY
Sun May 10 17:25:08 +0000 2015,Len&amp;#039;s Mother Supported His Childhood Dream http://t.co/Lf26e1oc7S #Suns #NBA
Sun May 10 17:21:47 +0000 2015,Sunset, May 10th 2015 #ig_romania #igersbucharest #igersromania #ig_bucharest #cityscape #clouds #skypainting #suns‚Ä¶ http://t.co/Y4nxyjmhvF
Sun May 10 17:17:40 +0000 2015,Check out Vintage Nike Kentucky Wildcats Rex Chapman Jersey - Sx XXL - All Sewn Authentic http://t.co/0bV0aeLLDT @eBay #Suns #Hornets #KU
Sun May 10 17:07:01 +0000 2015,I must go - my planet needs me! #Suns #NBA #Basketball

Team #friskyfire http://t.co/gpqPlftHrh
Sun May 10 17:04:54 +0000 2015,http://t.co/dveizoxDox [SB Nation: Bright Side Of The Sun] - Phoenix Suns offer Draft Lo #Suns http://t.co/626YgflqY9
Sun May 10 17:01:23 +0000 2015,Phoenix Suns offer Draft Lottery drawing, plus other donation... #Suns #SunsNation http://t.co/tt5xTEbVnT http://t.co/9InD06LFJS
Sun May 10 16:45:07 +0000 2015,Atlantic Draft Notes :Knicks, Nets, Celtics http://t.co/YYiELa3IJr #Suns #NBA
Sun May 10 16:32:19 +0000 2015,RT ‚Üí norcalplane: RT ‚Üí DanielaSamsony: Nicht mehr lange...  #flugzeug #airplane #holiday #vacation #sunlight #suns‚Ä¶ https://t.co/ZpJSjo70vd
Sun May 10 16:27:58 +0000 2015,#Suns Timeline Photos: Happy Mother's Day, from your Suns! ... Timeline Photos. Back to Album... http://t.co/3yRMVZupNm #GoSuns #Phoenix
Sun May 10 16:25:03 +0000 2015,Northwest Notes :Nuggets, Leonard, Donovan http://t.co/59WKT4fsg0 #Suns #NBA
Sun May 10 16:13:05 +0000 2015,#ESPN #Suns On this day, Davis leads Suns over Jazz in conference semifinal clincher http://t.co/segcfDSR7z http://t.co/YQ6eiLd3tY
Sun May 10 16:08:05 +0000 2015,#phoenixsuns #suns #GoSuns #phx Phoenix Suns offer Draft Lottery drawing, plus other donations and events http://t.co/gXSMdmS31g
Sun May 10 15:40:20 +0000 2015,John Wall Out For Game 3 http://t.co/d7MQMNnWdW #Suns #NBA
Sun May 10 15:37:29 +0000 2015,http://t.co/K4uDcju95i RT AmzEarthPics: landscape photography sun sunset tree #landscape #photography #sun #suns‚Ä¶ http://t.co/cfW49azDyF
Sun May 10 15:33:23 +0000 2015,#Coffee Instagram by @donturgol Boosting that already nice sunday =) #Magnum #Black #IceCream #Yummi #Weekend #Suns‚Ä¶ http://t.co/M2R7VglGzX
Sun May 10 15:20:19 +0000 2015,Kyrie Irving Downplays Strained Right Foot http://t.co/TUqxc73Kr3 #Suns #NBA
Sun May 10 15:00:19 +0000 2015,Lakers Plan To Pursue Jimmy Butler http://t.co/hscQStAIfm #Suns #NBA
Sun May 10 14:40:18 +0000 2015,2015 NBA Mock Drafts :The first offering of projections for the Suns 2015 selection http://t.co/RNUcXPLhjx #Suns #NBA
Sun May 10 14:09:43 +0000 2015,RT @DailyNBALineups: #Suns Marcus Thornton was a DNP-CD Saturday.  http://t.co/ojOABVyels
Sun May 10 14:00:17 +0000 2015,Suns Player Reviews :Brandan Wright http://t.co/RssPfo16Sv #Suns #NBA
Sun May 10 13:53:25 +0000 2015,RT @InstaAusBeaches: " Now that she had nothing to lose, she was free". #PauloCoelho #mestre #Coolangatta #Suns‚Ä¶ http://t.co/7V4JABhy4A htt‚Ä¶
Sun May 10 13:52:39 +0000 2015," Now that she had nothing to lose, she was free". #PauloCoelho #mestre #Coolangatta #Suns‚Ä¶ http://t.co/7V4JABhy4A http://t.co/xy7PYbRG15
Sun May 10 13:20:15 +0000 2015,Magic Notes :Nicholson, Draft, Frye http://t.co/EB67LIojR1 #Suns #NBA
Sun May 10 13:00:15 +0000 2015,Warriors Notes :Green, Myers, Iguodala http://t.co/A3KcWVe2iS #Suns #NBA
Sun May 10 12:15:12 +0000 2015,Marreese Speights Leaves Game With Strained Calf http://t.co/jVGKodfXN9 #Suns #NBA
Sun May 10 11:54:11 +0000 2015,RT @dnado: The chillest #NBA player I've ever met! @theborisdiaw @kshah253 #Maya #Scottsdale #Suns #Spurs http://t.co/ZSlNWI7ZE8
Sun May 10 11:50:15 +0000 2015,r1016910„Åï„ÇìÊäïÁ®ø

 „Å®„Å£„Å¶„ÇÇÊ•Ω„Åó„Åã„Å£„Åü„ÅÑ„Å°„Å´„Å°„ÄÇ
ÂÑö„Åè„Å¶Âàá„Å™„ÅÑÁ∑†„ÇÅ„Åè„Åè„Çä„ÅÆÁ©∫„ÄÇ
#Âä†Â∑•„Å™„Åó #suns... 
 https://t.co/udtxvUDRdL

 #yuyake_club http://t.co/UTbgD05UOw
Sun May 10 11:16:22 +0000 2015,Getting apprehensive the #Warriors might go like the heyday of the #SteveNash #Suns. Fun, then done.#NBAPlayoffs #WARRIORSvGRIZZLIES
Sun May 10 11:12:49 +0000 2015,Goran Dragic with an epic prank on the #Suns http://t.co/VaJI41d1yJ http://t.co/KeCl8M92EZ
Sun May 10 10:46:45 +0000 2015,#Suns out, shades on...But which ones to choose!? @LeSpecsofficial and @karenwalker #sunglasses on http://t.co/T8rLlWpKPP now! #happySunday
Sun May 10 10:35:10 +0000 2015,The Morris Brothers' Path of Self-Destruction :Foolishness, indeed http://t.co/hvk8rM8PAK #Suns #NBA
Sun May 10 10:34:33 +0000 2015,Video - Goran Dragic and Baby T prank the #Suns http://t.co/tmmGdStg2e http://t.co/YJxzqdow3X http://t.co/NscEHGoRsk
Sun May 10 10:03:55 +0000 2015,Sunny Sunday primrose hill workout with the boyfriend :-) Own personal trainer!

#sundayworkout #primrosehill #suns‚Ä¶ http://t.co/UV9Y2GXBYp
Sun May 10 09:56:06 +0000 2015,RT @topSuns: Atlantic Draft Notes :Knicks, Nets, Celtics http://t.co/YYiELa3IJr #Suns #NBA
Sun May 10 09:55:08 +0000 2015,Len&amp;#039;s Mother Supported His Childhood Dream http://t.co/Lf26e1oc7S #Suns #NBA
Sun May 10 08:55:04 +0000 2015,Atlantic Draft Notes :Knicks, Nets, Celtics http://t.co/YYiELa3IJr #Suns #NBA
Sun May 10 08:44:23 +0000 2015,http://t.co/wlxergjyuv: Gerald Green Slaps Suns Gorilla Mascot... http://t.co/wA1cV9rqPw #gerald #gorilla #joke #mascot #slaps #sports #suns
Sun May 10 08:42:25 +0000 2015,http://t.co/EEkB0NdMH9: Phoenix Suns vs Memphis... http://t.co/a95G1uliow #grizzlies #highlights #january #memphis #phoenix #suns
Sun May 10 08:30:18 +0000 2015,Dunc'd On Basketball Podcast :May 9th http://t.co/ss4U0Q2PtL #Suns #NBA
Sun May 10 08:10:18 +0000 2015,John Wall Out For Game 3 http://t.co/d7MQMNnWdW #Suns #NBA
Sun May 10 07:50:17 +0000 2015,Kyrie Irving Downplays Strained Right Foot http://t.co/TUqxc73Kr3 #Suns #NBA
Sun May 10 07:46:20 +0000 2015,#suns Your sub sucks. http://t.co/hdQWCRQmXY #reddit
Sun May 10 07:30:16 +0000 2015,Lakers Plan To Pursue Jimmy Butler http://t.co/hscQStAIfm #Suns #NBA
Sun May 10 07:10:15 +0000 2015,2015 NBA Mock Drafts :The first offering of projections for the Suns 2015 selection http://t.co/RNUcXPLhjx #Suns #NBA
Sun May 10 06:30:14 +0000 2015,Suns Player Reviews :Brandan Wright http://t.co/RssPfo16Sv #Suns #NBA
Sun May 10 06:18:26 +0000 2015,http://t.co/dveizoxDox [The Arizona Republic] - Austin Rivers propels Clippers past Rock #Suns http://t.co/OutV1C9Taf
Sun May 10 05:50:13 +0000 2015,Lakers Expected To Pursue Jimmy Butler http://t.co/jgi4KkkNPH #Suns #NBA
Sun May 10 05:46:50 +0000 2015,Just wish the #Suns could be in it
Sun May 10 05:37:23 +0000 2015,RT @NBA_babe: Video - Goran Dragic and Baby T prank the #Suns http://t.co/WKoiR4avf5 http://t.co/V4XTYzqTr6
Sun May 10 05:30:12 +0000 2015,Magic Notes :Nicholson, Draft, Frye http://t.co/EB67LIojR1 #Suns #NBA
Sun May 10 05:10:47 +0000 2015,RT @NBA_babe: Video - Goran Dragic and Baby T prank the #Suns http://t.co/WKoiR4avf5 http://t.co/V4XTYzqTr6
Sun May 10 05:10:03 +0000 2015,Warriors Notes :Green, Myers, Iguodala http://t.co/A3KcWVe2iS #Suns #NBA
Sun May 10 05:05:57 +0000 2015,RT NBA_Sneakers: #Suns Stretching It Out: Tomjanovich only sought a means to guard Phoenix Suns forward Charle... ‚Ä¶ http://t.co/0z1PvJVdpf
Sun May 10 05:02:29 +0000 2015,Video - Goran Dragic and Baby T prank the #Suns http://t.co/WKoiR4avf5 http://t.co/V4XTYzqTr6
Sun May 10 05:01:58 +0000 2015,The #Dbacks bullpen :: The #AZCardinals o-line :: The #Suns center position
Sun May 10 05:00:14 +0000 2015,#Suns Stretching It Out: Tomjanovich only sought a means to guard Phoenix Suns forward Charle... http://t.co/eh0m098CJU #GoSuns #Phoenix
Sun May 10 04:59:12 +0000 2015,RT @D1Locker: #d1lockermedia Warriors vs wizards Mar 23, Stephen Curry in Under Armour Curry One 'Birthday' PE #curry #gsw #suns ‚Ä¶ http://t‚Ä¶
Sun May 10 04:54:55 +0000 2015,RT @D1Locker: #d1lockermedia Warriors vs wizards Mar 23, Stephen Curry in Under Armour Curry One 'Birthday' PE #curry #gsw #suns ‚Ä¶ http://t‚Ä¶
Sun May 10 04:52:17 +0000 2015,RT SmaccTraccz: Our #VEMMA #Verve is the #Phoenix #Suns official energy drink!!!! Now how energized and straight t‚Ä¶ http://t.co/0z1PvJVdpf
Sun May 10 04:50:32 +0000 2015,Our #VEMMA #Verve is the #Phoenix #Suns official energy drink!!!! Now how energized and straight to the bucket is that......
Sun May 10 04:45:13 +0000 2015,Pau Gasol Leaves Game 3 With Hamstring Strain http://t.co/jpHNHMF6sX #Suns #NBA
Sun May 10 04:35:03 +0000 2015,Solar Flares: Top 5 Phoenix Suns stories of the week #suns #phoenix #morris #week #stories #top #plans #suns4 http://t.co/aURcM9udAB
Sun May 10 04:29:20 +0000 2015,RT @dnado: The chillest #NBA player I've ever met! @theborisdiaw @kshah253 #Maya #Scottsdale #Suns #Spurs http://t.co/ZSlNWI7ZE8
Sun May 10 04:28:34 +0000 2015,LeBron changed Cleveland, with GM Griffin... http://t.co/qfXTYUJ9hC¬† #NBA #Phoenix #Suns #cool #‚Ä¶‚Ä¶ http://t.co/ysTkSr6E6J
Sun May 10 04:25:12 +0000 2015,Kyrie Irving Has Played Through Foot Injury Since Game 2 Of 1st Round http://t.co/E7HEqukYRO #Suns #NBA
Sun May 10 04:18:32 +0000 2015,http://t.co/dveizoxDox [The Arizona Republic] - Paul Pierce sinks buzzer-beater to lift  #Suns http://t.co/aoKNwZOCkF
Sun May 10 04:05:54 +0000 2015,RT Phoenix_Fans: LeBron changed Cleveland, with GM Griffin... http://t.co/hgFt4oACUj¬† #NBA #Phoenix #Suns #cool #‚Ä¶ http://t.co/0z1PvJVdpf
Sun May 10 03:55:50 +0000 2015,LeBron changed Cleveland, with GM Griffin... http://t.co/i9RzVpfP3J   #NBA #Phoenix #Suns
Sun May 10 03:54:18 +0000 2015,cotton candy #vscocam #like4like #sky #landscape #city #nature #photograph #vsco #picture #tree #pink #clouds #suns‚Ä¶ http://t.co/bY9enaYDd8
Sun May 10 03:39:13 +0000 2015,RT Phoenix_Fans: LeBron changed Cleveland, with GM Griffin... http://t.co/hgFt4oACUj¬† #NBA #Phoenix #Suns #cool #‚Ä¶ http://t.co/0z1PvJVdpf
Sun May 10 03:37:13 +0000 2015,Check out 2014-15 PANINI THREADS STEVE NASH RARE VETERANS VIEW AUTOGRAPH CARD LAKERS http://t.co/GiLEpG1IqW @eBay #GoLakers #Suns #Broncos
Sun May 10 03:32:00 +0000 2015,The Suns' Morris brothers say they didn't beat up a man following a basketball game at a local gym: http://t.co/mjQV0bL1ll #Suns #KUBB #PHX
Sun May 10 03:30:43 +0000 2015,LeBron changed Cleveland, with GM Griffin... http://t.co/i9RzVoYdF9   #NBA #Phoenix #Suns
Sun May 10 03:10:21 +0000 2015,#Warriors trying to be the new #Suns with MVP Curry playing the role of MVP Steve Nash.
Sun May 10 03:05:10 +0000 2015,The Morris Brothers' Path of Self-Destruction :Foolishness, indeed http://t.co/hvk8rM8PAK #Suns #NBA
Sun May 10 03:00:55 +0000 2015,http://t.co/EEkB0NdMH9: Wholesale Cheap Air Jordan 6 Rings... http://t.co/gljZjytutj #cheap #jordan #phoenix #rings #suns #wholesale
Sun May 10 02:57:48 +0000 2015,@antwanstaley Fed-Ex Forum is nice &amp; Beale ST is next door .... I watch the #Suns come in when I get a chance....
Sun May 10 02:54:34 +0000 2015,#Warriors are like the #Suns come playoffs. #flameout @SteveKerr You need defense to win in the postseason. #NBAPlayoffs @NBA @SteveNash
Sun May 10 02:25:08 +0000 2015,Len&amp;#039;s Mother Supported His Childhood Dream http://t.co/Lf26e1oc7S #Suns #NBA
Sun May 10 02:20:12 +0000 2015,ICYMI, the NBA announced the list of participants in the 2015 draft combine. Who should the #Suns keep an eye on?‚Ä¶ http://t.co/LlVfNCLpxD
Sun May 10 02:18:18 +0000 2015,http://t.co/dveizoxDox [The Arizona Republic] - Pierce sinks buzzer-beater to lift Wizar #Suns http://t.co/9SihFPdFsd
Sun May 10 02:13:50 +0000 2015,Phoenix Suns NBA Kids Basketball Varsity Jacket TODDLER 5T http://t.co/xSBaqA1kVn #ShopEtsy #Suns http://t.co/WpV8DK41O6
Sun May 10 01:57:35 +0000 2015,#suns Karma is a bitch http://t.co/thOd5QUEa6 #reddit
Sun May 10 01:47:00 +0000 2015,RT @ValleyoftheSuns: ICYMI, the NBA announced the list of participants in the 2015 draft combine. Who should the #Suns keep an eye on?

htt‚Ä¶
Sun May 10 01:43:17 +0000 2015,#Suns „ÄêRETWEET„Äë #Followback #Follow #TFB #TFBJP #F4F #FF #Me #Love #TF #Like #MGWV @FollowbackImage http://t.co/b4GCtjzxdx
Sun May 10 01:20:09 +0000 2015,The chillest #NBA player I've ever met! @theborisdiaw @kshah253 #Maya #Scottsdale #Suns #Spurs http://t.co/ZSlNWI7ZE8
Sun May 10 01:20:01 +0000 2015,Aitu Suns http://t.co/fnKbZt8Sgg  #suns #aitu
Sun May 10 00:46:27 +0000 2015,@7aflgameday please check your spelling on your #Suns injury list..... #indefinate #indefinite
Sun May 10 00:20:20 +0000 2015,Dunc'd On Basketball Podcast :May 9th http://t.co/ss4U0Q2PtL #Suns #NBA
Sun May 10 00:18:27 +0000 2015,RT @ValleyoftheSuns: ICYMI, the NBA announced the list of participants in the 2015 draft combine. Who should the #Suns keep an eye on?

htt‚Ä¶
Sun May 10 00:02:04 +0000 2015,ICYMI, the NBA announced the list of participants in the 2015 draft combine. Who should the #Suns keep an eye on?

http://t.co/LH6Fgy7YFh
Sun May 10 00:00:19 +0000 2015,John Wall Unlikely To Play In Game 3 http://t.co/ElVGdQ1GIi #Suns #NBA
Sat May 09 23:50:50 +0000 2015,IG: http://t.co/vCByTm2vDE "#storm #cloud #dark clouds #suns peeking out #hill side #saturday #morning #cloudporn" ~lifesavin1
Sat May 09 23:40:18 +0000 2015,2015 NBA Mock Drafts :The first offering of projections for the Suns 2015 selection http://t.co/RNUcXPLhjx #Suns #NBA
Sat May 09 23:03:56 +0000 2015,http://t.co/UAZXtuwALT: Phoenix Suns vs Philadelphia 76ers Live Stream... http://t.co/jjspldSuSb #online #philadelphia #phoenix #suns #tour
