Sun May 10 19:59:03 +0000 2015,L #TrailBlazers #Cards LaMARCUS ALDRIDGE * PORTLAND TRAILBLAZERS * BASKETBALL CARDS * 9 CARD LOT #Onsale #Card http://t.co/TWc6ej1FZz
Sun May 10 19:58:10 +0000 2015,#TrailBlazers #Buzz Classic Rasheed Wallace Portland Trail Blazers Nike #Jersey Youth Large… http://t.co/LrpU3KIPJw #Deals #Collectibles
Sun May 10 19:58:09 +0000 2015,#NBA #TrailBlazers Classic Rasheed Wallace Portland Trail Blazers Nike #Jersey Youth Large Sewn-on http://t.co/aJnVMEbZSx #Sales #Discount
Sun May 10 19:54:05 +0000 2015,L L #TrailBlazers #Buzz #NBA Portland Trail Blazers Scrub Hat #Deals #Collectibles http://t.co/wFY1PWoMGS
Sun May 10 19:49:08 +0000 2015,#Healthy #WeightLoss 3 Exercises to Help You Effectively Lose Belly Fat http://t.co/et6F93MrE4 #TrailBlazers #Diet
Sun May 10 19:49:07 +0000 2015,L #TrailBlazers #Cards 2014-15 SELECT DAMIAN LILLARD COURTSIDE TIER TRAIL BLAZERS #271 #Onsale #Card http://t.co/RjrfmOo722
Sun May 10 19:46:08 +0000 2015,#TrailBlazers #Cards Damian Lillard Aldridge Double Team Dual Jersey /149 2014-15 Panini Select Relic http://t.co/rfZ3IK1TjY #Onsale #Card
Sun May 10 19:43:16 +0000 2015,L #NBA #TrailBlazers Portland Trailblazers T-shirt XL Teenage Mutant Turtles writing limited edition #Sales… http://t.co/rmwxtrhbAk
Sun May 10 19:41:35 +0000 2015,#TrailBlazers #Buzz Trail Blazers Dairy Queen Collectors Glass Jerome Kersey '93 '94 http://t.co/ZHeMPteHOE #Deals #Collectibles
Sun May 10 19:41:35 +0000 2015,#NBA #TrailBlazers Trail Blazers Dairy Queen Collectors Glass Jerome Kersey '93 '94 http://t.co/B1SPMNwRCE #Sales #Discount
Sun May 10 19:37:08 +0000 2015,#portland #trailblazers #RipCity Damian Lillard Shares Special Bond With His Mother http://t.co/XeOo7DVIsu
Sun May 10 19:37:04 +0000 2015,Damian Lillard Shares Special Bond With His Mother #TrailBlazers #Blazers http://t.co/bKkR1owpsB http://t.co/tUWici24u1
Sun May 10 19:32:04 +0000 2015,L #TrailBlazers #Cards Portland Trail Blazers 2014-15 Donruss Hobby Bag 1Box Break 77 #Onsale #Card http://t.co/MQqnegD74b
Sun May 10 19:29:03 +0000 2015,#TrailBlazers #Cards GREG ODEN 08-09 Upper Deck Starquest Card #SQ-26 (Un-Common) http://t.co/c1QuJElyuV #Onsale #Card
Sun May 10 19:22:12 +0000 2015,L #TrailBlazers #Buzz Portland Trail Blazers #NBA #Basketball #Adidas Warm Up Shirt #Jersey… #Deals #Collectibles http://t.co/JSSlynEIir
Sun May 10 19:19:18 +0000 2015,#Healthy #WeightLoss Garcinia Cambogia for Weight Loss Results http://t.co/zU1sm0JolG #TrailBlazers #Diet
Sun May 10 19:16:06 +0000 2015,L L #TrailBlazers #Cards 2006-07 Topps Lamarcus Aldridge Rookie Card RC #241 TRAILBLAZERS #Onsale #Card http://t.co/NRJoeGUDl8
Sun May 10 19:13:14 +0000 2015,#TrailBlazers #Cards LaMARCUS ALDRIDGE * PORTLAND TRAILBLAZERS * BASKETBALL CARDS * 9 CARD LOT http://t.co/wiopWOamx4 #Onsale #Card
Sun May 10 19:10:34 +0000 2015,L #TrailBlazers #Cards 2014-15 Select Damian Lillard &amp;amp; LaMarcus Aldridge 4-Break "Tie-Dye" Patch #11/25 #Onsale… http://t.co/VqIGYfB8nr
Sun May 10 19:04:33 +0000 2015,L L #NBA #Basketball 2006-07 Topps Lamarcus Aldridge Rookie Card RC #241 #TrailBlazers #Cards #Card http://t.co/EccEmZgxfH
Sun May 10 19:04:06 +0000 2015,#Healthy #WeightLoss Probing the Expectation of Bene#fits of Chinese Slimming Pills http://t.co/Zapo35SdxB #TrailBlazers #Diet
Sun May 10 18:59:35 +0000 2015,L #TrailBlazers #Buzz #NBA Portland Trail Blazers Scrub Hat #Deals #Collectibles http://t.co/S1gcH38Bz8
Sun May 10 18:58:04 +0000 2015,#TrailBlazers #Cards 2014-15 SELECT DAMIAN LILLARD COURTSIDE TIER TRAIL BLAZERS #271 http://t.co/kGdbeWY1Dx #Onsale #Card
Sun May 10 18:53:07 +0000 2015,#Sporting #Goods Portland #TrailBlazers T-shirt XL Teenage Mutant Turtles writing limited edition http://t.co/wRSGY3OepZ #Portland
Sun May 10 18:53:06 +0000 2015,#TrailBlazers #Buzz Portland Trailblazers T-shirt XL Teenage Mutant Turtles writing limited… http://t.co/m42PY0cDxg #Deals #Collectibles
Sun May 10 18:53:05 +0000 2015,#NBA #TrailBlazers Portland Trailblazers T-shirt XL Teenage Mutant Turtles writing limited edition http://t.co/X5Q83lVhSZ #Sales #Discount
Sun May 10 18:47:00 +0000 2015,Everything you never knew about #VS angels. They're fierce! #Trailblazers http://t.co/ql9ZrPSRs6
Sun May 10 18:44:34 +0000 2015,L L #Sporting #Goods Men's Portland #TrailBlazers western conference cotton t-shirt black SZ 3X #Portland http://t.co/bl0iccHYba
Sun May 10 18:41:34 +0000 2015,#TrailBlazers #Cards Portland Trail Blazers 2014-15 Donruss Hobby Bag 1Box Break 77 http://t.co/Uk5oPTHdrT #Onsale #Card
Sun May 10 18:39:04 +0000 2015,L L #NBA #TrailBlazers Men's Portland trailblazers western conference cotton t-shirt black SZ 3X #Sales #Discount http://t.co/X26zQaN1oi
Sun May 10 18:37:36 +0000 2015,#TrailBlazers #Buzz Portland Trail Blazers #NBA #Basketball #Adidas Warm Up Shirt #Jersey… http://t.co/dOaiOxDqeT #Deals #Collectibles
Sun May 10 18:37:34 +0000 2015,#NBA #TrailBlazers Portland Trail Blazers NBA #Basketball #Adidas Warm Up Shirt #Jersey Youth… http://t.co/wi3hsnIR3U #Sales #Discount
Sun May 10 18:34:06 +0000 2015,L #TrailBlazers #Cards 2006-07 Topps Lamarcus Aldridge Rookie Card RC #241 TRAILBLAZERS #Onsale #Card http://t.co/mKM8TmvR0N
Sun May 10 18:32:35 +0000 2015,#Healthy #WeightLoss How to Lose Weight Naturally In a Short Time http://t.co/AdK7iSGpo2 #TrailBlazers #Diet
Sun May 10 18:25:34 +0000 2015,#TrailBlazers #Cards 2014-15 Select Damian Lillard &amp; LaMarcus Aldridge 4-Break "Tie-Dye" Patch #11/25 http://t.co/2Hz9LsdUKe #Onsale #Card
Sun May 10 18:23:35 +0000 2015,L #NBA #Basketball 2006-07 Topps Lamarcus Aldridge Rookie Card RC #241 #TrailBlazers #Cards #Card http://t.co/Cen6KBfuVT
Sun May 10 18:22:09 +0000 2015,#TrailBlazers #Buzz #NBA Portland Trail Blazers Scrub Hat http://t.co/gob5KMixI6 #Deals #Collectibles
Sun May 10 18:22:09 +0000 2015,#NBA #TrailBlazers NBA Portland Trail Blazers Scrub Hat http://t.co/9Quw4QUdHP #Sales #Discount
Sun May 10 18:16:10 +0000 2015,#Healthy #WeightLoss Top 5 Life Changing Habits for Successfully Losing Weight and Being Able… http://t.co/7Vdu5AgPGl #TrailBlazers #Diet
Sun May 10 18:10:09 +0000 2015,#TrailBlazers #Cards 2013-14 Totally Certified CJ McCollum Gold Rookie Card 9/25 Graded http://t.co/WvbTCqpmdU #Onsale #Card
Sun May 10 17:58:07 +0000 2015,L #Sporting #Goods Men's Portland #TrailBlazers western conference cotton t-shirt black SZ 3X #Portland http://t.co/8YPugmolkc
Sun May 10 17:54:05 +0000 2015,#NBA #Basketball 1995-96 SkyBox Arvydas Sabonis RC / #TrailBlazers http://t.co/NGuDJ5ECAL #Cards #Card
Sun May 10 17:54:05 +0000 2015,#TrailBlazers #Cards Two 1990 Collector Issue Cards Franz Fleer Portland Trail Blazers Clyde Drexler http://t.co/LOSN1N6JtU #Onsale #Card
Sun May 10 17:52:33 +0000 2015,L #NBA #TrailBlazers Men's Portland trailblazers western conference cotton t-shirt black SZ 3X #Sales #Discount http://t.co/0Zx4OeNiGD
Sun May 10 17:46:38 +0000 2015,#Healthy #WeightLoss Bee Spore Weight Loss - Get Active and Melt Off the Wise and Correct Means http://t.co/QQZm2d3oSC #TrailBlazers #Diet
Sun May 10 17:38:04 +0000 2015,#TrailBlazers #Cards 2006-07 Topps Lamarcus Aldridge Rookie Card RC #241 TRAILBLAZERS http://t.co/JCZZZa9BdX #Onsale #Card
Sun May 10 17:37:13 +0000 2015,L #TrailBlazers #Cards Damian Lillard 2012-13 Leaf Ultimate Bronze RC Auto BGS 10 10 Pristine Pop 1 #Onsale #Card http://t.co/xGLAh90WqD
Sun May 10 17:31:08 +0000 2015,L L L #TrailBlazers #Cards 1988-89 Fleer Stickers CLYDE DREXLER Portland Trailblazers NM-MT #Onsale #Card http://t.co/eG4fnRt8wz
Sun May 10 17:21:05 +0000 2015,#NBA #Basketball 2006-07 Topps Lamarcus Aldridge Rookie Card RC #241 #TrailBlazers http://t.co/ITQarmKNwL #Cards #Card
Sun May 10 17:21:04 +0000 2015,#TrailBlazers #Cards 1986-87 FLEER #117 KIKI VANDEWEGHE TRAIL BLAZERS http://t.co/3DeeQLNVYp #Onsale #Card
Sun May 10 17:20:35 +0000 2015,L #TrailBlazers #Cards LAMARCUS ALDRIDGE 2006-07 FINEST ROOKIE REFRACTOR BGS 9.5 GEM MINT PORTLAND #Onsale #Card http://t.co/0kuQO6yPSf
Sun May 10 17:16:16 +0000 2015,#Healthy #WeightLoss Bee Spore Weight Loss - Get Active and Melt Off the Wise and Correct Means http://t.co/8vwOuA8fAU #TrailBlazers #Diet
Sun May 10 17:16:15 +0000 2015,L L #NBA #Basketball Skybox NBA Rick Adelman Portland #TrailBlazers 322 Series II 1990-91 Blazers #Cards #Card http://t.co/jdhwyzIWa3
Sun May 10 17:05:35 +0000 2015,#TrailBlazers #Cards 2000-01 Topps Chrome Basketball Scottie Pippen Portland Trail Blazers #22 http://t.co/77baToBooK #Onsale #Card
Sun May 10 17:01:35 +0000 2015,#Sporting #Goods Men's Portland #TrailBlazers western conference cotton t-shirt black SZ 3X http://t.co/BYG8F1PUbq #Portland
Sun May 10 17:01:34 +0000 2015,#TrailBlazers #Buzz Men's Portland trailblazers western conference cotton t-shirt black SZ 3X http://t.co/ozSJbcYtkr #Deals #Collectibles
Sun May 10 17:01:34 +0000 2015,#NBA #TrailBlazers Men's Portland trailblazers western conference cotton t-shirt black SZ 3X http://t.co/pTifUT8JfJ #Sales #Discount
Sun May 10 17:01:06 +0000 2015,#Healthy #WeightLoss Probing the Expectation of Bene#fits of Chinese Slimming Pills http://t.co/p0d1AxaxYz #TrailBlazers #Diet
Sun May 10 16:55:08 +0000 2015,L #TrailBlazers #Cards 2012-13 Panini Past &amp;amp; Present # 14 LaMarcus Aldridge Variation Trailblazers #Onsale #Card http://t.co/hgklfGDaAA
Sun May 10 16:49:21 +0000 2015,#TrailBlazers #Cards Damian Lillard 2012-13 Leaf Ultimate Bronze RC Auto BGS 10 10 Pristine Pop 1 http://t.co/ncHncMXlpJ #Onsale #Card
Sun May 10 16:49:20 +0000 2015,L L #TrailBlazers #Cards 1988-89 Fleer Stickers CLYDE DREXLER Portland Trailblazers NM-MT #Onsale #Card http://t.co/TVOeFZqMRQ
Sun May 10 16:47:21 +0000 2015,#Healthy #WeightLoss Learn About Weight Loss by Hypnosis http://t.co/9y2IwHFR50 #TrailBlazers #Diet … http://t.co/a89vDk8DKq
Sun May 10 16:46:35 +0000 2015,#Healthy #WeightLoss Learn About Weight Loss by Hypnosis http://t.co/8w7TpQnxZw #TrailBlazers #Diet
Sun May 10 16:37:33 +0000 2015,L #TrailBlazers #Cards 2014-2015 Prizm Kenny Anderson RED Auto 1/1 Jersey # 7/99 Trailblazers RARE! #Onsale #Card http://t.co/Vm551uG6iV
Sun May 10 16:34:05 +0000 2015,#TrailBlazers #Cards LAMARCUS ALDRIDGE 2006-07 FINEST ROOKIE REFRACTOR BGS 9.5 GEM MINT PORTLAND http://t.co/3aREVn5G6b #Onsale #Card
Sun May 10 16:31:12 +0000 2015,L L #TrailBlazers #Cards TERRY PORTER 2012 13 TIMELESS TREASURES SIGNATURES TRAILBLAZERS AUTO/199 #Onsale #Card http://t.co/wYKXhWMwCq
Sun May 10 16:22:12 +0000 2015,L #NBA #Basketball Skybox NBA Rick Adelman Portland #TrailBlazers 322 Series II 1990-91 Blazers #Cards #Card http://t.co/ZzHoEXesFS
Sun May 10 16:17:34 +0000 2015,#TrailBlazers #Cards 2005-06 SP Game Used Patch Sebastian Telfair Patch!! 37/59! SP Portland http://t.co/D9PtHusuCl #Onsale #Card
Sun May 10 16:17:11 +0000 2015,#TrailBlazers #Blazers PF-C Meyers Leonard's goals this offseason are to improve his rebounding and his defensive ability.
Sun May 10 16:16:08 +0000 2015,#Healthy #WeightLoss How To Lose Belly Fat For Women Over 35 http://t.co/Nar2nyzd1d #TrailBlazers #Diet
Sun May 10 16:13:16 +0000 2015,#TrailBlazers #Buzz Blazers #Basketball Shorts http://t.co/JIOsHyjYjo #Deals #Collectibles
Sun May 10 16:13:16 +0000 2015,#NBA #TrailBlazers Blazers #Basketball Shorts http://t.co/zNbT27MCP5 #Sales #Discount
Sun May 10 16:11:10 +0000 2015,L #TrailBlazers #Cards 1995-96 SkyBox Arvydas Sabonis RC / Trailblazers #Onsale #Card http://t.co/wVrtSyvflZ
Sun May 10 16:05:04 +0000 2015,L L L #NBA #Basketball Skybox NBA Terry Porter Portland #TrailBlazers 238 Series II 1990-91 Blazers #Cards #Card http://t.co/tuQ7V2POj1
Sun May 10 16:02:10 +0000 2015,#TrailBlazers #Cards 2012-13 Panini Past &amp; Present # 14 LaMarcus Aldridge Variation Trailblazers http://t.co/supkeiqKl6 #Onsale #Card
Sun May 10 16:00:06 +0000 2015,#Healthy #WeightLoss First Person: A fat girl gets naked http://t.co/uSZvPjIvTa #TrailBlazers #Diet
Sun May 10 15:59:06 +0000 2015,L #NBA #Basketball 2013-14 Select Scottie Pippen Select Swatches Jersey Portland #TrailBlazers #Cards #Card http://t.co/EJ73HBSTif
Sun May 10 15:53:04 +0000 2015,L #TrailBlazers #Cards 1988-89 Fleer Stickers CLYDE DREXLER Portland Trailblazers NM-MT #Onsale #Card http://t.co/f8IYl5fa36
Sun May 10 15:46:34 +0000 2015,#TrailBlazers #Cards 2014-2015 Prizm Kenny Anderson RED Auto 1/1 Jersey # 7/99 Trailblazers RARE! http://t.co/SYy9PT81uR #Onsale #Card
Sun May 10 15:42:06 +0000 2015,L #NBA #Basketball 2012-13 Panini Past &amp;amp; Present # 14 LaMarcus Aldridge Variation #TrailBlazers #Cards #Card http://t.co/KbxftUlpOJ
Sun May 10 15:37:06 +0000 2015,L #TrailBlazers #Cards TERRY PORTER 2012 13 TIMELESS TREASURES SIGNATURES TRAILBLAZERS AUTO/199 #Onsale #Card http://t.co/JPLUiU7MEl
Sun May 10 15:31:34 +0000 2015,#Healthy #WeightLoss Doc Offers Glimpse Into Arena Pharma Weight-Loss Combination Therapy http://t.co/7CMI3MzIlW #TrailBlazers #Diet
Sun May 10 15:31:34 +0000 2015,#NBA #Basketball Skybox NBA Rick Adelman Portland #TrailBlazers 322 Series II 1990-91 Blazers http://t.co/xeq6k0xHjX #Cards #Card
Sun May 10 15:31:32 +0000 2015,#TrailBlazers #Cards Blazers LaMarcus Aldridge 18card lot. Nice mix, no dupes. Great Value http://t.co/373o9WNELY #Onsale #Card
Sun May 10 15:25:36 +0000 2015,L #NBA #TrailBlazers NBA BARBIE DOLL "PORTLAND TRAIL BLAZERS"..COLLECTIBLE #Sales #Discount http://t.co/H3I1d31jwn
Sun May 10 15:15:06 +0000 2015,#Healthy #WeightLoss How To Quickly Lose 8-10 Pounds In 7 Days For A Special Event http://t.co/gfQ8WoiN90 #TrailBlazers #Diet
Sun May 10 15:15:05 +0000 2015,L #TrailBlazers #Cards 2014-15 Panini Select Damian Lillard Orange and Red Prizm Refractor #Onsale #Card http://t.co/GMwt6VqvlC
Sun May 10 15:15:04 +0000 2015,#TrailBlazers #Cards 1995-96 SkyBox Arvydas Sabonis RC / Trailblazers http://t.co/1TSxN2VX3E #Onsale #Card
Sun May 10 15:10:10 +0000 2015,L L #NBA #Basketball Skybox NBA Terry Porter Portland #TrailBlazers 238 Series II 1990-91 Blazers #Cards #Card http://t.co/9dTJFtZvYo
Sun May 10 15:04:10 +0000 2015,L L #TrailBlazers #Cards 2012-13 Momentum Basketball ~ Nolan Smith ~ Trail Blazers ~ Rookie #Autograph #10 #Onsale… http://t.co/H5EDUid57F
Sun May 10 15:00:07 +0000 2015,#Healthy #WeightLoss First Person: A fat girl gets naked http://t.co/5jsMwWS9HX #TrailBlazers #Diet
Sun May 10 14:58:36 +0000 2015,#NBA #Basketball 2013-14 Select Scottie Pippen Select Swatches Jersey Portland #TrailBlazers http://t.co/C8gELUzje6 #Cards #Card
Sun May 10 14:58:35 +0000 2015,#TrailBlazers #Cards 1988-89 Fleer Stickers CLYDE DREXLER Portland Trailblazers NM-MT http://t.co/UA0d9dWeHU #Onsale #Card
Sun May 10 14:44:10 +0000 2015,#Healthy #WeightLoss How To Quickly Lose 8-10 Pounds In 7 Days For A Special Event http://t.co/109YMaHfip #TrailBlazers #Diet
Sun May 10 14:44:09 +0000 2015,L #NBA #TrailBlazers Portland Trail Blazers Lillard #0 Swingman Alternate #Jersey - Mens Size L #Sales #Discount http://t.co/uJ1zlc1POk
Sun May 10 14:43:04 +0000 2015,#NBA #Basketball 2012-13 Panini Past &amp; Present # 14 LaMarcus Aldridge Variation #TrailBlazers http://t.co/jvd86KOJEw #Cards #Card
Sun May 10 14:43:03 +0000 2015,#TrailBlazers #Cards TERRY PORTER 2012 13 TIMELESS TREASURES SIGNATURES TRAILBLAZERS AUTO/199 http://t.co/GSpWzaQdY8 #Onsale #Card
Sun May 10 14:37:34 +0000 2015,#TrailBlazers #Buzz #NBA BARBIE DOLL "PORTLAND TRAIL BLAZERS"..COLLECTIBLE http://t.co/Nbm9feRQe9 #Deals #Collectibles
Sun May 10 14:37:33 +0000 2015,#NBA #TrailBlazers NBA BARBIE DOLL "PORTLAND TRAIL BLAZERS"..COLLECTIBLE http://t.co/VYhIfXnFW5 #Sales #Discount
Sun May 10 14:28:23 +0000 2015,#Healthy #WeightLoss How To Lose Belly Fat For Women Over 35 http://t.co/0GLhfTl4PT #TrailBlazers #Diet
