Sun May 10 19:37:21 +0000 2015,By :Marty Susman| http://t.co/s85hI3s2ta #NBA #TWolves
Sun May 10 19:37:06 +0000 2015,#Timberwolves #TWolves #Wolves NBA Playoffs: Cavaliers at Bulls, Rockets at Clippers http://t.co/8UmCySQ7sh
Sun May 10 19:35:04 +0000 2015,RT @DWolfsonKSTP: One correction from a few days ago: no Okafor in Chicago at all this week. #Twolves will connect with later. Will intervi…
Sun May 10 18:27:17 +0000 2015,Wolves Big Board, 2012| http://t.co/WbEI0btHeZ #NBA #TWolves
Sun May 10 17:33:23 +0000 2015,One correction from a few days ago: no Okafor in Chicago at all this week. #Twolves will connect with later. Will interview up to 18 others.
Sun May 10 16:55:41 +0000 2015,http://t.co/LpVHdHWD04 PAIR OF MINNESOTA TIMBERWOLVES CLEAR GLASSES TUMBLERS with TEAM #TWolves http://t.co/24W9D0WBar
Sun May 10 16:40:11 +0000 2015,@DWolfsonKSTP @DrewHanlen #twolves - shooting has little to do with mechanics, must have confidence, I'm sure Drew is providing that too
Sun May 10 16:19:54 +0000 2015,#TWolves #Timberwolves SF-SG Chase Budinger said his left knee hasn't felt better in years.
Sun May 10 16:07:10 +0000 2015,NBA Playoffs :Hawks at Wizards, Warriors at Grizzlies| http://t.co/kOOaqsGpyi #NBA #TWolves
Sun May 10 16:03:06 +0000 2015,Running Out Of Time Gold Standard Basketball Andrew #Wiggins #MarcusSmart #Embiid Relic  http://t.co/4DPbxQXFGJ via @eBay #Celtics #Twolves
Sun May 10 15:32:08 +0000 2015,NBA Predictions| http://t.co/Tvho5s69EL #NBA #TWolves
Sun May 10 15:12:24 +0000 2015,5 grandes hitos de Wiggins en Minnesota| http://t.co/vrOPCJKEwi #NBA #TWolves
Sun May 10 14:08:06 +0000 2015,#Timberwolves #TWolves #Wolves Northwest Notes: Nuggets, Leonard, Donovan http://t.co/NgGOoevfgi
Sun May 10 14:02:19 +0000 2015,Blue Jays, Bills, Timberwolves and Oilers Are Parched in the Postseason| http://t.co/xYwQXe19Vn #NBA #TWolves
Sun May 10 13:08:04 +0000 2015,#Timberwolves #TWolves #Wolves New Minnesota Timberwolves Rumors. Sunday, May 10 2015 http://t.co/PnQzUkxIX5
Sun May 10 11:46:27 +0000 2015,RT @DWolfsonKSTP: Anthony Bennett training w/ @DrewHanlen, Wiggins/LaVine's guy. In Santa Barbara now. Fixing shot mechanics + wants to los…
Sun May 10 11:42:05 +0000 2015,RT @DWolfsonKSTP: Anthony Bennett training w/ @DrewHanlen, Wiggins/LaVine's guy. In Santa Barbara now. Fixing shot mechanics + wants to los…
Sun May 10 11:07:10 +0000 2015,NBA Playoffs :Cavaliers at Bulls, Rockets at Clippers| http://t.co/u7sj1b7B08 #NBA #TWolves
Sun May 10 09:57:29 +0000 2015,NBA Playoffs Nightly Recap | May 6| http://t.co/8KsKPbt0qa #NBA #TWolves
Sun May 10 09:22:27 +0000 2015,Thunder&amp;#8217;s Playoff Streak Ends at 5 Years| http://t.co/qHXJPOMtuv #NBA #TWolves
Sun May 10 06:46:09 +0000 2015,http://t.co/y2mpdiy2PY [Pioneer Press] - Bulls, Clippers looking to take command in Game  #NBA #TWolves http://t.co/6C2Uv84jjo
Sun May 10 06:04:56 +0000 2015,http://t.co/LpVHdHWD04 RARE MINNESOTA TIMBERWOLVES KEVIN LOVE BASKETBALL JERSEY SHIRT  #TWolves http://t.co/jUjal3azlq
Sun May 10 04:55:10 +0000 2015,http://t.co/qbG97MyA7H Paul Pierce's banked-in buzzer-beater lifts Wizards past Hawks 103 #NBA #TWolves http://t.co/q7673q7tlj
Sun May 10 04:06:43 +0000 2015,http://t.co/y2mpdiy2PY [Pioneer Press] - Randolph scores 22 points, Gasol adds 21 as Griz #NBA #TWolves http://t.co/dlU66nmFlh
Sun May 10 02:57:33 +0000 2015,By :Marty Susman| http://t.co/s85hI3s2ta #NBA #TWolves
Sun May 10 02:46:23 +0000 2015,#Timberwolves #TWolves Paul Pierce's banked-in buzzer-beater lifts Wizards past Hawks 103-101 for 2-1 series l.. http://t.co/kYNjZfdlZT
Sun May 10 02:41:22 +0000 2015,#Timberwolves #TWolves Bulls' Gasol questionable for Game 4 against Cavaliers because of strained left hamstring http://t.co/GBkO3WlWmQ
Sun May 10 02:37:03 +0000 2015,#Timberwolves #TWolves Chris Paul set to play for Clippers in Game 4 against Rockets on Sunday http://t.co/CNCk2XX4ql
Sun May 10 02:22:31 +0000 2015,Wolves Big Board, 2012| http://t.co/WbEI0btHeZ #NBA #TWolves
Sun May 10 01:31:34 +0000 2015,1989: Michael Jordan gets 45 pts against the inaugural #Twolves. Tyrone Corbin was just watching... https://t.co/2yDQnrcEO8 @mnbuckets
Sun May 10 01:25:12 +0000 2015,http://t.co/y2mpdiy2PY [Pioneer Press] - Paul Pierce's banked-in buzzer-beater lifts Wiza #NBA #TWolves http://t.co/dBcT33FhwV
Sun May 10 01:12:28 +0000 2015,Blue Jays, Bills, Timberwolves and Oilers Are Parched in the Postseason| http://t.co/xYwQXe19Vn #NBA #TWolves
Sun May 10 00:08:08 +0000 2015,Wolves’ Positional Breakdown: Point Guard: This is Part One of a five-part series that will examine e... http://t.co/XynNqnvnE5 #TWolves
Sun May 10 00:02:24 +0000 2015,NBA Predictions| http://t.co/Tvho5s69EL #NBA #TWolves
Sun May 10 00:02:05 +0000 2015,In between playoff games, check out an overview of the Wolves' point guard depth chart: http://t.co/gaAH9w100J #Twolves
Sat May 09 22:53:28 +0000 2015,http://t.co/y2mpdiy2PY [SB Nation: Canis Hoopus] - NBA Playoffs: Hawks at Wizards, Warrio #NBA #TWolves http://t.co/86FFRFoRyH
Sat May 09 21:07:19 +0000 2015,#Timberwolves #TWolves #Wolves NBA Playoffs: Hawks at Wizards, Warriors at Grizzlies http://t.co/Ro6s185WxP
Sat May 09 20:32:12 +0000 2015,NBA fines Clippers' Barnes for inappropriate language to mother of Rockets star Harden| http://t.co/RqbrJf6NSc #NBA #TWolves
Sat May 09 20:12:25 +0000 2015,NBA Playoffs :Cavaliers at Bulls, Rockets at Clippers| http://t.co/u7sj1b7B08 #NBA #TWolves
Sat May 09 19:48:20 +0000 2015,Here are the results of the #AfroBasket2015 draw.

Has anyone heard about Gorgui Dieng participation? #Twolves http://t.co/TrqJ66OnZM
Sat May 09 18:27:19 +0000 2015,5 grandes hitos de Wiggins en Minnesota| http://t.co/vrOPCJKEwi #NBA #TWolves
Sat May 09 18:13:30 +0000 2015,RT @OurTimberwolves: http://t.co/y2mpdiy2PY [Fansided: Dunking with Wolves] - Nemanja Bjelica named to All-Eur #NBA #TWolves http://t.co/a4…
Sat May 09 17:46:49 +0000 2015,Nemanja Bjelica named to All-Euroleague First Team: This past week, Minnesota Timberwolves draftee Ne... http://t.co/pVVrG7tiDH #TWolves
Sat May 09 17:37:22 +0000 2015,http://t.co/y2mpdiy2PY [Fansided: Dunking with Wolves] - Nemanja Bjelica named to All-Eur #NBA #TWolves http://t.co/a4nZqAyA5r
Sat May 09 17:11:39 +0000 2015,RT @DWolfsonKSTP: Anthony Bennett training w/ @DrewHanlen, Wiggins/LaVine's guy. In Santa Barbara now. Fixing shot mechanics + wants to los…
Sat May 09 16:58:51 +0000 2015,RT @DWolfsonKSTP: Anthony Bennett training w/ @DrewHanlen, Wiggins/LaVine's guy. In Santa Barbara now. Fixing shot mechanics + wants to los…
Sat May 09 16:57:05 +0000 2015,RT @DWolfsonKSTP: Anthony Bennett training w/ @DrewHanlen, Wiggins/LaVine's guy. In Santa Barbara now. Fixing shot mechanics + wants to los…
Sat May 09 16:55:30 +0000 2015,RT @DWolfsonKSTP: Anthony Bennett training w/ @DrewHanlen, Wiggins/LaVine's guy. In Santa Barbara now. Fixing shot mechanics + wants to los…
Sat May 09 16:52:07 +0000 2015,RT @DWolfsonKSTP: Anthony Bennett training w/ @DrewHanlen, Wiggins/LaVine's guy. In Santa Barbara now. Fixing shot mechanics + wants to los…
Sat May 09 16:51:15 +0000 2015,RT @TWolves_news: No Ceilings :Andrew Wiggins' Offense Could Defy Projections Next Season| http://t.co/4d8gyFDsgj #NBA #TWolves
Sat May 09 16:48:34 +0000 2015,RT @DWolfsonKSTP: Anthony Bennett training w/ @DrewHanlen, Wiggins/LaVine's guy. In Santa Barbara now. Fixing shot mechanics + wants to los…
Sat May 09 16:46:22 +0000 2015,@DWolfsonKSTP You have any math major followers, Doogie? Odds that #Twolves get one of top 2 picks? Found odds for top 3 - 64.3%.
Sat May 09 16:42:13 +0000 2015,No Ceilings :Andrew Wiggins' Offense Could Defy Projections Next Season| http://t.co/4d8gyFDsgj #NBA #TWolves
Sat May 09 16:14:22 +0000 2015,Report: #TWolves #Timberwolves PF Anthony Bennett is taking steps to improve upon his conditioning, focusing on fixing his shot mechanics.
Sat May 09 16:13:44 +0000 2015,#TWolves #Timberwolves PF Anthony Bennett has already started training in Santa Barbara, hoping to lose 15 lbs.
Sat May 09 16:11:58 +0000 2015,RT @DWolfsonKSTP: Anthony Bennett training w/ @DrewHanlen, Wiggins/LaVine's guy. In Santa Barbara now. Fixing shot mechanics + wants to los…
Sat May 09 16:03:52 +0000 2015,RT @DWolfsonKSTP: Anthony Bennett training w/ @DrewHanlen, Wiggins/LaVine's guy. In Santa Barbara now. Fixing shot mechanics + wants to los…
Sat May 09 15:57:42 +0000 2015,RT @DWolfsonKSTP: Anthony Bennett training w/ @DrewHanlen, Wiggins/LaVine's guy. In Santa Barbara now. Fixing shot mechanics + wants to los…
Sat May 09 15:49:04 +0000 2015,RT @DWolfsonKSTP: Anthony Bennett training w/ @DrewHanlen, Wiggins/LaVine's guy. In Santa Barbara now. Fixing shot mechanics + wants to los…
Sat May 09 15:48:56 +0000 2015,RT @DWolfsonKSTP: Anthony Bennett training w/ @DrewHanlen, Wiggins/LaVine's guy. In Santa Barbara now. Fixing shot mechanics + wants to los…
Sat May 09 15:45:18 +0000 2015,RT @DWolfsonKSTP: Anthony Bennett training w/ @DrewHanlen, Wiggins/LaVine's guy. In Santa Barbara now. Fixing shot mechanics + wants to los…
Sat May 09 15:44:59 +0000 2015,Anthony Bennett training w/ @DrewHanlen, Wiggins/LaVine's guy. In Santa Barbara now. Fixing shot mechanics + wants to lose 15 lbs. #twolves
Sat May 09 15:00:44 +0000 2015,http://t.co/y2mpdiy2PY [Fansided: Dunking with Wolves] - Timberwolves draft scenarios: se #NBA #TWolves http://t.co/oHzYqurmes
Sat May 09 14:37:23 +0000 2015,Timberwolves and Lynx Weekly Story Roundup| http://t.co/HDEmjSlkmf #NBA #TWolves
Sat May 09 14:17:28 +0000 2015,Timberwolves draft scenarios: selecting 1st-4th: There’s no doubt that the NBA Draft is the key event... http://t.co/dKut7ExvQL #TWolves
Sat May 09 13:27:19 +0000 2015,Wolves Big Board, 2012| http://t.co/WbEI0btHeZ #NBA #TWolves
Sat May 09 11:52:49 +0000 2015,http://t.co/LpVHdHWD04 Miller-Genuine-Draft Pint Glass-Minnesota-Timberwolves  #TWolves http://t.co/h4UwVat0kU
Sat May 09 09:22:28 +0000 2015,NBA Playoffs Nightly Recap | May 6| http://t.co/8KsKPbt0qa #NBA #TWolves
Sat May 09 09:00:23 +0000 2015,http://t.co/LpVHdHWD04 Minnesota Timberwolves Inagural Season Pin 1989-1990 NBA  #TWolves http://t.co/Mkq47RyYpb
Sat May 09 08:47:26 +0000 2015,By :Marty Susman| http://t.co/s85hI3s2ta #NBA #TWolves
Sat May 09 08:12:24 +0000 2015,Blue Jays, Bills, Timberwolves and Oilers Are Parched in the Postseason| http://t.co/xYwQXe19Vn #NBA #TWolves
Sat May 09 06:58:11 +0000 2015,http://t.co/y2mpdiy2PY [Star Tribune] - Injured point guards having impact in conference  #NBA #TWolves http://t.co/1okFxPzGkF
Sat May 09 05:50:47 +0000 2015,Zach Lavine all dunks of 2014-2015 season #minnesota #timberwolves #twolves #rookie http://t.co/cpWh4nHKjz
Sat May 09 05:13:19 +0000 2015,http://t.co/qbG97MyA7H Rose banks in 3 at buzzer, scores 30 to lift Bulls over Cavaliers  #NBA #TWolves http://t.co/Tg42jqXMIo
Sat May 09 05:04:32 +0000 2015,@IAMCLAAS sweet. I, ahem, am a #TWolves fan cause I'm from Minnesota. But I'm a huge KD fan, and I'm rooting for #GoldenState to win
Sat May 09 04:42:12 +0000 2015,NBA Predictions| http://t.co/Tvho5s69EL #NBA #TWolves
Sat May 09 04:25:05 +0000 2015,http://t.co/y2mpdiy2PY [Pioneer Press] - Rose banks in 3 at buzzer, scores 30 to lift Bul #NBA #TWolves http://t.co/I1vdqL4KNi
Sat May 09 04:08:08 +0000 2015,#Timberwolves #TWolves Rose banks in 3 at buzzer, scores 30 to lift Bulls over Cavaliers 99-96 http://t.co/xkYXJr9PON
Sat May 09 04:07:10 +0000 2015,5 grandes hitos de Wiggins en Minnesota| http://t.co/vrOPCJKEwi #NBA #TWolves
Sat May 09 03:26:34 +0000 2015,Ricky Rubio will have a strong 2015-16 season: Enough is enough. Ricky Rubio has had enough. He’s end... http://t.co/jWsjdAQ49J #TWolves
Sat May 09 02:58:41 +0000 2015,Hard to believe it's almost been 11 years since the #TWolves beat the #Kings to advance to the Western Conf Finals. http://t.co/j4zObkR3yP
Sat May 09 02:57:31 +0000 2015,Blue Jays, Bills, Timberwolves and Oilers Are Parched in the Postseason| http://t.co/xYwQXeiKMV #NBA #TWolves
Sat May 09 02:57:01 +0000 2015,"@BeeHeintzSKOL: Wiggins would have locked down Rose on that play.  Tbh."tough to do from the couch. #twolves
Sat May 09 02:38:55 +0000 2015,I hope the #Bulls lose the series to the #Cavs so that the #Twolves can hire Thibodeau as soon as possible. #NBA
Sat May 09 01:56:09 +0000 2015,http://t.co/y2mpdiy2PY [Star Tribune] - Injured Chris Paul to start Game 3 for Clippers a #NBA #TWolves http://t.co/llcGfg3GEF
Sat May 09 01:47:27 +0000 2015,Who are these guys? NBA playoffs have fresh look as traditional powers watch from the sideline| http://t.co/K6srhUZFaH #NBA #TWolves
Sat May 09 01:17:22 +0000 2015,RT @ShaveenAmedi: “@MNTimberwolves: Happy Valentine's Day, #Twolves fans! http://t.co/4bhaXJ1uwD” @abeyer5
Sat May 09 00:36:07 +0000 2015,#Timberwolves #TWolves NBA fines Clippers' Barnes for inappropriate language to Rockets star Harden's mother http://t.co/uk7uGsgTOf
Sat May 09 00:08:06 +0000 2015,#Timberwolves #TWolves #Wolves NBA Playoffs: Cavaliers at Bulls, Rockets at Clippers http://t.co/Z6fRnE0AI1
Sat May 09 00:02:21 +0000 2015,NBA Playoffs Nightly Recap | May 6| http://t.co/8KsKPbt0qa #NBA #TWolves
Fri May 08 22:52:17 +0000 2015,Wolves Big Board, 2012| http://t.co/WbEI0btHeZ #NBA #TWolves
Fri May 08 22:05:58 +0000 2015,http://t.co/LpVHdHWD04 Kevin Garnett 2003 and 2002 Minnesota Timberwolves SGA Bobblehe #TWolves http://t.co/NXo27OVWdv
Fri May 08 21:39:37 +0000 2015,RT @SiriusXMNBA: Here's the "Big Bad Wolf" #Twolves shirt @badboyhorn44 was telling @TermineRadio about http://t.co/BQKJIGua9s
Fri May 08 21:38:57 +0000 2015,Thoughts on Chad Ford's thoughts on who the Wolves might draft: http://t.co/bp91sVubms #Twolves
Fri May 08 21:38:36 +0000 2015,Here's the "Big Bad Wolf" #Twolves shirt @badboyhorn44 was telling @TermineRadio about http://t.co/BQKJIGua9s
Fri May 08 20:03:27 +0000 2015,http://t.co/y2mpdiy2PY [SB Nation: Canis Hoopus] - Timberwolves and Lynx Weekly Story Rou #NBA #TWolves http://t.co/nGCZBGVUxA
Fri May 08 19:09:21 +0000 2015,#Timberwolves #TWolves #Wolves New Minnesota Timberwolves Rumors. Friday, May 8 2015 http://t.co/PnQzUkxIX5
Fri May 08 19:00:29 +0000 2015,RT @fsnorth: Minnesota #Timberwolves season report card: Chase Budinger #TWolves @PhilErvin http://t.co/Kg34iOLNfh via @fsnorth
Fri May 08 19:00:19 +0000 2015,Minnesota #Timberwolves season report card: Chase Budinger #TWolves @PhilErvin http://t.co/Kg34iOLNfh via @fsnorth
Fri May 08 18:34:37 +0000 2015,RT @TwolvesArmyRu: #Twolves #BigPek http://t.co/z2taoGzGp2
