Sun May 10 19:15:10 +0000 2015,Magic Notes :Nicholson, Draft, Frye http://t.co/tIOO7lsHBm #UtahJazz #NBA
Sun May 10 19:02:35 +0000 2015,Cavaliers Win Fourth Straight; Pistons Hold Off the Magic| http://t.co/gV9M7IbukN #NBA #UtahJazz
Sun May 10 18:55:10 +0000 2015,Warriors Notes :Green, Myers, Iguodala http://t.co/tPa7Txb07M #UtahJazz #NBA
Sun May 10 18:35:15 +0000 2015,@ESPNSteinLine heard rumor #DWill might come back to Utah. Redemption story or opportunity to poison another promising team? #UtahJazz
Sun May 10 18:13:50 +0000 2015,#NBA #UtahJazz - Utah Jazz Fitted Hat Adidas L/XL Navy//White:  $12.50End Date: Tuesday... http://t.co/cEECmKNVgY http://t.co/lQmogZfBKD
Sun May 10 18:13:50 +0000 2015,#NBA #UtahJazz - Karl Malone Mattel NBA 200 Piece Puzzle Utah Jazz NEW 1998:  $19.99End... http://t.co/fDKZiierPC http://t.co/lQmogZfBKD
Sun May 10 17:52:31 +0000 2015,Jazz Hold On to Beat the Knicks| http://t.co/ICrkkhJQps #NBA #UtahJazz
Sun May 10 17:45:12 +0000 2015,#NBA #UtahJazz - Utah Jazz  Lithograph print of  Pete Maravich:  $6.50End Date: Tuesday... http://t.co/ogJe6JBKHk http://t.co/lQmogZfBKD
Sun May 10 17:37:26 +0000 2015,#UtahJazz #jazznation #gojazz #utah NBA Playoffs 2015: Cavaliers and Rockets will try to even the score http://t.co/LPALYWU5x0
Sun May 10 17:17:29 +0000 2015,Cavaliers Make 19 3-Pointers to Overwhelm Hawks; Grizzlies Continue Fast Start| http://t.co/iV5bgy40bO #NBA #UtahJazz
Sun May 10 17:09:24 +0000 2015,Stockton, Malone, and Pistol Pete Mitchell &amp; Ness jersey sale 

LINK: https://t.co/a1VxPP9Se8

#JazzNation                      #UtahJazz
Sun May 10 17:08:12 +0000 2015,Utah Jazz. #nba #utahjazz #jazznation üèÄ https://t.co/gZsKaWc4D7
Sun May 10 17:07:01 +0000 2015,Check out 2014-15 SELECT PREMIER PRIZMS GREEN DIE CUT #132 DANTE EXUM 3/5 #UtahJazz http://t.co/b4b4K0kZV7
Sun May 10 17:05:15 +0000 2015,#NBA #UtahJazz - Utah Jazz Cap by Adidas:  $8.50End Date: Tuesday Jun-9-2015 9:25:16 PD... http://t.co/1aKKqFBZq4 http://t.co/k33Sm3HFUt
Sun May 10 17:05:15 +0000 2015,#NBA #UtahJazz - Utah Jazz Matt Harpring Autographed Jersey Size L:  $19.99 (0 Bids)End... http://t.co/Z4dxBInmrt http://t.co/k33Sm3HFUt
Sun May 10 17:05:15 +0000 2015,#NBA #UtahJazz - Andrei Kirilenko Utah Jazz Road Blue Authentic Jersey size 56 NEW REEB... http://t.co/PM0GI9lSFe http://t.co/k33Sm3HFUt
Sun May 10 16:42:27 +0000 2015,Jazz and Partners Contribute Nearly $240,000 in Charitable Donations This Season| http://t.co/0rekYRin66 #NBA #UtahJazz
Sun May 10 16:39:21 +0000 2015,Utah Jazz. #nba #utahjazz #jazznation üèÄ https://t.co/nwWZy3wLpA
Sun May 10 16:36:10 +0000 2015,#UtahJazz #jazznation #gojazz #forum Straight Outta Compton http://t.co/Akv2JH7XiJ
Sun May 10 16:34:37 +0000 2015,#NBA #UtahJazz - Utah Jazz Cap by Adidas:  $8.50End Date: Tuesday Jun-9-2015 9:25:16 PD... http://t.co/mOWtq72ayw http://t.co/lQmogZfBKD
Sun May 10 16:34:37 +0000 2015,#NBA #UtahJazz - Utah Jazz Matt Harpring Autographed Jersey Size L:  $19.99 (0 Bids)End... http://t.co/NNryMRc7Zg http://t.co/lQmogZfBKD
Sun May 10 16:34:36 +0000 2015,#NBA #UtahJazz - Andrei Kirilenko Utah Jazz Road Blue Authentic Jersey size 56 NEW REEB... http://t.co/vMrETWGeSi http://t.co/lQmogZfBKD
Sun May 10 16:12:01 +0000 2015,Utah Jazz. #nba #utahjazz #jazznation üèÄ https://t.co/wf1hrZ95Cn
Sun May 10 16:10:12 +0000 2015,NBA :Utah's Delon Wright to attend NBA pre-draft combine http://t.co/Sa91bZNMMt #UtahJazz #NBA
Sun May 10 15:57:03 +0000 2015,#NBA #UtahJazz - Bryon Russell Utah Jazz Purple Jersey Bobblehead:  $3.99 (0 Bids)End D... http://t.co/tHI35PvUDm http://t.co/lQmogZfBKD
Sun May 10 15:57:01 +0000 2015,#NBA #UtahJazz - Bryon Russell Utah Jazz Purple Jersey Bobblehead:  $3.99 (0 Bids)End D... http://t.co/hyrWL7S2eJ http://t.co/k33Sm3HFUt
Sun May 10 15:48:22 +0000 2015,#UtahJazz News Grizzlies take 2-1 series lead over Warriors with 99-89 win: Zach Randolph scored 22 points and... http://t.co/fvdQidRbJr
Sun May 10 15:32:23 +0000 2015,Rod Hundley, an Outsize Personality on and Off the Court, Dies at 80| http://t.co/dKcvvnn5pY #NBA #UtahJazz
Sun May 10 15:12:39 +0000 2015,Nets Fall to the Jazz; Tony Parker Lifts the Spurs| http://t.co/wKhYy9g6J4 #NBA #UtahJazz
Sun May 10 14:50:03 +0000 2015,Northwest Notes :Nuggets, Leonard, Donovan http://t.co/1LQC4unR6w #UtahJazz #NBA
Sun May 10 14:47:27 +0000 2015,#NBA #UtahJazz - 1999 Limited Treasures KARL MALONE 9" White Bear 1518/5000:  $10.99End... http://t.co/bZOQuQCz5J http://t.co/lQmogZfBKD
Sun May 10 14:47:27 +0000 2015,#NBA #UtahJazz - CHAMPION Utah Jazz Black Jersey Sz XXL SHARP CLEAN  $11.88:  $11.88 (0... http://t.co/1mgzxF0iqb http://t.co/lQmogZfBKD
Sun May 10 14:47:26 +0000 2015,#NBA #UtahJazz - Vintage NBA Utah Jazz Basketball Team Green Graphic Print T Shirt XL: ... http://t.co/n8qiiOs9QD http://t.co/lQmogZfBKD
Sun May 10 14:47:26 +0000 2015,#NBA #UtahJazz - 1999 Limited Treasures KARL MALONE 9" White Bear 1518/5000:  $10.99End... http://t.co/5cuzkSUdPn http://t.co/k33Sm3HFUt
Sun May 10 14:47:25 +0000 2015,#NBA #UtahJazz - CHAMPION Utah Jazz Black Jersey Sz XXL SHARP CLEAN  $11.88:  $11.88 (0... http://t.co/PhGpuYpJVp http://t.co/k33Sm3HFUt
Sun May 10 14:47:25 +0000 2015,#NBA #UtahJazz - Vintage NBA Utah Jazz Basketball Team Green Graphic Print T Shirt XL: ... http://t.co/b9LzHypNN0 http://t.co/k33Sm3HFUt
Sun May 10 14:37:37 +0000 2015,And-Ones :Tomic, Huertas, Free Agents| http://t.co/CQx9Ju35wu #NBA #UtahJazz
Sun May 10 14:02:35 +0000 2015,Rodney Hood Named NBA√¢¬Ä¬ôs Western Conference Rookie of the Month for April| http://t.co/SQCYvIBTqc #NBA #UtahJazz
Sun May 10 13:57:16 +0000 2015,RT @blinesports: #MothersDay show w/@Rondaburke2 @babers_mary #utahJazz #GoldenStateWarriors #NBAPlayoffs @SiriusXMNBA  @speeddeamon #Spurs‚Ä¶
Sun May 10 13:45:11 +0000 2015,Miller Motorsports Park to cease operations http://t.co/NO0qMnpEw1 #UtahJazz #NBA
Sun May 10 13:38:04 +0000 2015,#NBA #UtahJazz - Carlos Boozer #5 Utah Jazz Adidas Men's Large Sewn Jersey:  $21.95End ... http://t.co/23CVl4NveL http://t.co/lQmogZfBKD
Sun May 10 13:38:04 +0000 2015,#NBA #UtahJazz - Carlos Boozer #5 Utah Jazz Adidas Men's Large Sewn Jersey:  $21.95End ... http://t.co/VHOYiEimfi http://t.co/k33Sm3HFUt
Sun May 10 13:38:03 +0000 2015,#NBA #UtahJazz - Vintage late 1990's early 2000's UTAH JAZZ NBA Basketball mini pennant... http://t.co/ZBpI8LFj3B http://t.co/k33Sm3HFUt
Sun May 10 13:27:33 +0000 2015,Northwest Notes :Donovan, Blazers, Pleiss| http://t.co/QldDXBo6lS #NBA #UtahJazz
Sun May 10 13:11:29 +0000 2015,#NBA #UtahJazz - Vintage late 1990's early 2000's UTAH JAZZ NBA Basketball mini pennant... http://t.co/WZQeq7nKJ3 http://t.co/lQmogZfBKD
Sun May 10 12:29:26 +0000 2015,#NBA #UtahJazz - Late 2000's UTAH JAZZ NBA Basketball mini pennant:  $5.24End Date: Tue... http://t.co/iDCvFulasJ http://t.co/lQmogZfBKD
Sun May 10 11:25:04 +0000 2015,Atlantic Draft Notes :Knicks, Nets, Celtics http://t.co/N1CduVHyyy #UtahJazz #NBA
Sun May 10 11:07:25 +0000 2015,Northwest Notes :Brooks, Thunder, Aldridge| http://t.co/JD9pJfZVgh #NBA #UtahJazz
Sun May 10 09:57:44 +0000 2015,Nets Drop to 3-10 in January With a Drubbing by the Jazz| http://t.co/OzrKDEqDzJ #NBA #UtahJazz
Sun May 10 08:12:38 +0000 2015,Game Preview :Jazz at Rockets| http://t.co/9SFoYCJNGe #NBA #UtahJazz
Sun May 10 07:54:40 +0000 2015,#NBA #UtahJazz - 2014-15 Panini Prizm Prizms Green Retail Refractor Parallel You Pick t... http://t.co/lzTnVDHa0E http://t.co/k33Sm3HFUt
Sun May 10 07:37:36 +0000 2015,Draft History :Dennis Lindsey| http://t.co/rEx9HdnVmp #NBA #UtahJazz
Sun May 10 07:24:32 +0000 2015,#NBA #UtahJazz - 2014-15 Panini Prizm Prizms Green Retail Refractor Parallel You Pick t... http://t.co/FGPUMgE7ig http://t.co/lQmogZfBKD
Sun May 10 07:02:34 +0000 2015,Emptying the Noggin √¢¬Ä¬ì Bryce Cotton on the hammer dunk| http://t.co/9NX6G8lXby #NBA #UtahJazz
Sun May 10 06:46:31 +0000 2015,#NBA #UtahJazz - UTAH JAZZ Locker Room Sign #26 - NEW:  $15.99End Date: Monday Jun-8-20... http://t.co/Kz0zy0l7Yi http://t.co/k33Sm3HFUt
Sun May 10 06:46:30 +0000 2015,#NBA #UtahJazz - NBA Licensed Adidas UTAH JAZZ Flat Brim Flex Fit L/XL + FREE BOXED SHI... http://t.co/mB5wYJ8wqo http://t.co/k33Sm3HFUt
Sun May 10 06:36:04 +0000 2015,#UtahJazz #jazznation #gojazz #forum The Jazz 2014-15 http://t.co/1sxSn9UDLA
Sun May 10 06:17:24 +0000 2015,#NBA #UtahJazz - UTAH JAZZ Locker Room Sign #26 - NEW:  $15.99End Date: Monday Jun-8-20... http://t.co/ri6qAHVm4S http://t.co/lQmogZfBKD
Sun May 10 06:17:23 +0000 2015,#NBA #UtahJazz - UTAH JAZZ EMBOSSED CHROME LICENSE PLATE FRAME #26b - NEW:  $17.99End D... http://t.co/vaFAtqVowm http://t.co/lQmogZfBKD
Sun May 10 06:17:23 +0000 2015,#NBA #UtahJazz - NBA Licensed Adidas UTAH JAZZ Flat Brim Flex Fit L/XL + FREE BOXED SHI... http://t.co/FzPuchXyr0 http://t.co/lQmogZfBKD
Sun May 10 05:37:23 +0000 2015,#UtahJazz #jazznation #gojazz #forum Gobert,Favors,Exum can be Gasol,Zbo,Conley http://t.co/iX8VNPQ7rk
Sun May 10 05:37:07 +0000 2015,#NBA #UtahJazz - KARL MALONE UTAH JAZZ 1990 NBA HOOPS 8X10 COLOR PHOTO with STAT FINE C... http://t.co/dnFsVfoK3p http://t.co/k33Sm3HFUt
Sun May 10 05:35:07 +0000 2015,2014/15 D-League Usage Report :Magic http://t.co/lWO9ueRNDx #UtahJazz #NBA
Sun May 10 05:21:09 +0000 2015,#UtahJazz #Jazz management told #NBADraft SG Russell Byrd that to be noticed, he has to absolutely blow someone away with his shooting.
Sun May 10 05:17:29 +0000 2015,Northwest Notes :Singler, Donovan, Draft, Gee| http://t.co/dSWMfKSEef #NBA #UtahJazz
Sun May 10 05:15:07 +0000 2015,Lakers Expected To Pursue Jimmy Butler http://t.co/VA0PRqHO7p #UtahJazz #NBA
Sun May 10 05:09:49 +0000 2015,#NBA #UtahJazz - KARL MALONE UTAH JAZZ 1990 NBA HOOPS 8X10 COLOR PHOTO with STAT FINE C... http://t.co/nmPPbkuU7s http://t.co/lQmogZfBKD
Sun May 10 04:55:04 +0000 2015,Magic Notes :Nicholson, Draft, Frye http://t.co/tIOO7lKiZW #UtahJazz #NBA
Sun May 10 04:42:27 +0000 2015,The Roundup√¢¬Ä¬îJazz 91, Rockets 117| http://t.co/PA2COp5wJz #NBA #UtahJazz
Sun May 10 04:35:04 +0000 2015,Warriors Notes :Green, Myers, Iguodala http://t.co/tPa7Txb07M #UtahJazz #NBA
Sun May 10 04:29:58 +0000 2015,#NBA #UtahJazz - Utah Jazz #47 Kirilenko, sleeveless jersey, youth size large (14-16): ... http://t.co/hUMU0TilbS http://t.co/lQmogZfBKD
Sun May 10 04:29:58 +0000 2015,#NBA #UtahJazz - Keychain Utah Jazz Silver Black Basketball Team:  $0.99 (0 Bids)End Da... http://t.co/U3Ci0F2WSh http://t.co/lQmogZfBKD
Sun May 10 04:29:57 +0000 2015,#NBA #UtahJazz - Utah Jazz #47 Kirilenko, sleeveless jersey, youth size large (14-16): ... http://t.co/vmsnUAwINf http://t.co/k33Sm3HFUt
Sun May 10 04:29:57 +0000 2015,#NBA #UtahJazz - Keychain Utah Jazz Silver Black Basketball Team:  $0.99 (0 Bids)End Da... http://t.co/76CFKqEorb http://t.co/k33Sm3HFUt
Sun May 10 04:29:57 +0000 2015,#NBA #UtahJazz - NBA Utah Jazz Logo Pin VINTAGE OOP MY ONLY ONE Raintree:  $3.50End Dat... http://t.co/a62Hx4iero http://t.co/k33Sm3HFUt
Sun May 10 04:18:17 +0000 2015,RT @topUJazz: NBA :Utah's Delon Wright to attend NBA pre-draft combine http://t.co/Sa91bZNMMt #UtahJazz #NBA
Sun May 10 04:01:11 +0000 2015,#NBA #UtahJazz - NBA Utah Jazz Logo Pin VINTAGE OOP MY ONLY ONE Raintree:  $3.50End Dat... http://t.co/LG31GrSmvP http://t.co/lQmogZfBKD
Sun May 10 03:37:02 +0000 2015,#UtahJazz #jazznation #gojazz #forum So, as you guys know... http://t.co/B4AHu8nnww
Sun May 10 03:30:15 +0000 2015,Derrick Rose banks in 3 at buzzer to lift Bulls over Cavaliers 99-96 http://t.co/lCkt6e5VXD #UtahJazz #NBA
Sun May 10 03:21:30 +0000 2015,#NBA #UtahJazz - NBA Hoop Magazine Utaz Jazz Seattle Sonics Malone Payton Stockton Kemp... http://t.co/K9eSvc5lNg http://t.co/lQmogZfBKD
Sun May 10 03:21:29 +0000 2015,#NBA #UtahJazz - 1996 Corinthian Headliners Karl Malone Utah Jazz NBA  NIP:  $2.00End D... http://t.co/QViv1ZhJM1 http://t.co/lQmogZfBKD
Sun May 10 02:57:48 +0000 2015,And-Ones :Tomic, Huertas, Free Agents| http://t.co/CQx9Ju35wu #NBA #UtahJazz
Sun May 10 02:52:10 +0000 2015,#NBA #UtahJazz - 1998 NBA FINALS CHICAGO BULLS VS UTAH JAZZ COMMEMORATIVE PROGRAM MICHA... http://t.co/yhUt5LiuEd http://t.co/lQmogZfBKD
Sun May 10 02:52:10 +0000 2015,#NBA #UtahJazz - BRAND NEW! COLLECTOR'S NBA PRO HOOPS JOHN STOCKTON ACTION FIGURE!:  $1... http://t.co/P036gL3eFq http://t.co/lQmogZfBKD
Sun May 10 02:37:02 +0000 2015,#UtahJazz #jazznation #gojazz #forum Attention Virgin: I need your attention. http://t.co/RZpHXwycqI
Sun May 10 02:30:13 +0000 2015,NBA :Utah's Delon Wright to attend NBA pre-draft combine http://t.co/Sa91bZNMMt #UtahJazz #NBA
Sun May 10 02:14:01 +0000 2015,#NBA #UtahJazz - NBA Utah Jazz Basketball 12 oz Beer Bottle Light LED Neon Bar Pub Man ... http://t.co/OVXcCoECvr http://t.co/lQmogZfBKD
Sun May 10 02:14:01 +0000 2015,#NBA #UtahJazz - NBA Utah Jazz Basketball 12 oz Beer Bottle Light LED Neon Bar Pub Man ... http://t.co/6bKjQw4LgS http://t.co/k33Sm3HFUt
Sun May 10 01:37:24 +0000 2015,#UtahJazz #jazznation #gojazz #forum Mathews and Deron? http://t.co/CA0ORqoC1t
Sun May 10 01:12:43 +0000 2015,Western Notes :Pondexter, Draft, Jazz| http://t.co/1OzWPtokro #NBA #UtahJazz
Sun May 10 01:03:27 +0000 2015,#NBA #UtahJazz - Adidas Swingman NBA Jersey Jazz Karl Malone GREEN HWC sz 3XL EXCELLENT... http://t.co/gYysCfjLD2 http://t.co/k33Sm3HFUt
Sun May 10 01:03:27 +0000 2015,#NBA #UtahJazz - 1991 7Eleven Super Big Gulp Utah Jazz Collectors Cups Lot Of 5  6 1/2"... http://t.co/g9clZpfIiI http://t.co/k33Sm3HFUt
Sun May 10 01:02:34 +0000 2015,#SBNation #UtahJazz NBA Playoffs 2015: Can ATL, GSW get it done? http://t.co/cGEOLyNcEt http://t.co/a5mtzFEDK1
Sun May 10 00:39:06 +0000 2015,#ESPN #UtahJazz On this day, Malone sets franchise playoff record http://t.co/RKZqUW0b9P http://t.co/a5mtzFEDK1
Sun May 10 00:39:05 +0000 2015,#ESPN #UtahJazz 5 on 5: Jazz and the Playoffs http://t.co/cQepl96sz9 http://t.co/a5mtzFEDK1
Sun May 10 00:39:04 +0000 2015,#ESPN #UtahJazz Jimbo's Mailbag - NBA Draft Good Luck Charms http://t.co/0QeMNUJDyp http://t.co/a5mtzFEDK1
Sun May 10 00:37:41 +0000 2015,Western Notes :Brooks, Dumars, Bonner, Draft| http://t.co/s9PniTsWQl #NBA #UtahJazz
Sun May 10 00:36:09 +0000 2015,#UtahJazz #jazznation #gojazz #forum Could/will the united states split up? http://t.co/dt0ammKal5
Sun May 10 00:30:43 +0000 2015,#NBA #UtahJazz - Adidas Swingman NBA Jersey Jazz Karl Malone GREEN HWC sz 3XL EXCELLENT... http://t.co/Ge9mcEZJpp http://t.co/lQmogZfBKD
Sun May 10 00:30:42 +0000 2015,#NBA #UtahJazz - 1991 7Eleven Super Big Gulp Utah Jazz Collectors Cups Lot Of 5  6 1/2"... http://t.co/vpGGpT4YIm http://t.co/lQmogZfBKD
