Sun May 10 19:00:19 +0000 2015,#NBA #76ers- Charles Barkley 1984-85 PHILADELPHIA 76ers Jersey (MED, LG, XL, 2X or 3X):... http://t.co/xPYy7lXaoY http://t.co/k33Sm3HFUt
Sun May 10 18:36:09 +0000 2015,#76ers Wire: Did Phil Jackson just troll the Warriors on Twitter? http://t.co/LzEzsKcjwh #NBA http://t.co/nLngwiYXe2
Sun May 10 17:47:07 +0000 2015,.@WBG84 #Bulls scored 35 4th qrt points &amp; held #76ers to 15 4th qrt points. Chicago trailed 86-77 entering the 4th. https://t.co/JmXgEF9b9K
Sun May 10 17:45:23 +0000 2015,25 years ago on Mother's Day (1990), Michael Jordan scored 45 points to lead #Bulls to a 111-101 win vs. #76ers in Eastern Semifinals.
Sun May 10 17:18:36 +0000 2015,RT @tmoore76ers: ICYMI: Sunday #NBA column: Could expected big increase in salary cap speed up #Sixers' rebuilding process? http://t.co/Z66…
Sun May 10 16:44:21 +0000 2015,#NBA #76ers- Philadelphia 76ers Charles Barkley jersey magnet-NBA LEGENDS K@@L novelty ... http://t.co/icgGKm0aix http://t.co/k33Sm3HFUt
Sun May 10 16:44:21 +0000 2015,#NBA #76ers- JULIUS ERVING CUSTOM PHILADELPHIA 76ERS JERSEY DR J SIXERS:  $105.44End Da... http://t.co/3KRebLBm6t http://t.co/k33Sm3HFUt
Sun May 10 15:35:55 +0000 2015,#NBA #76ers- Allen Iverson shirt mvp finals lakers 76ers the answer jersey:  $10.99End ... http://t.co/xXH5RdS34A http://t.co/k33Sm3HFUt
Sun May 10 15:35:55 +0000 2015,#NBA #76ers- Authentic Philadelphia 76ers Sixers Adidas Revolution 30 NBA Shorts Size M... http://t.co/j7mX6TzMJQ http://t.co/k33Sm3HFUt
Sun May 10 15:35:54 +0000 2015,#NBA #76ers- Authentic Philadelphia 76ers Sixers Adidas Revolution 30 NBA Shorts Size L... http://t.co/ZZUbVZFOZv http://t.co/k33Sm3HFUt
Sun May 10 15:24:25 +0000 2015,Patrick Koerbler and myself debated Mudiay vs. Russell for the #76ers. http://t.co/6VCLmxqakV
Sun May 10 14:50:45 +0000 2015,RT @tmoore76ers: ICYMI: Sunday #NBA column: Could expected big increase in salary cap speed up #Sixers' rebuilding process? http://t.co/Z66…
Sun May 10 14:45:00 +0000 2015,ICYMI: Sunday #NBA column: Could expected big increase in salary cap speed up #Sixers' rebuilding process? http://t.co/Z66VjA6ub0 #76ers
Sun May 10 14:24:04 +0000 2015,RT @BeforeFamePics: 13 years ago today Allen Iverson (#76ers) went on his "practice" rant https://t.co/K1BSuLHG4O
Sun May 10 13:37:38 +0000 2015,#76ers Tweets: Thanks, mom. http://t.co/2PGXQfhQVZ #NBA http://t.co/nLngwiYXe2
Sun May 10 13:19:31 +0000 2015,#NBA #76ers- Late 2000's PHILADELPHIA 76ERS NBA Basketball mini pennant:  $6.24End Date... http://t.co/wWh3CE2svD http://t.co/k33Sm3HFUt
Sun May 10 12:53:51 +0000 2015,At http://t.co/W6jKxVre98 -- #chicagobulls #dabulls #hisairness #jbbsale

#Iverson 
#philadelphia #76ers

Home/wh… http://t.co/WNoC7cID97
Sun May 10 12:45:09 +0000 2015,#jbbsale

#Iverson 
#philadelphia #76ers

Home/white
Size S L

S = 56 x 77 cm
L = 61 x 82 cm

IDR… https://t.co/Q1sShijhPj
Sun May 10 12:31:26 +0000 2015,76ers' Sunday Morning Shootaround: Kyle Korver, Sex S... #76ers #Philadelphia76ers http://t.co/huUJDtbQPz http://t.co/wTD86Pn999
Sun May 10 12:08:07 +0000 2015,#76ers #Philadelphia76ers #Sixers 76ers' Sunday Morning Shootaround: Kyle Korver, Sex Symbol http://t.co/hWcTfo8wLw
Sun May 10 10:48:05 +0000 2015,#jbbsale

Ready Stock

#Iverson #3
#philadelphia #76ers 
away/black S

S = 56 x 77 cm

IDR 225k

Line… https://t.co/Vxywz8zpzJ
Sun May 10 08:42:12 +0000 2015,#NBA #76ers- Philadelphia 76ers 47 Brand Vintage Scrum Mens Red T-Shirt (M):  $29.99End... http://t.co/1iXX2R1E75 http://t.co/k33Sm3HFUt
Sun May 10 07:37:01 +0000 2015,#76ers #Philadelphia76ers Wizards' Pierce hits buzzer-beater http://t.co/oExvTxEW4e
Sun May 10 06:26:46 +0000 2015,#NBA #76ers- Wilt Chamberlain Philadelphia 76ers hardwood classics vintage reebok 3xl e... http://t.co/2S1cxUyA7a http://t.co/k33Sm3HFUt
Sun May 10 06:26:46 +0000 2015,#NBA #76ers- NBA Licensed Adidas Philadelphia 76ers Flat Brim Flex Fit L/XL:  $11.75End... http://t.co/YagpAEJrxO http://t.co/k33Sm3HFUt
Sun May 10 06:26:45 +0000 2015,#NBA #76ers- Vintage NBA Philadelphia 76ers SIXERS light gray charles barkley era t shi... http://t.co/oP45c5dvtN http://t.co/k33Sm3HFUt
Sun May 10 05:56:13 +0000 2015,RT @FREEKOBEZAY: Free my savages #76ers
Sun May 10 05:55:15 +0000 2015,RT @FREEKOBEZAY: Free my savages #76ers
Sun May 10 05:54:24 +0000 2015,Free my savages #76ers
Sun May 10 05:49:51 +0000 2015,RT @tmoore76ers: Sunday column: #NBA's massive new TV contract could have big effect on #Sixers: http://t.co/Z66VjA6ub0 #76ers
Sun May 10 05:35:41 +0000 2015,Report: #Sixers #76ers stash rookie #Turkey Anadolu Efes PF-SF Dario Saric has impressed a number of scouts and journalists this season.
Sun May 10 05:26:50 +0000 2015,#Sixers #76ers (#58, #60) worked out #NBADraft #UCDavis senior SG-PG Corey Hawkins on Friday. He called the workout a success.
Sun May 10 05:20:34 +0000 2015,KJ Mcdaniels all 42 rookie season dunks #houston #rockets #76ers #sixers #dunk #rookie #nba #nbaplayoffs #playoffs http://t.co/Lj4O2UILOy
Sun May 10 04:37:07 +0000 2015,#76ers #Philadelphia76ers Grizzlies take 2-1 series lead over Warriors with 99-89 win http://t.co/DHXiMJU6SH
Sun May 10 04:29:34 +0000 2015,Sunday column: #NBA's massive new TV contract could have big effect on #Sixers: http://t.co/G1YULSqkBJ #76ers http://t.co/CtaZLUkaEv
Sun May 10 04:08:30 +0000 2015,#NBA #76ers- NBA Philadelphia 76ers Three Pin Lot OOP Vintage:  $4.99End Date: Monday J... http://t.co/a6Bcl8ya6z http://t.co/k33Sm3HFUt
Sun May 10 04:08:30 +0000 2015,#NBA #76ers- ANDRE IGUODALA #9 Philadelphia 76ers NBA Jersey XL BY ADIDAS Black:  $8.99... http://t.co/QKkLFvu4HH http://t.co/k33Sm3HFUt
Sun May 10 03:55:13 +0000 2015,RT @tmoore76ers: Sunday column: #NBA's massive new TV contract could have big effect on #Sixers: http://t.co/Z66VjA6ub0 #76ers
Sun May 10 03:53:24 +0000 2015,RT @tmoore76ers: Sunday column: #NBA's massive new TV contract could have big effect on #Sixers: http://t.co/Z66VjA6ub0 #76ers
Sun May 10 03:51:04 +0000 2015,RT @tmoore76ers: Sunday column: #NBA's massive new TV contract could have big effect on #Sixers: http://t.co/Z66VjA6ub0 #76ers
Sun May 10 03:50:06 +0000 2015,Sunday column: #NBA's massive new TV contract could have big effect on #Sixers: http://t.co/Z66VjA6ub0 #76ers
Sun May 10 02:59:22 +0000 2015,#NBA #76ers- NBA Hardwood Classics by Reebok Philadelphia 76'ers Hat Cap Size 7 5/8 NWO... http://t.co/jRSFjjIl4T http://t.co/k33Sm3HFUt
Sun May 10 02:59:22 +0000 2015,#NBA #76ers- ALLEN IVERSON JERSEY #3 PHILADELPHIA 76ERS SIXERS  NIKE YOUTH LARGE:  $34.... http://t.co/1EO6zYhne4 http://t.co/k33Sm3HFUt
Sun May 10 02:54:48 +0000 2015,RT @DailyNBALineups: #76ers Dario Saric scored 14 points with 11 rebounds and seven assists during his regular season finale with A...  htt…
Sun May 10 02:19:02 +0000 2015,#76ers! http://t.co/jq0lypL4ZT #NBA #follow #basketball #Philadelphea76ers
Sun May 10 02:01:38 +0000 2015,RT @tmoore76ers: #NBA column: Could expected huge increase in salary cap speed up the #Sixers' rebuilding process? http://t.co/Z66VjA6ub0 #…
Sun May 10 01:50:47 +0000 2015,#NBA #76ers- Philadelphia 76ers 2004-2005 NBA Media Guide:  $4.29End Date: Monday Jun-8... http://t.co/Q3r7KZO1z3 http://t.co/k33Sm3HFUt
Sun May 10 01:50:47 +0000 2015,#NBA #76ers- NWT Authentic Reebok Allen Iverson Philadelphia 76ers Sixers Jersey Black ... http://t.co/IAXzetBR58 http://t.co/k33Sm3HFUt
Sun May 10 01:50:47 +0000 2015,#NBA #76ers- PHILADELPHIA 76ERS 2004 HUMMER H2:  $3.00End Date: Monday Jun-8-2015 18:06... http://t.co/sLgWQERE9u http://t.co/k33Sm3HFUt
Sun May 10 01:50:46 +0000 2015,#NBA #76ers- Philadelphia 76er's #3 Allen Iverson Jersey Champion 52 XL:  $11.50End Dat... http://t.co/4Hr59CivAR http://t.co/k33Sm3HFUt
Sun May 10 01:50:46 +0000 2015,#NBA #76ers- ALLEN IVERSON #3 2003 NBA ALL-STAR GAME 76ers JERSEY  size 52 REEBOK:  $14... http://t.co/4CETbF6gDS http://t.co/k33Sm3HFUt
Sun May 10 01:45:05 +0000 2015,#NBA column: Could expected huge increase in salary cap speed up the #Sixers' rebuilding process? http://t.co/Z66VjA6ub0 #76ers
Sun May 10 01:37:25 +0000 2015,#76ers #Philadelphia76ers Pierce's buzzer-beater lifts Wiz past Hawks 103-101 http://t.co/rRxP1x1Aqj
Sat May 09 23:36:12 +0000 2015,#NBA #76ers- JULIUS ERVING CHAMPION EURO JERSEY PHILA SIXERS 76ERS SIZE XXL WHITE NBA H... http://t.co/Li3ULMfC4s http://t.co/k33Sm3HFUt
Sat May 09 23:36:12 +0000 2015,#NBA #76ers- PHILADELPHIA 76ers YOUTH BASKETBALL JERSEY SHIRT &amp; SHORTS SIZE 6 NWT GREAT... http://t.co/2bmmbmLDzi http://t.co/k33Sm3HFUt
Sat May 09 23:36:11 +0000 2015,#NBA #76ers- Philadelphia 76ers by Majestic, Long sleeve polyester zipper jacket SZ LT:... http://t.co/X5Ry8AkvRT http://t.co/k33Sm3HFUt
Sat May 09 23:09:15 +0000 2015,RT @tmoore76ers: #NBA column: Impending huge rise in salary cap should have significant impact on #Sixers: http://t.co/gbOMFxprcJ #76ers
Sat May 09 23:07:50 +0000 2015,#NBA column: Impending huge rise in salary cap should have significant impact on #Sixers: http://t.co/Z66VjA6ub0 #76ers @SixersBrown
Sat May 09 22:32:06 +0000 2015,#NBA #76ers- ELTON BRAND JERSEY PHILADELPHIA 76erS SIXERS YOUTH SMALL ADIDAS BLACK 42: ... http://t.co/xbZUZMWID4 http://t.co/k33Sm3HFUt
Sat May 09 21:36:25 +0000 2015,RT @BeforeFamePics: 13 years ago today Allen Iverson (#76ers) went on his "practice" rant https://t.co/K1BSuLHG4O
Sat May 09 21:03:27 +0000 2015,#d1lockermedia #NBA #USA #TheGreatest #Champions #Legends #Throwback #Philadelphia #76ers #AllenIverson #TheAnswer … http://t.co/5WrQUZgJyM
Sat May 09 20:51:08 +0000 2015,@_dariosaric yo dario time to lace em up with the #76ers
Sat May 09 20:49:39 +0000 2015,Will Sixers Bite On Enticing Free Agents in 2015? - Hoops Habit http://t.co/fRC4BENl6C #Philadelphia #NBA #76ers #sixers
Sat May 09 20:46:33 +0000 2015,@paxer89 #76ers future is bright
Sat May 09 20:21:34 +0000 2015,#NBA #76ers- Philadelphia 76ERS Basketball REEBOK Youth LARGE(14-16) NBA Team Apparel  ... http://t.co/UpHVzsQjWS http://t.co/k33Sm3HFUt
Sat May 09 20:21:34 +0000 2015,#NBA #76ers- VINTAGE NBA HARDWOOD CLASSICS PHILADELPHIA 76ERS SIXERS WARM UP ZIP JACKET... http://t.co/n748eot5rP http://t.co/k33Sm3HFUt
Sat May 09 20:21:33 +0000 2015,#NBA #76ers- ALLEN IVERSON PHILADELPHIA 76ERS NBA Jersey Champion Throwback Size 44:  $... http://t.co/zt4LWENj2k http://t.co/k33Sm3HFUt
Sat May 09 20:21:33 +0000 2015,#NBA #76ers- VINTAGE NBA Hardwood Classic Mitchell &amp; Ness 76ers Moses Malone Jersey- Me... http://t.co/yHn4I5WtES http://t.co/k33Sm3HFUt
Sat May 09 19:56:05 +0000 2015,#76ers Dario Saric scored 14 points with 11 rebounds and seven assists during his regular season finale with A...  http://t.co/ojOABVyels
Sat May 09 19:38:56 +0000 2015,Newly listed... http://t.co/BHrBblvbzW?
#Philadelphia #76ers #Basketball #ebay
Sat May 09 19:29:11 +0000 2015,RT @AliDeGidio: @KarrSampson14 Awesome seeing you and your Pops is awesome! Nice work @WTeffer #NBA #76ers #Undrafter #SVSM http://t.co/yep…
Sat May 09 19:16:27 +0000 2015,#NBA #76ers- PHILADELPHIA 76ERS SHIRT NEW WITH TAGS ADULT LARGE MSRP$14.99 REEBOK:  $8.... http://t.co/oSNkh8k2jz http://t.co/k33Sm3HFUt
Sat May 09 19:16:26 +0000 2015,#NBA #76ers- NEW RARE REEBOK NBA PHILA Men's XL Philadelphia 76ers Throwback Warm Up JE... http://t.co/heGgmsAoRi http://t.co/k33Sm3HFUt
Sat May 09 19:16:26 +0000 2015,#NBA #76ers- NBA Iguodala Phila #9 Adidas red 100% cotton t-shirt size XL+:  $7.25End D... http://t.co/9gd0HXG6EX http://t.co/k33Sm3HFUt
Sat May 09 19:16:26 +0000 2015,#NBA #76ers- Philadelphia 76ers Nike Warm Up:  $30.99End Date: Monday Jun-8-2015 11:21:... http://t.co/lA5MDoyNwn http://t.co/k33Sm3HFUt
Sat May 09 19:16:25 +0000 2015,#NBA #76ers- Reebok Bethel Highschool Allen Iverson Basketball Jersey XXL Philadelphia ... http://t.co/261AoGHy52 http://t.co/k33Sm3HFUt
Sat May 09 18:55:39 +0000 2015,Check out these vintage Phoenix Suns basketball shorts from Champion on eBay: http://t.co/kmsMVxshxl #phoenixsuns #suns #NBAPlayoffs #76ers
Sat May 09 18:29:44 +0000 2015,@KarrSampson14 Awesome seeing you and your Pops is awesome! Nice work @WTeffer #NBA #76ers #Undrafter #SVSM http://t.co/yepecPqSah
Sat May 09 18:08:14 +0000 2015,#Philadelphia76ers #76ers #Sixers Eastern Notes: Thompson, Wizards, Hawkins http://t.co/sTHdlHMdb4
Sat May 09 18:06:43 +0000 2015,The Human Glass Eater: Thomas Robinson Opened Eyes in Short St... #Sixers #76ers http://t.co/8vTwLIy1Po http://t.co/k87DnRVevu
Sat May 09 17:08:06 +0000 2015,#76ers #Philadelphia76ers #Sixers RTRS: Bill Simmons, Misinformed Draft Scouting, Playoffs, Tony Wroten Dreaming http://t.co/LbcQyKJKaV
Sat May 09 16:45:37 +0000 2015,#NBA #76ers- NBA Allen Iverson # 3 Philadelphia 76ers Sixers Nike YS 7 Black Jersey:  $... http://t.co/OZUghfbvFQ http://t.co/k33Sm3HFUt
Sat May 09 16:45:37 +0000 2015,#NBA #76ers- NBA MICHAEL CARTER-WILLIAMS 76ERS  MENS XL RED JERSEY:  $22.50End Date: Mo... http://t.co/Qptox2oTZT http://t.co/k33Sm3HFUt
Sat May 09 16:45:37 +0000 2015,#NBA #76ers- 1969 Philadelphia 76ers Beat New York Knicks Double OT~Billy Cunningham 44... http://t.co/bFWfRafl5p http://t.co/k33Sm3HFUt
Sat May 09 16:37:02 +0000 2015,#76ers #Philadelphia76ers #Sixers Justise Winslow - Future Sixer? http://t.co/ASfJhZ5Ex8
Sat May 09 16:25:11 +0000 2015,#76ers Tweets: 10 days til the Lottery. Here's your chance to be there. »… http://t.co/auqE0ENJe3 #NBA http://t.co/nLngwiYXe2
Sat May 09 15:46:16 +0000 2015,#76ers Tweets: May 9, 2001: @alleniverson goes for 54 in an Eastern Conference Semifinal victory over Toronto.… #NBA http://t.co/nLngwiYXe2
Sat May 09 14:50:17 +0000 2015,RT @jonjohnsonwip: Next 3 key dates on Phila sports calendar revolve around #76ers:
-Draft Lottery on 19th
-Draft 6/26
-Embiid summer leagu…
Sat May 09 14:40:16 +0000 2015,RT @jonjohnsonwip: Next 3 key dates on Phila sports calendar revolve around #76ers:
-Draft Lottery on 19th
-Draft 6/26
-Embiid summer leagu…
Sat May 09 14:35:11 +0000 2015,#NBA #76ers- Indiana Pacers + Philadelphia 76ers (NBA) basketball pins (retro logos):  ... http://t.co/7nm3MrN0pA http://t.co/k33Sm3HFUt
Sat May 09 14:35:11 +0000 2015,#NBA #76ers- ALLEN IVERSON 76ERs Reebok Throwback Jersey Size56 USED Basketball White r... http://t.co/fgrbAE5DdZ http://t.co/k33Sm3HFUt
Sat May 09 14:35:11 +0000 2015,#NBA #76ers- REEBOK AUTHENTIC NBA SLEEVELESS WARM-UP JERSEYS:  $17.95End Date: Monday J... http://t.co/rGXw2HzQRJ http://t.co/k33Sm3HFUt
Sat May 09 14:34:05 +0000 2015,RT @jonjohnsonwip: Next 3 key dates on Phila sports calendar revolve around #76ers:
-Draft Lottery on 19th
-Draft 6/26
-Embiid summer leagu…
Sat May 09 13:31:06 +0000 2015,#NBA #76ers- New 1999 ALLEN IVERSON ALIEN MEANIE  NBA PHILADELPHIA 76ERS BLACK #3142:  ... http://t.co/QDE2qhbDQA http://t.co/k33Sm3HFUt
Sat May 09 13:08:04 +0000 2015,#76ers #Philadelphia76ers #Sixers New Philadelphia 76ers Rumors. Saturday, May 9 2015 http://t.co/qGVklPKHfG
Sat May 09 12:26:41 +0000 2015,#NBA #76ers- Vintage CHAMPION Philadelphia 76ers Allen Iverson NBA Jersey Men's Size 48... http://t.co/vmT04pRnhZ http://t.co/k33Sm3HFUt
Sat May 09 12:26:41 +0000 2015,#NBA #76ers- MAJESTIC PHILADELPHIA 76ERS SEWN THROWBACK JERSEY 3XL 3X NEW:  $23.99End D... http://t.co/TwXq5c4awG http://t.co/k33Sm3HFUt
Sat May 09 12:26:41 +0000 2015,#NBA #76ers- Philadelphia 76ers ~8~ New Era 59 Fifty cap! NBA hat! Fast Shipping!!!:  $... http://t.co/9AwQ7xqYk2 http://t.co/k33Sm3HFUt
Sat May 09 12:26:40 +0000 2015,#NBA #76ers- Vtg Rare Nwot Allen Iverson Sixers Champion Nba Jersey 40 M Nike Swingman ... http://t.co/K7KPUicHNc http://t.co/k33Sm3HFUt
Sat May 09 08:09:12 +0000 2015,#NBA #76ers- Allen Iverson Philadelphia 76ers Reebok Authentic Alternate Jersey AI:  $1... http://t.co/Bs86atWcz1 http://t.co/k33Sm3HFUt
