Sun May 10 19:43:07 +0000 2015,Dear @MLB. You understand 'God Bless America' isn't our National Anthem right? Let's let this die already. #STLCards #Bucks
Sun May 10 19:28:02 +0000 2015,RT @MassageBucks: #birthday #Ava 1st with one happy emma_james #bucks #buckinghamshire http://t.co/6vK0N5szi7
Sun May 10 19:27:57 +0000 2015,RT @MassageBucks: #Ava is One #happybirthday #mum #dad #family #bucks #buckinghamshire #holmergreen http://t.co/AIF0tUvRNP
Sun May 10 19:27:54 +0000 2015,RT @MassageBucks: Looking through to #badminton court @DiogenesSunClub #familyfriendly #member #sunclub #bucksâ€¦ http://t.co/E46eMSmzNe
Sun May 10 19:27:52 +0000 2015,RT @MassageBucks: #badminton court @DiogenesSunClub #familyfriendly #sunclub #chalfontstpeter #bucks #buckinghamshireâ€¦ http://t.co/LSh46viNâ€¦
Sun May 10 19:25:10 +0000 2015,Lakers Expected To Pursue Jimmy Butler http://t.co/a4Fg1blyRb #Bucks #NBA
Sun May 10 19:19:23 +0000 2015,Newly listed... http://t.co/MPvbvjHuq4?
#Milwaukee #Bucks #basketball #cards #ebay
Sun May 10 19:09:52 +0000 2015,#NBA #Bucks - NEW NWT Brandon Jennings Replica Adidas Milwaukee Bucks Jersey Sz XXL 2XL... http://t.co/yiCAWi4gyX http://t.co/k33Sm3HFUt
Sun May 10 19:09:52 +0000 2015,#NBA #Bucks - Milwaukee Bucks 'Brandon Jennings' Bobblehead:  $6.99End Date: Wednesday ... http://t.co/9X3POzeZ9A http://t.co/k33Sm3HFUt
Sun May 10 19:08:19 +0000 2015,@SleeperAthletes Top #bucks influencer! Want to declutter you inbox quickly? Unroll.Me can help: http://t.co/Abp3MwUHhQ
Sun May 10 19:08:08 +0000 2015,#milwaukeebucks #milwaukee #bucks #MIL Ranking Milwaukee Bucks' Biggest Priorities for 2015 NBA Offseason http://t.co/u0dRyAq8wy
Sun May 10 19:02:39 +0000 2015,Positively Philadelphia The Michenr Art Museum #ArtMuseum #Bucks #LaurenLipton #MichenerMuseum http://t.co/LMR1cskavn
Sun May 10 18:51:32 +0000 2015,http://t.co/EEkB0NdMH9: Gerald Wallace And1 Finger Roll http://t.co/TUeRb8GTo0 #bucks #gerald #milwaukee #wallace
Sun May 10 18:47:20 +0000 2015,@B1GLacrosse earning national respect right now! #Bucks #Hopkins #Terps
Sun May 10 18:43:35 +0000 2015,If you are planning your #wedding &amp; in #oxfordshire #Bucks &amp; are looking for a #makeupartist get in touch http://t.co/RgjzkZVMUV
Sun May 10 18:41:22 +0000 2015,A felted buckeye from my @Etsy shop! #handmade #OSU #Ohio #Bucks #Buckeyes #smallbiz  http://t.co/3mIXDSgnL1
Sun May 10 18:41:07 +0000 2015,Spring 2015 Girls on the Run 5K - May 31st #Hunterdon, #Bucks &amp; #Warren Counties http://t.co/T1CtraD9PN
Sun May 10 18:35:15 +0000 2015,Can't wait to see what the future holds #Bucks http://t.co/twmmNpFMyc
Sun May 10 18:34:33 +0000 2015,#DeerfieldBeach #Bucks Defense at the #FIU Scrimmages http://t.co/l8BA0CN3Lb http://t.co/FDIph01sEz
Sun May 10 18:10:39 +0000 2015,RT @SleeperAthletes: #DeerfieldBeach #Bucks Defense at the #FIU Scrimmages http://t.co/amdqqvVJMZ
Sun May 10 18:01:34 +0000 2015,RT @SleeperAthletes: #DeerfieldBeach #Bucks Offense at the #FIU Scrimmages http://t.co/VL1rjhi9tS
Sun May 10 18:01:07 +0000 2015,Mother's Day at PNC Park! #bucks #pirates
Sun May 10 17:58:55 +0000 2015,RT @SleeperAthletes: #DeerfieldBeach #Bucks Defense at the #FIU Scrimmages http://t.co/amdqqvVJMZ
Sun May 10 17:56:01 +0000 2015,http://t.co/JDe7w4y50X Mitchell and Ness Milwaukee Bucks snapback  #Bucks http://t.co/RHKJTiC5WU
Sun May 10 17:50:08 +0000 2015,RT @SleeperAthletes: #DeerfieldBeach #Bucks Offense at the #FIU Scrimmages http://t.co/VL1rjhi9tS
Sun May 10 17:49:30 +0000 2015,RT @SleeperAthletes: #DeerfieldBeach #Bucks Offense at the #FIU Scrimmages http://t.co/VL1rjhi9tS
Sun May 10 17:49:16 +0000 2015,Bucks County, Pa. Opens Summer Tourism Season With Ice Cream Give  http://t.co/NPdn9EZ7Ym
  #bucks #nationaltourism
Sun May 10 17:45:21 +0000 2015,Happy Mother's Day #thebuckhotel #buckscounty #bucks #dinner #lunch #brunch #foodporn #chef #instafood #foodie... http://t.co/ZJxA9cxvn6
Sun May 10 17:42:51 +0000 2015,RT @SleeperAthletes: #DeerfieldBeach #Bucks Offense at the #FIU Scrimmages http://t.co/VL1rjhi9tS
Sun May 10 17:42:46 +0000 2015,RT @SleeperAthletes: #DeerfieldBeach #Bucks Defense at the #FIU Scrimmages http://t.co/amdqqvVJMZ
Sun May 10 17:41:03 +0000 2015,Pre-gig antics! #Mileycyrus #robinthicke #gig #bucks #uni #beetlejuice @ Bucks Students' Union https://t.co/ItRY6Tlm9V
Sun May 10 17:37:29 +0000 2015,http://t.co/EEkB0NdMH9: NBA Milwaukee Bucks Logo http://t.co/MlLwSDs75J #bucks #logo #milwaukee
Sun May 10 17:37:27 +0000 2015,#milwaukeebucks #milwaukee #bucks #MIL Bulls Rumors: Butler, Free Agency, Thibodeau http://t.co/1WEFdnSafa
Sun May 10 17:34:36 +0000 2015,RT @SleeperAthletes: #DeerfieldBeach #Bucks Offense at the #FIU Scrimmages http://t.co/VL1rjhi9tS
Sun May 10 17:34:32 +0000 2015,RT @SleeperAthletes: #DeerfieldBeach #Bucks Defense at the #FIU Scrimmages http://t.co/amdqqvVJMZ
Sun May 10 17:32:38 +0000 2015,RT @swing7bats: These jersey's are sweet ðŸ‘Œ #Bucks http://t.co/GTsWlsgt1T
Sun May 10 17:31:33 +0000 2015,RT @topMBucks: John Wall Out For Game 3 http://t.co/n8XoMLZM4C #Bucks #NBA
Sun May 10 17:20:45 +0000 2015,#Bucks #GerrardsCross #TheBullHotel #WeddingPhotography The Bull Hotel - Gerrards ... http://t.co/xKS184tBUK http://t.co/p6HT5v7dPN
Sun May 10 17:15:13 +0000 2015,John Wall Out For Game 3 http://t.co/n8XoMLZM4C #Bucks #NBA
Sun May 10 17:14:17 +0000 2015,Inside Out: Phila. Museum Of Art To Display Rep  http://t.co/lSZq094ziy
  #artmuseum #bucks #delaware #philadelphia
Sun May 10 17:07:24 +0000 2015,#badminton court @DiogenesSunClub #familyfriendly #sunclub #chalfontstpeter #bucks #buckinghamshireâ€¦ http://t.co/LSh46viNZV
Sun May 10 17:00:19 +0000 2015,Bucks County, Pa. Opens Summer Touris  http://t.co/M3raGVEWmN
  #bucks #nationaltourism #paulbencivengo #shadybrook
Sun May 10 16:53:34 +0000 2015,#NBA #Bucks - NBA Milwaukee Bucks #34 Giannis Antetokounmpo Bobblehead Give Away 11/29/... http://t.co/XFqbNsSANK http://t.co/k33Sm3HFUt
Sun May 10 16:53:33 +0000 2015,#NBA #Bucks - vintage Champion NBA Milwaukee Bucks GLENN "Big Dog" ROBINSON  jersey siz... http://t.co/1oQgAxL2Ky http://t.co/k33Sm3HFUt
Sun May 10 16:53:33 +0000 2015,#NBA #Bucks - ADIDAS NBA, Milwaukee Bucks REDD #22, Burgundy, BOYS Size L (14/16) Jerse... http://t.co/DG0BZyTpQR http://t.co/k33Sm3HFUt
Sun May 10 16:53:33 +0000 2015,#NBA #Bucks - Vintage Milwaukee Bucks Shirt XL Champion NBA Basketball sleeveless Tee r... http://t.co/vKFCbtGd2d http://t.co/k33Sm3HFUt
Sun May 10 16:53:33 +0000 2015,#NBA #Bucks - JON MCGLOCKLIN MILWAUKEE BUCKS UNSIGNED 8X10 PHOTO:  $4.99End Date: Tuesd... http://t.co/tsWkdu9cNq http://t.co/k33Sm3HFUt
Sun May 10 16:50:13 +0000 2015,Kyrie Irving Downplays Strained Right Foot http://t.co/VdAqAozVwW #Bucks #NBA
Sun May 10 16:48:27 +0000 2015,Happy Mother's Day Momma Buckeye! @spinnershells Go #Bucks
Sun May 10 16:44:04 +0000 2015,http://t.co/JDe7w4y50X [NBA] - Daily News - May 10, 2015  #Bucks http://t.co/UBR9TV2qjV
Sun May 10 16:29:13 +0000 2015,Looking through to #badminton court @DiogenesSunClub #familyfriendly #member #sunclub #bucksâ€¦ http://t.co/E46eMSmzNe
Sun May 10 16:29:04 +0000 2015,#Ava is One #happybirthday #mum #dad #family #bucks #buckinghamshire #holmergreen http://t.co/AIF0tUvRNP
Sun May 10 16:29:01 +0000 2015,RT @SleeperAthletes: #DeerfieldBeach #Bucks Offense at the #FIU Scrimmages http://t.co/VL1rjhi9tS
Sun May 10 16:28:56 +0000 2015,#birthday #Ava 1st with one happy emma_james #bucks #buckinghamshire http://t.co/6vK0N5szi7
Sun May 10 16:28:52 +0000 2015,RT @SleeperAthletes: #DeerfieldBeach #Bucks Defense at the #FIU Scrimmages http://t.co/amdqqvVJMZ
Sun May 10 16:25:12 +0000 2015,Lakers Plan To Pursue Jimmy Butler http://t.co/uYXQvnZZ80 #Bucks #NBA
Sun May 10 16:21:10 +0000 2015,Bucks County, Pa. Opens Summer Tourism Season With Ice Cream Give  http://t.co/NPdn9EZ7Ym
  #bucks #nationaltourism
Sun May 10 16:15:47 +0000 2015,Free home visiting #goldbuying services to #bucks #miltonkeynes #cambs #suffolk #herts #essex #harlow #stevenage #hertford #colchester #ware
Sun May 10 16:15:36 +0000 2015,RT @SleeperAthletes: #DeerfieldBeach #Bucks Defense at the #FIU Scrimmages http://t.co/amdqqvVJMZ
Sun May 10 16:05:29 +0000 2015,RT @millypod1: #Lost White Grey Akita Female YOUNG ADULT #FlackwellHeath #HighWycombe #Bucks South East #HP10 http://t.co/k99y3osg47 http:/â€¦
Sun May 10 15:49:09 +0000 2015,Watch Khris Middleton #Hit an insane buzzer-beater to beat Heat #Bucks #Facebook #Tumblr http://t.co/N7SAER10W2
Sun May 10 15:45:31 +0000 2015,RT @DonWalkerJS: Survey work under way at proposed #Bucks arena site. #BMOHBC officials say work is being done in advance of potential arenâ€¦
Sun May 10 15:44:35 +0000 2015,RT @millypod1: #Lost White Grey Akita Female YOUNG ADULT #FlackwellHeath #HighWycombe #Bucks South East #HP10 http://t.co/k99y3osg47 http:/â€¦
Sun May 10 15:44:14 +0000 2015,RT @mikeysheridan: IT's TWO: @afctugirls celebrate making it 2-0 in the final of the SGWFL Cup at @telfordutd. #afctu #bucks http://t.co/9Vâ€¦
Sun May 10 15:38:07 +0000 2015,RT @SleeperAthletes: #DeerfieldBeach #Bucks Defense at the #FIU Scrimmages http://t.co/amdqqvVJMZ
Sun May 10 15:35:26 +0000 2015,http://t.co/pjVGIpnIHk: Big Win MLB Hack - Coins, Big Bucks Cheats iOS... http://t.co/w3Hrzf87ql #android #bucks #cheats #coins #hack
Sun May 10 15:28:31 +0000 2015,Festiball ðŸ’ƒ #bucks #uni #jager https://t.co/FqsDF4dkDA
Sun May 10 15:28:12 +0000 2015,Sly Fox Bock Fest Goat Race crowns newest champion in Pottstown  http://t.co/xMwgvfqXHW
  #bucks #joeleskin #slyfox
Sun May 10 15:25:12 +0000 2015,Over 40s most likely to become first-time #landlords http://t.co/dowbjwXFHU 

#propertynews #gerrardscross #bucks
Sun May 10 15:23:50 +0000 2015,RT @mikeysheridan: IT's TWO: @afctugirls celebrate making it 2-0 in the final of the SGWFL Cup at @telfordutd. #afctu #bucks http://t.co/9Vâ€¦
Sun May 10 15:20:01 +0000 2015,RT @mikeysheridan: IT's TWO: @afctugirls celebrate making it 2-0 in the final of the SGWFL Cup at @telfordutd. #afctu #bucks http://t.co/9Vâ€¦
Sun May 10 15:14:23 +0000 2015,Feature: Chiltern Society celebrates 50 years of preserving countryside http://t.co/M8mK7oozYm #Bucks
Sun May 10 15:14:22 +0000 2015,#bucks Feature: Chiltern Society celebrates 50 years of preserving countryside: A group dedicated to securing ... http://t.co/LWkFSZmh21
Sun May 10 15:13:27 +0000 2015,#DeerfieldBeach #Bucks Defense at the #FIU Scrimmages http://t.co/amdqqvVJMZ
Sun May 10 15:13:05 +0000 2015,Every spring #bucks, #bulls get lightheaded when their antlers fall off. http://t.co/3ww0nQhQWf http://t.co/dWTTkn86q3
Sun May 10 15:12:28 +0000 2015,Garden Statement Pieces. #gardening #garden #homestaging #Buckingham #Bucks http://t.co/xxOfF3uYVO â€” Secretâ€¦ http://t.co/s2fUAXDw2Z

â€” â€¦
Sun May 10 15:12:27 +0000 2015,#DeerfieldBeach #Bucks Offense at the #FIU Scrimmages http://t.co/VL1rjhi9tS
Sun May 10 15:12:25 +0000 2015,Marble Effect Hand Painted Half Moon Table. #furniture #chalkpaint #Buckingham #Bucks #oxon #upcycling #homestaging â€¦

â€” Jennifer Butler BHâ€¦
Sun May 10 15:12:25 +0000 2015,Garden Statement Pieces. #gardening #garden #homestaging #Buckingham #Bucks http://t.co/xxOfF3uYVO

â€” Secret Messages (ScrtMsgs) May 10, â€¦
Sun May 10 14:59:13 +0000 2015,@mikeysheridan Top of #bucks leaderboard! Need to clean up your inbox? Unroll.Me can help: http://t.co/Abp3MwUHhQ
Sun May 10 14:59:01 +0000 2015,Garden Statement Pieces. #gardening #garden #homestaging #Buckingham #Bucks http://t.co/xxOfF3uYVO â€” Secretâ€¦ http://t.co/s2fUAXDw2Z

â€” â€¦
Sun May 10 14:58:59 +0000 2015,Marble Effect Hand Painted Half Moon Table. #furniture #chalkpaint #Buckingham #Bucks #oxon #upcycling #homestaging â€¦

â€” Jennifer Butler BHâ€¦
Sun May 10 14:58:59 +0000 2015,Garden Statement Pieces. #gardening #garden #homestaging #Buckingham #Bucks http://t.co/xxOfF3uYVO

â€” Secret Messages (ScrtMsgs) May 10, â€¦
Sun May 10 14:56:24 +0000 2015,@bucksangels 01494 474181 #Lifestyle #Household #personal #Beauty #birthday #party #highwycombe #marlow #bucks #Declutter #Organisation RT
Sun May 10 14:56:02 +0000 2015,Find more 2014 BIG #bucks on our website http://t.co/FgNbeCaQ1M 
#Q1BuckPole #Hunting #DeerHunting... http://t.co/OMUxTWPRPX
Sun May 10 14:48:37 +0000 2015,Garden Statement Pieces. #gardening #garden #homestaging #Buckingham #Bucks http://t.co/xxOfF3uYVO â€” Secretâ€¦ http://t.co/s2fUAXDw2Z

â€” â€¦
Sun May 10 14:48:35 +0000 2015,Marble Effect Hand Painted Half Moon Table. #furniture #chalkpaint #Buckingham #Bucks #oxon #upcycling #homestaging â€¦

â€” Jennifer Butler BHâ€¦
Sun May 10 14:48:35 +0000 2015,Garden Statement Pieces. #gardening #garden #homestaging #Buckingham #Bucks http://t.co/xxOfF3uYVO

â€” Secret Messages (ScrtMsgs) May 10, â€¦
Sun May 10 14:44:58 +0000 2015,#Bucks Kenyon Martin is expected to sign a one month deal with Panathinaikos.  http://t.co/ojOABVyels
Sun May 10 14:38:23 +0000 2015,#milwaukeebucks #milwaukee #bucks #MIL Kenyon Martin To Sign With Panathinaikos http://t.co/wL0t1IZe4k
Sun May 10 14:36:28 +0000 2015,#NBA #Bucks - 1997-98 Ray Allen #34 Milwaukee Bucks 1971 RETRO Throwback Jersey Size 3X... http://t.co/NmyMYpowBI http://t.co/k33Sm3HFUt
Sun May 10 14:33:26 +0000 2015,http://t.co/JDe7w4y50X NBA Youth Mouth Guard  #Bucks http://t.co/ZUAymUcKB3
Sun May 10 14:24:12 +0000 2015,Garden Statement Pieces. #gardening #garden #homestaging #Buckingham #Bucks http://t.co/xxOfF3uYVO â€” Secretâ€¦ http://t.co/s2fUAXDw2Z

â€” â€¦
Sun May 10 14:24:10 +0000 2015,Marble Effect Hand Painted Half Moon Table. #furniture #chalkpaint #Buckingham #Bucks #oxon #upcycling #homestaging â€¦

â€” Jennifer Butler BHâ€¦
Sun May 10 14:24:10 +0000 2015,Garden Statement Pieces. #gardening #garden #homestaging #Buckingham #Bucks http://t.co/xxOfF3uYVO

â€” Secret Messages (ScrtMsgs) May 10, â€¦
Sun May 10 14:20:34 +0000 2015,Garden Statement Pieces. #gardening #garden #homestaging #Buckingham #Bucks http://t.co/zz66QvFIPT â€” Secretâ€¦ http://t.co/gNonuveqGB
Sun May 10 14:17:39 +0000 2015,#Bucks Tweets: RT @SpiceJr: Happy Mother's Day to all the wonderful mothers. #NBA http://t.co/K0C0hznlTW
Sun May 10 14:12:24 +0000 2015,RT @mikeysheridan: IT's TWO: @afctugirls celebrate making it 2-0 in the final of the SGWFL Cup at @telfordutd. #afctu #bucks http://t.co/9Vâ€¦
Sun May 10 14:09:02 +0000 2015,Marble Effect Hand Painted Half Moon Table. #furniture #chalkpaint #Buckingham #Bucks #oxon #upcycling #homestaging â€¦

â€” Jennifer Butler BHâ€¦
Sun May 10 14:09:02 +0000 2015,Garden Statement Pieces. #gardening #garden #homestaging #Buckingham #Bucks http://t.co/xxOfF3uYVO

â€” Secret Messages (ScrtMsgs) May 10, â€¦
