Sun May 10 19:59:34 +0000 2015,L L L #NBA #Boston #Celtics BASKETBALL CELTICS TONIGHT 2008 PLAYOFF PROGRAM REPRODUCTION #BasketBall #Forsale http://t.co/wovzZA3QhB
Sun May 10 19:57:06 +0000 2015,#NBA Vintage #Boston #Celtics Larry Bird Adidas Hardwood Classics Sewn Youth Jersey M http://t.co/5uhqzJD9e7 #BasketBall #Forsale
Sun May 10 19:57:06 +0000 2015,#NBA #Celtics #Arena Boston Celtics Infant Sleeper adidas Performance NBA 3/6 Months NWT http://t.co/Gczrn3Q5O8 #BasketBall #Deals
Sun May 10 19:55:21 +0000 2015,#Healthy #Program You're Body Building - NOT on a Weight Loss Diet http://t.co/idfcNEsYsL #Celtics #GetFit
Sun May 10 19:54:26 +0000 2015,Unfortunately I didn't get to watch this live :( #TheTruth #PaulPierce still got it... #Celtics #CelticsNation  https://t.co/6urrOCmqU9
Sun May 10 19:54:12 +0000 2015,L #NBA #Celtics #Arena NBA PAUL PIERCE #34 BASKETBALL JERSEY SIZE XL BOSTON CELTICS REEBOK HARDWOOD #BasketBall‚Ä¶ http://t.co/qq2xYRAlJO
Sun May 10 19:53:21 +0000 2015,Shows how bad the #Celtics were. #Cavs aren't that good and Kevin Love wouldn't make a difference. #CLEvsCHI
Sun May 10 19:50:19 +0000 2015,2015 Awards Series Most Improved Player :Tyler Zeller http://t.co/5YnaS7H2uL #Celtics #NBA
Sun May 10 19:50:15 +0000 2015,#Celtics #Tshirt NBA Boston Celtics Basketball 'I Am A Celtic' Black Adidas Med http://t.co/nN6FHRD3l1 #NBA #Boston
Sun May 10 19:50:14 +0000 2015,#Celtics #Jersey Vintage Boston Celtics Larry Bird Adidas Hardwood Classics Sewn Youth Jersey M http://t.co/fWImzPpxe4 #Basketball #NBA
Sun May 10 19:49:12 +0000 2015,L L #Celtics #Jersey Kevin Garnett Boston Celtics Jersey Size Youth Medium NBA Adidas #Basketball #NBA http://t.co/jeutUNDIXd
Sun May 10 19:43:25 +0000 2015,L #NBA #Boston #Celtics BASKETBALL DAVE COWENS 1978-79 MEDIA GUIDE COLLECTOR POSTCARD NEW #BasketBall #Forsale http://t.co/5ARSIMXZHL
Sun May 10 19:41:38 +0000 2015,#NBA #Boston #Celtics BASKETBALL 1980 PLAYOFFS MEDIA PASS REPRODUCTION http://t.co/FwMgrXVvAp #BasketBall #Forsale
Sun May 10 19:41:38 +0000 2015,#NBA #Celtics #Arena vtg PAUL PIERCE Boston Celtics YOUTH SIZE SMALL (8) reebok SEWN NBA jersey http://t.co/l0p5SyqXaa #BasketBall #Deals
Sun May 10 19:40:07 +0000 2015,#Healthy #Program Garcinia Cambogia Review - Weight Loss Supplements Put to the Test http://t.co/UWMFW9H9Xm #Celtics #GetFit
Sun May 10 19:34:18 +0000 2015,#Celtics #Jersey Adidas Boston Celtics Rajon Rondo Limited Edition Collectable Jersey Mens Sz S http://t.co/9H9hIq6AWb #Basketball #NBA
Sun May 10 19:34:18 +0000 2015,#Celtics #Tshirt BOSTON CELTICS WOMANS PLUS SIZE 3X T-SHIRT NBA BASKETBALL GREEN http://t.co/x6BnUPeViW #NBA #Boston
Sun May 10 19:32:28 +0000 2015,RT @HMX__Athletics7: @ESPNNBA @NBAonTNT For the first time since 1999, the #Spurs, #Lakers, #Pistons, #Celtics, #Mavs, and #Heat will not b‚Ä¶
Sun May 10 19:32:05 +0000 2015,L L L #NBA SAM JONES DAY #Boston #Celtics BASKETBALL 1969 PROGRAM Reproduction Must See #BasketBall #Forsale http://t.co/70dMqEYmyZ
Sun May 10 19:31:54 +0000 2015,@ESPNNBA @NBAonTNT For the first time since 1999, the #Spurs, #Lakers, #Pistons, #Celtics, #Mavs, and #Heat will not be in the #NBAFinals
Sun May 10 19:30:18 +0000 2015,Ainge offers support for Brady http://t.co/2W49BZOqM3 #Celtics #NBA
Sun May 10 19:29:51 +0000 2015,@JoshSportsSpeak gives you a Boston Celtics Draft Profile: Bobby Portis http://t.co/aFdHnqi2RG #Celtics #NBADraft
Sun May 10 19:29:08 +0000 2015,Boston Celtics Draft Profile: Bobby Portis http://t.co/vDGiDOn4Ou #Celtics #NBADraft
Sun May 10 19:26:35 +0000 2015,L #NBA #Boston #Celtics BASKETBALL 1972 SEASON TICKET HOLDER LETTER REPRODUCTION #BasketBall #Forsale http://t.co/cXQ7xZ1N8d
Sun May 10 19:24:12 +0000 2015,#NBA #Boston #Celtics Infant Sleeper adidas Performance NBA 3/6 Months NWT http://t.co/jDYpBvIm2U #BasketBall #Forsale
Sun May 10 19:24:11 +0000 2015,#NBA #Celtics #Arena NWT BLEACHER CREATURES BOSTON CELTICS RAJON RONDO 14" PLUSH http://t.co/jtXY0XX9XE #BasketBall #Deals
Sun May 10 19:22:15 +0000 2015,L L #Celtics #Jersey Boston Celtics Logo Adidas Warm Up Jersey Long Sleeve Shirt (Black/ Green XL) #Basketball #NBA http://t.co/sZ97hkSPmH
Sun May 10 19:18:06 +0000 2015,#Celtics #Jersey NBA Boston Celtics Pierce #34 Meshed Basketball Jersey XL by Delf http://t.co/H4uaEvSBtN #Basketball #NBA
Sun May 10 19:16:21 +0000 2015,L L #NBA #Boston #Celtics BASKETBALL CELTICS TONIGHT 2008 PLAYOFF PROGRAM REPRODUCTION #BasketBall #Forsale http://t.co/v6eOu5Hy94
Sun May 10 19:12:30 +0000 2015,RT @GreenTalkPod: Vote in the Greatest #Celtics of All Time Bracket RT: Russell Fav: Parish winner announced on the #GreenTalk Podcast http‚Ä¶
Sun May 10 19:10:44 +0000 2015,L #NBA #Boston #Celtics BASKETBALL BIRD MAXWELL 1979-80 MEDIA GUIDE COLLECTOR POSTCARD #BasketBall #Forsale http://t.co/F5zOCiJilf
Sun May 10 19:10:20 +0000 2015,#Healthy #Program 5 Simple Steps to a Cost-Effective At-Home Body Wrap http://t.co/4aO7yeoSuZ #Celtics #GetFit
Sun May 10 19:10:17 +0000 2015,Who was most improved Celtic? http://t.co/LfmVsOH87G #Celtics #NBA
Sun May 10 19:09:37 +0000 2015,RT @BostonCelts4eva: Larry Bird won the first three 3-point shootout contests for the #Celtics.
Sun May 10 19:08:38 +0000 2015,Nice, @GreenTalkPod! You're top of #celtics! Tired of your inbox being full of junk? Try Unroll.Me http://t.co/iztn5iBXEi
Sun May 10 19:08:10 +0000 2015,#NBA #Boston #Celtics Plush Teddy Bear Forever Collectibles 2008 NBA Champions 6 Inches http://t.co/EcltsnanPm #BasketBall #Forsale
Sun May 10 19:08:10 +0000 2015,#NBA #Celtics #Arena NBA PAUL PIERCE #34 BASKETBALL JERSEY SIZE XL BOSTON CELTICS REEBOK HARDWOOD http://t.co/pXwKTWKuDc #BasketBall #Deals
Sun May 10 19:05:07 +0000 2015,L L #Celtics #Jersey Nike Boston Celtics Paul Pierce Jersey 3XL #Basketball #NBA http://t.co/QvLEzyGrnv
Sun May 10 19:03:18 +0000 2015,Love my mudder. Happy Mother's Day. #mothersday #mom #mother #boston #celtics #lenbiasjersey‚Ä¶ https://t.co/fxEZVMCEZY
Sun May 10 19:02:09 +0000 2015,John Wall Out For Game 3 - http://t.co/YMT7sy7FoN #Celtics
Sun May 10 19:01:14 +0000 2015,#TheTruth #AlwaysACeltic #celtics https://t.co/QkBzdUcif7
Sun May 10 18:59:36 +0000 2015,L #Celtics #Jersey Kevin Garnett Boston Celtics Jersey Size Youth Medium NBA Adidas #Basketball #NBA http://t.co/w7EVENlzYF
Sun May 10 18:54:06 +0000 2015,#Healthy #Program You're Body Building - NOT on a Weight Loss Diet http://t.co/xL1qcdOWpA #Celtics #GetFit
Sun May 10 18:53:06 +0000 2015,#NBA #Boston #Celtics BASKETBALL DAVE COWENS 1978-79 MEDIA GUIDE COLLECTOR POSTCARD NEW http://t.co/Ojw6khxtqy #BasketBall #Forsale
Sun May 10 18:53:06 +0000 2015,#NBA #Celtics #Arena Boston Celtics Rewind Warm Up Shirt / Pullover Size 2XL http://t.co/UKEuOdXWz1 #BasketBall #Deals
Sun May 10 18:50:26 +0000 2015,RT @GreenTalkPod: Vote in the Greatest #Celtics of All Time Bracket RT: Russell Fav: Parish winner announced on the #GreenTalk Podcast http‚Ä¶
Sun May 10 18:50:16 +0000 2015,Fountain of Truth http://t.co/ZESwLuP2u3 #Celtics #NBA
Sun May 10 18:50:05 +0000 2015,L L #Celtics #Jersey Adidas NBA Boston Celtics RAY ALLEN swingman jersey size Medium SEWN #Basketball #NBA http://t.co/7JGjreTtFH
Sun May 10 18:46:34 +0000 2015,#Celtics #Tshirt BOSTON CELTICS T-SHIRT ADULT XL 50/50 GREEN NBA BASKETBALL TEAM TEE http://t.co/KJxooFBl4j #NBA #Boston
Sun May 10 18:46:18 +0000 2015,RT @BostonCelts4eva: 22 years ago today, #Celtics 7 time All-Star Kevin McHale retired from the #NBA. http://t.co/p3EWemjxdq
Sun May 10 18:44:44 +0000 2015,L #Celtics #Tshirt BOSTON CELTICS 2009 NBA FINALS T SHIRT KEVIN GARNETT RAJON RONDO PAUL PIERCE #NBA #Boston http://t.co/AwW2tPJocD
Sun May 10 18:42:45 +0000 2015,RT @BostonCelts4eva: Larry Bird won the first three 3-point shootout contests for the #Celtics.
Sun May 10 18:39:08 +0000 2015,L L #NBA SAM JONES DAY #Boston #Celtics BASKETBALL 1969 PROGRAM Reproduction Must See #BasketBall #Forsale http://t.co/5yV0DGbHXM
Sun May 10 18:39:08 +0000 2015,#Healthy #Program Know About the Foods That Will Help You to Lose Weight http://t.co/PAQXqjQ9su #Celtics #GetFit
Sun May 10 18:37:17 +0000 2015,#NBA #Boston #Celtics BASKETBALL 1972 SEASON TICKET HOLDER LETTER REPRODUCTION http://t.co/GFkQaWFOne #BasketBall #Forsale
Sun May 10 18:37:16 +0000 2015,#NBA #Celtics #Arena vtg RAJON RONDO Boston Celtics adidas YOUTH MEDIUM (10-12) jersey SEWN NBA http://t.co/dusWtsSUMI #BasketBall #Deals
Sun May 10 18:37:15 +0000 2015,#Celtics #Hat NBA Basketball Boston Celtics Cap Green Black Adjustable Hat http://t.co/dEuvN5BCSa #Boston #BestSeller
Sun May 10 18:35:54 +0000 2015,RT @BostonCelts4eva: Larry Bird won the first three 3-point shootout contests for the #Celtics.
Sun May 10 18:35:24 +0000 2015,Vote in the Greatest #Celtics of All Time Bracket RT: Russell Fav: Parish winner announced on the #GreenTalk Podcast http://t.co/nE8I2o09L5
Sun May 10 18:35:10 +0000 2015,#BOBBY2BOSTON #CELTICS #GREENFIENDS üçÄ üçÄ üçÄ üçÄ
Sun May 10 18:34:14 +0000 2015,L #Celtics #Jersey Boston Celtics Logo Adidas Warm Up Jersey Long Sleeve Shirt (Black/ Green XL) #Basketball #NBA http://t.co/SqyNfzSHSS
Sun May 10 18:30:16 +0000 2015,Danny Ainge :No Way Kelly Olynyk Intentionally Tried to Injure Kevin Love http://t.co/wOMVEssXWd #Celtics #NBA
Sun May 10 18:29:05 +0000 2015,#Celtics #Jersey vtg PAUL PIERCE Boston Celtics YOUTH SIZE SMALL (8) reebok SEWN NBA jersey http://t.co/jNVP58rPUu #Basketball #NBA
Sun May 10 18:28:34 +0000 2015,L #NBA #Boston #Celtics BASKETBALL CELTICS TONIGHT 2008 PLAYOFF PROGRAM REPRODUCTION #BasketBall #Forsale http://t.co/elV5w6MUZl
Sun May 10 18:22:20 +0000 2015,#NBA #Boston #Celtics BASKETBALL BIRD MAXWELL 1979-80 MEDIA GUIDE COLLECTOR POSTCARD http://t.co/XUvsm0t1Zv #BasketBall #Forsale
Sun May 10 18:22:19 +0000 2015,#NBA #Celtics #Arena BOB COUSY AUERBACH BOSTON CELTICS BASKETBALL 1953-54 PROGRAM COLLECTOR‚Ä¶ http://t.co/DjqTeSDvWw #BasketBall #Deals
Sun May 10 18:19:25 +0000 2015,L L D #NBA Nice! Mens PAUL PIERCE #Boston #Celtics Adidas Throwback NBA JERSEY XL +2 #BasketBall #Forsale http://t.co/XadLg9c8Pp
Sun May 10 18:15:24 +0000 2015,RT @Celtics_fans10: Despite Sweep, C&amp;#039;s See Progress in Surprising Season - http://t.co/7lAFwVbdCw #Celtics
Sun May 10 18:13:27 +0000 2015,L #Celtics #Jersey Nike Boston Celtics Paul Pierce Jersey 3XL #Basketball #NBA http://t.co/Lm3mlV7DfU
Sun May 10 18:13:26 +0000 2015,#Celtics #Jersey Kevin Garnett Boston Celtics Jersey Size Youth Medium NBA Adidas http://t.co/RGlfAQN5Wy #Basketball #NBA
Sun May 10 18:10:15 +0000 2015,Report :Celtics Plan on Targeting DeMarcus Cousins Via Trade http://t.co/0YbBiAnpiD #Celtics #NBA
Sun May 10 18:09:08 +0000 2015,#Healthy #Program Probing the Expectation of Benefits of Chinese Slimming Pills http://t.co/lEQfogTSiX #Celtics #GetFit
Sun May 10 18:08:21 +0000 2015,L L #NBA #Celtics #Arena LARRY BIRD MONEY $33 BOSTON CELTICS BASKETBALL REPLICA DOLLAR BILL RED‚Ä¶ #BasketBall #Deals http://t.co/rg9lLBvSrh
Sun May 10 18:07:01 +0000 2015,http://t.co/KX6iKUfbTz [Fansided: Hardwood Houdini] - Boston Celtics First Round Draf #Celtics http://t.co/QTbjHlPCRA
Sun May 10 18:05:37 +0000 2015,#NBA Authentic #Boston #Celtics Reebok NBA Authentics Basketball Team Jersey Shorts L http://t.co/38614b9O3k #BasketBall #Forsale
Sun May 10 18:05:37 +0000 2015,#NBA #Celtics #Arena BOSTON CELTICS 2009 NBA FINALS T SHIRT KEVIN GARNETT RAJON RONDO PAUL PIERCE http://t.co/NnTc8Yj5X5 #BasketBall #Deals
Sun May 10 17:58:15 +0000 2015,L #Celtics #Jersey Adidas NBA Boston Celtics RAY ALLEN swingman jersey size Medium SEWN #Basketball #NBA http://t.co/dayZRU9dq1
Sun May 10 17:58:14 +0000 2015,#Celtics #Jersey vtg RAJON RONDO Boston Celtics adidas YOUTH MEDIUM (10-12) jersey SEWN NBA http://t.co/2RDsso0q8U #Basketball #NBA
Sun May 10 17:58:14 +0000 2015,#Celtics #Tshirt BOSTON CELTICS 2009 NBA FINALS T SHIRT KEVIN GARNETT RAJON RONDO PAUL PIERCE http://t.co/5C5jtUUwxP #NBA #Boston
Sun May 10 17:56:10 +0000 2015,http://t.co/KX6iKUfbTz Boston Celtics Nike Youth Small Long Sleeve Shirt - Green/Blac #Celtics http://t.co/J7Wm88aL77
Sun May 10 17:53:38 +0000 2015,#Healthy #Program What Is Stevia? And Is It Good or Bad for You? http://t.co/ABO5b7FUld #Celtics #GetFit
Sun May 10 17:52:20 +0000 2015,RT @celtics_nbanews: 10 Indelible Moments That Defined the 2014-2015 Boston Celtics http://t.co/Gik2DeE1Is #Celtics #NBA
Sun May 10 17:52:06 +0000 2015,Despite Sweep, C&amp;#039;s See Progress in Surprising Season - http://t.co/7lAFwVbdCw #Celtics
Sun May 10 17:52:04 +0000 2015,L #NBA SAM JONES DAY #Boston #Celtics BASKETBALL 1969 PROGRAM Reproduction Must See #BasketBall #Forsale http://t.co/8v9EWWZjl4
Sun May 10 17:50:14 +0000 2015,10 Indelible Moments That Defined the 2014-2015 Boston Celtics http://t.co/Gik2DeE1Is #Celtics #NBA
Sun May 10 17:49:35 +0000 2015,#NBA #Boston #Celtics Rewind Warm Up Shirt / Pullover Size 2XL http://t.co/KIFCGc6xEe #BasketBall #Forsale
Sun May 10 17:49:34 +0000 2015,#NBA #Celtics #Arena BOSTON CELTICS BASKETBALL BIRD MAXWELL 1979-80 MEDIA GUIDE COLLECTOR‚Ä¶ http://t.co/qYEMzdvEgU #BasketBall #Deals
Sun May 10 17:46:36 +0000 2015,L L L #NBA Vintage #Boston #Celtics Christmas Glass Ornament, Topperscot, Inc., Made in USA #BasketBall #Forsale http://t.co/RPVXkEM5st
Sun May 10 17:46:10 +0000 2015,RT @ogseby: #Heat V #Celtics 
    Lets Go Heat! 
             #Heat #4 #Life
Sun May 10 17:41:35 +0000 2015,#Celtics #Jersey Boston Celtics Logo Adidas Warm Up Jersey Long Sleeve Shirt (Black/ Green XL) http://t.co/h1kqb7KBWe #Basketball #NBA
Sun May 10 17:40:12 +0000 2015,RT @celtics_nbanews: Lakers Expected To Pursue Jimmy Butler http://t.co/ZzCZkcdXH3 #Celtics #NBA
Sun May 10 17:37:13 +0000 2015,L L #NBA #Boston #Celtics BASKETBALL BIRD McHALE 1987-88 MEDIA GUIDE COLLECTOR POSTCARD #BasketBall #Forsale http://t.co/I1Z0zq3rB1
Sun May 10 17:35:49 +0000 2015,RT @BostonCelts4eva: Larry Bird won the first three 3-point shootout contests for the #Celtics.
Sun May 10 17:35:29 +0000 2015,RT @gmicks67: #celtics should of kept #thetruth
Sun May 10 17:34:17 +0000 2015,#NBA #Boston #Celtics BASKETBALL CELTICS TONIGHT 2008 PLAYOFF PROGRAM REPRODUCTION http://t.co/Xlt43mxwtn #BasketBall #Forsale
Sun May 10 17:34:16 +0000 2015,#NBA #Celtics #Arena BOSTON CELTICS BASKETBALL 1980 PLAYOFFS MEDIA PASS REPRODUCTION http://t.co/DhCnBUw8Bl #BasketBall #Deals
Sun May 10 17:34:16 +0000 2015,#Celtics #Hat BOSTON CELTICS "YOUTH NBA GREEN WINTER FITTED KNIT ADIDAS BEANIE HAT CAP NWT OS http://t.co/dsYVpFd0iH #Boston #BestSeller
Sun May 10 17:31:14 +0000 2015,L D #NBA Nice! Mens PAUL PIERCE #Boston #Celtics Adidas Throwback NBA JERSEY XL +2 #BasketBall #Forsale http://t.co/5v9mc7bc4U
Sun May 10 17:30:13 +0000 2015,Lakers Expected To Pursue Jimmy Butler http://t.co/ZzCZkcdXH3 #Celtics #NBA
Sun May 10 17:30:05 +0000 2015,Larry Bird won the first three 3-point shootout contests for the #Celtics. http://t.co/Gc1V9F4oKW
