Sun May 10 19:59:04 +0000 2015,L L C #Sports #Basketball Vintage late 1990's early 2000's ATLANTA #Hawks NBA Basketball mini pennant #Bestseller… http://t.co/RxehyAXbP8
Sun May 10 19:59:00 +0000 2015,RT @NBAMemes: These 2015 NBA Semifinals' Top Teams in Review.

#Cavs #Warriors #Rockets #Hawks http://t.co/cmNRfCafQV
Sun May 10 19:58:41 +0000 2015,【取引成立】おめでとうございます！出品チケットが取引成立しました！福岡ソフトバンクホークス 対 埼玉西武ライオンズ 2015 6/29 (月)の東京ドーム 2枚 http://t.co/5NpP3Xxn1K #ソフトバンクホークス #ホークス #Hawks
Sun May 10 19:57:41 +0000 2015,RT @NBAMemes: These 2015 NBA Semifinals' Top Teams in Review.

#Cavs #Warriors #Rockets #Hawks http://t.co/cmNRfCafQV
Sun May 10 19:57:21 +0000 2015,John Wall podría tener complicado volver a jugar esta temporada #Baloncesto #Deportes #Basket #Rumores #Hawks     … https://t.co/YuLCmI53KD
Sun May 10 19:57:07 +0000 2015,RT @NBAMemes: These 2015 NBA Semifinals' Top Teams in Review.

#Cavs #Warriors #Rockets #Hawks http://t.co/cmNRfCafQV
Sun May 10 19:57:06 +0000 2015,#Sports #Basketball ** Atlanta #Hawks Tee T-Shirt - XL http://t.co/LhhFup2UG0 #Bestseller #Buy
Sun May 10 19:57:05 +0000 2015,#NBA #AtlantaHawks NWT Size 7 1/8 Atlanta Hawks Fitted Hat http://t.co/p7I8yBEkrl #Hawks #Sports
Sun May 10 19:56:12 +0000 2015,RT @NBAMemes: These 2015 NBA Semifinals' Top Teams in Review.

#Cavs #Warriors #Rockets #Hawks http://t.co/cmNRfCafQV
Sun May 10 19:54:39 +0000 2015,RT @NBAMemes: These 2015 NBA Semifinals' Top Teams in Review.

#Cavs #Warriors #Rockets #Hawks http://t.co/cmNRfCafQV
Sun May 10 19:54:20 +0000 2015,RT @NBAMemes: These 2015 NBA Semifinals' Top Teams in Review.

#Cavs #Warriors #Rockets #Hawks http://t.co/cmNRfCafQV
Sun May 10 19:54:18 +0000 2015,【湯上谷 宏②】 
燃えろよ湯上谷 我らの湯上谷
お前のバットで 勝利を決めろ #Nankai #Hawks #sbhawks
Sun May 10 19:54:06 +0000 2015,RT @SportsBueno: #Atlanta #Hawks pins! #Pinterest #Pins #pinning #socialmedia #digital #marketing #smm #Sports #Bueno #growthhacking  https…
Sun May 10 19:52:46 +0000 2015,RT @NBAMemes: These 2015 NBA Semifinals' Top Teams in Review.

#Cavs #Warriors #Rockets #Hawks http://t.co/cmNRfCafQV
Sun May 10 19:52:20 +0000 2015,RT @NBAMemes: These 2015 NBA Semifinals' Top Teams in Review.

#Cavs #Warriors #Rockets #Hawks http://t.co/cmNRfCafQV
Sun May 10 19:52:18 +0000 2015,ワイ「工藤から無能臭がするンゴ・・・」 
#Hawks #npb #プロ野球 
http://t.co/OpqByXUQjB 
https://t.co/91BzPeht4i
Sun May 10 19:52:11 +0000 2015,TIX http://t.co/MY3Vif2208 Washington Wizards Atlanta #Hawks May 13 5/13 2 Tickets 114 Row E Lowers… http://t.co/4edWa9Qnbh #NBA #Ticket
Sun May 10 19:52:04 +0000 2015,TIX http://t.co/VQAWDAqIz5 Washington Wizards Atlanta #Hawks May 13 5/13 2 #Ticket 114 Row E Lowers… http://t.co/RGkk5x9B8i #Tickets #NBA
Sun May 10 19:51:58 +0000 2015,#Hawks DeMarre Carroll said that he did not feel comfortable physically, and that's why he spent the final pos...  http://t.co/ojOABVyels
Sun May 10 19:51:32 +0000 2015,RT @NBAMemes: These 2015 NBA Semifinals' Top Teams in Review.

#Cavs #Warriors #Rockets #Hawks http://t.co/cmNRfCafQV
Sun May 10 19:49:47 +0000 2015,RT @NBAMemes: These 2015 NBA Semifinals' Top Teams in Review.

#Cavs #Warriors #Rockets #Hawks http://t.co/cmNRfCafQV
Sun May 10 19:49:35 +0000 2015,RT @NBAMemes: These 2015 NBA Semifinals' Top Teams in Review.

#Cavs #Warriors #Rockets #Hawks http://t.co/cmNRfCafQV
Sun May 10 19:49:04 +0000 2015,L NBA #AtlantaHawks Dominique Wilkins Hardwood Classic Swingman Throwback Jersey Hawks NBA 3XL New #Hawks #Sports http://t.co/ofDeHzRP0u
Sun May 10 19:48:48 +0000 2015,#Atlanta #Hawks pins! #Pinterest #Pins #pinning #socialmedia #digital #marketing #smm #Sports #Bueno #growthhacking  https://t.co/z51IbYEqeJ
Sun May 10 19:45:29 +0000 2015,RT @NBAMemes: These 2015 NBA Semifinals' Top Teams in Review.

#Cavs #Warriors #Rockets #Hawks http://t.co/cmNRfCafQV
Sun May 10 19:44:30 +0000 2015,RT @NBAMemes: These 2015 NBA Semifinals' Top Teams in Review.

#Cavs #Warriors #Rockets #Hawks http://t.co/cmNRfCafQV
Sun May 10 19:44:11 +0000 2015,RT @NBAMemes: These 2015 NBA Semifinals' Top Teams in Review.

#Cavs #Warriors #Rockets #Hawks http://t.co/cmNRfCafQV
Sun May 10 19:43:31 +0000 2015,L B #Sports #Basketball ATLANTA #Hawks FAN PACK #Bestseller #Buy http://t.co/QfgUxbtL1x
Sun May 10 19:42:29 +0000 2015,RT @NBAMemes: These 2015 NBA Semifinals' Top Teams in Review.

#Cavs #Warriors #Rockets #Hawks http://t.co/cmNRfCafQV
Sun May 10 19:42:28 +0000 2015,RT @NBAMemes: These 2015 NBA Semifinals' Top Teams in Review.

#Cavs #Warriors #Rockets #Hawks http://t.co/cmNRfCafQV
Sun May 10 19:41:37 +0000 2015,#Sports #Basketball Dominique Wilkins Hardwood Classic Swingman Throwback Jersey #Hawks NBA 3XL New http://t.co/8dyd995cI2 #Bestseller #Buy
Sun May 10 19:41:36 +0000 2015,#NBA #AtlantaHawks ** Atlanta Hawks Tee T-Shirt - XL http://t.co/WEirHdjpHz #Hawks #Sports
Sun May 10 19:40:05 +0000 2015,#Health #Solution Accountability in Weight Loss http://t.co/lDe1mZOaky #Hawks #Fitness
Sun May 10 19:39:45 +0000 2015,RT @SlippnOnYaTweet: Dwight Howard n Chris Paul talkin about being on teams together. The only team that can sign them both are the #Hawks …
Sun May 10 19:39:43 +0000 2015,RT @NBAMemes: These 2015 NBA Semifinals' Top Teams in Review.

#Cavs #Warriors #Rockets #Hawks http://t.co/cmNRfCafQV
Sun May 10 19:39:15 +0000 2015,RT @NBAMemes: These 2015 NBA Semifinals' Top Teams in Review.

#Cavs #Warriors #Rockets #Hawks http://t.co/cmNRfCafQV
Sun May 10 19:37:05 +0000 2015,#atlantahawks #ATLHawks #Hawks #atlanta Hawks-Wizards Preview (The Associated Press) http://t.co/rsUOGqkDtm
Sun May 10 19:36:32 +0000 2015,RT @NBAMemes: These 2015 NBA Semifinals' Top Teams in Review.

#Cavs #Warriors #Rockets #Hawks http://t.co/cmNRfCafQV
Sun May 10 19:36:12 +0000 2015,RT @NBAMemes: These 2015 NBA Semifinals' Top Teams in Review.

#Cavs #Warriors #Rockets #Hawks http://t.co/cmNRfCafQV
Sun May 10 19:35:59 +0000 2015,RT @NBAMemes: These 2015 NBA Semifinals' Top Teams in Review.

#Cavs #Warriors #Rockets #Hawks http://t.co/cmNRfCafQV
Sun May 10 19:35:52 +0000 2015,RT @NBAMemes: These 2015 NBA Semifinals' Top Teams in Review.

#Cavs #Warriors #Rockets #Hawks http://t.co/cmNRfCafQV
Sun May 10 19:35:38 +0000 2015,RT @NBAMemes: These 2015 NBA Semifinals' Top Teams in Review.

#Cavs #Warriors #Rockets #Hawks http://t.co/cmNRfCafQV
Sun May 10 19:35:04 +0000 2015,TIX http://t.co/MY3Vif2208 L B Washington Wizards Atlanta #Hawks Game 4 PLAYOFFS Round 2 Semis lowers LL… http://t.co/Q6slG4NfSW NBA…
Sun May 10 19:34:34 +0000 2015,RT @NBAMemes: These 2015 NBA Semifinals' Top Teams in Review.

#Cavs #Warriors #Rockets #Hawks http://t.co/cmNRfCafQV
Sun May 10 19:34:33 +0000 2015,RT @NBAMemes: These 2015 NBA Semifinals' Top Teams in Review.

#Cavs #Warriors #Rockets #Hawks http://t.co/cmNRfCafQV
Sun May 10 19:33:50 +0000 2015,RT @NBAMemes: These 2015 NBA Semifinals' Top Teams in Review.

#Cavs #Warriors #Rockets #Hawks http://t.co/cmNRfCafQV
Sun May 10 19:33:41 +0000 2015,RT @NBAMemes: These 2015 NBA Semifinals' Top Teams in Review.

#Cavs #Warriors #Rockets #Hawks http://t.co/cmNRfCafQV
Sun May 10 19:33:27 +0000 2015,RT @NBAMemes: These 2015 NBA Semifinals' Top Teams in Review.

#Cavs #Warriors #Rockets #Hawks http://t.co/cmNRfCafQV
Sun May 10 19:32:37 +0000 2015,RT @NBAMemes: These 2015 NBA Semifinals' Top Teams in Review.

#Cavs #Warriors #Rockets #Hawks http://t.co/cmNRfCafQV
Sun May 10 19:31:43 +0000 2015,RT @NBAMemes: These 2015 NBA Semifinals' Top Teams in Review.

#Cavs #Warriors #Rockets #Hawks http://t.co/cmNRfCafQV
Sun May 10 19:31:41 +0000 2015,RT @NBAMemes: These 2015 NBA Semifinals' Top Teams in Review.

#Cavs #Warriors #Rockets #Hawks http://t.co/cmNRfCafQV
Sun May 10 19:31:18 +0000 2015,RT @NBAMemes: These 2015 NBA Semifinals' Top Teams in Review.

#Cavs #Warriors #Rockets #Hawks http://t.co/cmNRfCafQV
Sun May 10 19:30:58 +0000 2015,RT @NBAMemes: These 2015 NBA Semifinals' Top Teams in Review.

#Cavs #Warriors #Rockets #Hawks http://t.co/cmNRfCafQV
Sun May 10 19:30:41 +0000 2015,Are #condors more closely related to #hawks or to #storks? #TheFieldRevealed https://t.co/iRv6MD8xyj
Sun May 10 19:30:36 +0000 2015,RT @NBAMemes: These 2015 NBA Semifinals' Top Teams in Review.

#Cavs #Warriors #Rockets #Hawks http://t.co/cmNRfCafQV
Sun May 10 19:30:35 +0000 2015,RT @NBAMemes: These 2015 NBA Semifinals' Top Teams in Review.

#Cavs #Warriors #Rockets #Hawks http://t.co/cmNRfCafQV
Sun May 10 19:30:31 +0000 2015,RT @NBAMemes: These 2015 NBA Semifinals' Top Teams in Review.

#Cavs #Warriors #Rockets #Hawks http://t.co/cmNRfCafQV
Sun May 10 19:30:02 +0000 2015,10年以上前のパワプロの思い出 http://t.co/SG5ZxZFiNY #hawks #ソフトバンク
Sun May 10 19:29:36 +0000 2015,RT @NBAMemes: These 2015 NBA Semifinals' Top Teams in Review.

#Cavs #Warriors #Rockets #Hawks http://t.co/cmNRfCafQV
Sun May 10 19:29:19 +0000 2015,RT @NBAMemes: These 2015 NBA Semifinals' Top Teams in Review.

#Cavs #Warriors #Rockets #Hawks http://t.co/cmNRfCafQV
Sun May 10 19:29:08 +0000 2015,RT @NBAMemes: These 2015 NBA Semifinals' Top Teams in Review.

#Cavs #Warriors #Rockets #Hawks http://t.co/cmNRfCafQV
Sun May 10 19:29:05 +0000 2015,RT @NBAMemes: These 2015 NBA Semifinals' Top Teams in Review.

#Cavs #Warriors #Rockets #Hawks http://t.co/cmNRfCafQV
Sun May 10 19:28:50 +0000 2015,RT @NBAMemes: These 2015 NBA Semifinals' Top Teams in Review.

#Cavs #Warriors #Rockets #Hawks http://t.co/cmNRfCafQV
Sun May 10 19:28:44 +0000 2015,RT @NBAMemes: These 2015 NBA Semifinals' Top Teams in Review.

#Cavs #Warriors #Rockets #Hawks http://t.co/cmNRfCafQV
Sun May 10 19:28:43 +0000 2015,RT @NBAMemes: These 2015 NBA Semifinals' Top Teams in Review.

#Cavs #Warriors #Rockets #Hawks http://t.co/cmNRfCafQV
Sun May 10 19:28:01 +0000 2015,RT @NBAMemes: These 2015 NBA Semifinals' Top Teams in Review.

#Cavs #Warriors #Rockets #Hawks http://t.co/cmNRfCafQV
Sun May 10 19:27:33 +0000 2015,RT @NBAMemes: These 2015 NBA Semifinals' Top Teams in Review.

#Cavs #Warriors #Rockets #Hawks http://t.co/cmNRfCafQV
Sun May 10 19:27:07 +0000 2015,RT @NBAMemes: These 2015 NBA Semifinals' Top Teams in Review.

#Cavs #Warriors #Rockets #Hawks http://t.co/cmNRfCafQV
Sun May 10 19:26:44 +0000 2015,RT @NBAMemes: These 2015 NBA Semifinals' Top Teams in Review.

#Cavs #Warriors #Rockets #Hawks http://t.co/cmNRfCafQV
Sun May 10 19:26:34 +0000 2015,L #Sports #Basketball Atlanta #Hawks Men's Large Antigua Polo Shirt - Navy Blue with White Trim… #Bestseller #Buy http://t.co/tMguB7c741
Sun May 10 19:26:14 +0000 2015,RT @NBAMemes: These 2015 NBA Semifinals' Top Teams in Review.

#Cavs #Warriors #Rockets #Hawks http://t.co/cmNRfCafQV
Sun May 10 19:25:45 +0000 2015,RT @NBAMemes: These 2015 NBA Semifinals' Top Teams in Review.

#Cavs #Warriors #Rockets #Hawks http://t.co/cmNRfCafQV
Sun May 10 19:25:40 +0000 2015,RT @NBAMemes: These 2015 NBA Semifinals' Top Teams in Review.

#Cavs #Warriors #Rockets #Hawks http://t.co/cmNRfCafQV
Sun May 10 19:25:25 +0000 2015,RT @NBAMemes: These 2015 NBA Semifinals' Top Teams in Review.

#Cavs #Warriors #Rockets #Hawks http://t.co/cmNRfCafQV
Sun May 10 19:25:20 +0000 2015,RT @NBAMemes: These 2015 NBA Semifinals' Top Teams in Review.

#Cavs #Warriors #Rockets #Hawks http://t.co/cmNRfCafQV
Sun May 10 19:25:00 +0000 2015,RT @NBAMemes: These 2015 NBA Semifinals' Top Teams in Review.

#Cavs #Warriors #Rockets #Hawks http://t.co/cmNRfCafQV
Sun May 10 19:24:41 +0000 2015,#NBA #HAWKS - Atlanta Hawks Pete Maravich jersey magnet-"PISTOL"-NBA LEGENDS of HARDWOO... http://t.co/i7cuCoDS3U http://t.co/k33Sm3HFUt
Sun May 10 19:24:41 +0000 2015,#NBA #HAWKS - ** Atlanta Hawks Tee T-Shirt - XL:  $9.99End Date: Tuesday Jun-9-2015 11:... http://t.co/0nwC1yTi3g http://t.co/k33Sm3HFUt
Sun May 10 19:24:41 +0000 2015,#NBA #HAWKS - NWT Size 7 1/8 Atlanta Hawks Fitted Hat:  $30.00End Date: Tuesday Jun-9-2... http://t.co/o6o1uAY4k4 http://t.co/k33Sm3HFUt
Sun May 10 19:24:40 +0000 2015,#NBA #HAWKS - 1986-87 Atlanta Hawks #21 Wilkins NBA Authentic Throwback Jersey-Mitchell... http://t.co/gvPr0c0myU http://t.co/k33Sm3q52V
Sun May 10 19:24:40 +0000 2015,#NBA #HAWKS - Dominique Wilkins Hardwood Classic Swingman Throwback Jersey Hawks NBA 3X... http://t.co/7Hre7Pte03 http://t.co/k33Sm3HFUt
Sun May 10 19:24:31 +0000 2015,RT @NBAMemes: These 2015 NBA Semifinals' Top Teams in Review.

#Cavs #Warriors #Rockets #Hawks http://t.co/cmNRfCafQV
Sun May 10 19:24:08 +0000 2015,#Sports #Basketball Atlanta #Hawks Lou Hudson jersey magnet-"SWEET LOU"-NBA LEGENDS of HARDWOOD http://t.co/7ENvbKiRGX #Bestseller #Buy
Sun May 10 19:24:06 +0000 2015,RT @NBAMemes: These 2015 NBA Semifinals' Top Teams in Review.

#Cavs #Warriors #Rockets #Hawks http://t.co/cmNRfCafQV
Sun May 10 19:24:05 +0000 2015,#NBA #AtlantaHawks 1986-87 Atlanta Hawks #21 Wilkins NBA Authentic Throwback Jersey-Mitchell http://t.co/4XJOaBayJQ #Hawks #Sports
Sun May 10 19:23:45 +0000 2015,RT @NBAMemes: These 2015 NBA Semifinals' Top Teams in Review.

#Cavs #Warriors #Rockets #Hawks http://t.co/cmNRfCafQV
Sun May 10 19:23:44 +0000 2015,RT @NBAMemes: These 2015 NBA Semifinals' Top Teams in Review.

#Cavs #Warriors #Rockets #Hawks http://t.co/cmNRfCafQV
Sun May 10 19:22:56 +0000 2015,RT @NBAMemes: These 2015 NBA Semifinals' Top Teams in Review.

#Cavs #Warriors #Rockets #Hawks http://t.co/cmNRfCafQV
Sun May 10 19:22:21 +0000 2015,L L B NBA #AtlantaHawks Adidas Atlanta Hawks Dominique Wilkins Throwback Soul Swingman Jersey Medium #Hawks #Sports http://t.co/1Xv1F3plel
Sun May 10 19:22:20 +0000 2015,The #Hawks are Elena Dementieva in the 2004 #RollyG final.

The #Grizzlies and #Wizards could become Gaudio/Myskina:

http://t.co/VlhSef32dG
Sun May 10 19:22:10 +0000 2015,These 2015 NBA Semifinals' Top Teams in Review. #Cavs #Warriors #Rockets #Hawks http://t.co/W86brZLsF4 http://t.co/glPHi6YEFF
Sun May 10 19:21:43 +0000 2015,RT @NBAMemes: These 2015 NBA Semifinals' Top Teams in Review.

#Cavs #Warriors #Rockets #Hawks http://t.co/cmNRfCafQV
Sun May 10 19:21:29 +0000 2015,RT @NBAMemes: These 2015 NBA Semifinals' Top Teams in Review.

#Cavs #Warriors #Rockets #Hawks http://t.co/cmNRfCafQV
Sun May 10 19:21:18 +0000 2015,RT @NBAMemes: These 2015 NBA Semifinals' Top Teams in Review.

#Cavs #Warriors #Rockets #Hawks http://t.co/cmNRfCafQV
Sun May 10 19:21:05 +0000 2015,These 2015 NBA Semifinals' Top Teams in Review. #Cavs #Warriors #Rockets #Hawks http://t.co/n93nyA01tN http://t.co/F0jTzTChKh
Sun May 10 19:21:03 +0000 2015,How all the top seeds down 2-1 in the series... #Rockets #Warriors #Cavalier #hawks
Sun May 10 19:20:51 +0000 2015,RT @NBAMemes: These 2015 NBA Semifinals' Top Teams in Review.

#Cavs #Warriors #Rockets #Hawks http://t.co/cmNRfCafQV
Sun May 10 19:20:50 +0000 2015,RT @NBAMemes: These 2015 NBA Semifinals' Top Teams in Review.

#Cavs #Warriors #Rockets #Hawks http://t.co/cmNRfCafQV
Sun May 10 19:20:46 +0000 2015,RT @NBAMemes: These 2015 NBA Semifinals' Top Teams in Review.

#Cavs #Warriors #Rockets #Hawks http://t.co/cmNRfCafQV
Sun May 10 19:20:19 +0000 2015,RT @NBAMemes: These 2015 NBA Semifinals' Top Teams in Review.

#Cavs #Warriors #Rockets #Hawks http://t.co/cmNRfCafQV
