Sun May 10 19:59:04 +0000 2015,L #NBA #Knicks Vtg Latrell Sprewell #NewYork Knicks Champion #Jersey 52 XXL NWT NEW Ewing Jordan #Offers #Deals http://t.co/EgYNXZLbAs
Sun May 10 19:58:07 +0000 2015,#Knicks #Autographs Nate Bowman Autographed 8x10 New York Knicks Deceased Rare JSA http://t.co/D2X9RDJubp #Autograph #Sale
Sun May 10 19:55:05 +0000 2015,#Apparel #Souvenirs Earl Monroe MEDIUM #Adidas #NewYork #Knicks Hwd Classic Throwback Swingman #Jersey http://t.co/gZWkfTNHui #NBA #Auction
Sun May 10 19:55:04 +0000 2015,#Knicks #Cards 2013-14 Select Raymond Felton Purple Prizm Select Swatches #Jersey 90/99 Knicks http://t.co/6K0CXCpuOt #Card #Deals
Sun May 10 19:54:05 +0000 2015,L #Knicks #Clothing NEW YORK KNICKS #Adidas women's hat ***New*** #eBay #Auction http://t.co/cMLog1hPnU
Sun May 10 19:52:58 +0000 2015,RT @nyknicks: On This Date in 1973… @WaltFrazier and the #Knicks top LA for 2nd @NBA title.

READ MORE: http://t.co/HLvH7c48ze http://t.co/…
Sun May 10 19:51:20 +0000 2015,RT @nyknicks: On This Date in 1973… @WaltFrazier and the #Knicks top LA for 2nd @NBA title.

READ MORE: http://t.co/HLvH7c48ze http://t.co/…
Sun May 10 19:49:37 +0000 2015,RT @nyknicks: Happy Mother’s Day from the #Knicks! http://t.co/PQcWWqhN8o
Sun May 10 19:49:24 +0000 2015,RT @nyknicks: On This Date in 1973… @WaltFrazier and the #Knicks top LA for 2nd @NBA title.

READ MORE: http://t.co/HLvH7c48ze http://t.co/…
Sun May 10 19:49:11 +0000 2015,L #Knicks #Cards 2011-12 Panini Past&amp;amp;Present #Basketball Baron Davis Certified #Autograph Card #16 #Card #Deals http://t.co/PgSVMUqx3l
Sun May 10 19:47:23 +0000 2015,The WHOLE FARM FOR MELO! And then we trade Chandler for Calderon? LMAO #Knicks #baddecisions
Sun May 10 19:46:44 +0000 2015,RT @BeforeFamePics: Michael Jordan (#Bulls) dunks over Patrick Ewing (#Knicks)
#FlashbackFriday http://t.co/6CrdqA2GAJ
Sun May 10 19:46:25 +0000 2015,#Baseball #NBA 2014-15 Immaculate #CarmeloAnthony Game-USed Patch Auto #Knicks /75 Autograph http://t.co/u7cimaKGiu #onsale #Discount
Sun May 10 19:46:24 +0000 2015,#NBA #Knicks 2014-15 Immaculate #CarmeloAnthony Game-USed Patch Auto KNICKS /75 Autograph http://t.co/XavXWK9pGT #Offers #Deals
Sun May 10 19:45:02 +0000 2015,RT @MitchellNJ: @cbefred Think about where #Cavs would be if Phil Jackson and #knicks didn't hand deliver them Shumpert and JR. Jackson got…
Sun May 10 19:44:20 +0000 2015,@cbefred Think about where #Cavs would be if Phil Jackson and #knicks didn't hand deliver them Shumpert and JR. Jackson got back at #Bulls!
Sun May 10 19:43:05 +0000 2015,L #Baseball #NBA Vintage 1970's #NewYork #Knicks vs 76ers Cav's Pistons UN-RIPPED TICKET LOT of 4 #onsale #Discount http://t.co/VREXh0509x
Sun May 10 19:40:56 +0000 2015,http://t.co/EEkB0NdMH9: Derrick Rose #hits game-winner: New York Knicks... http://t.co/6J1iHnhPAO #bulls #chicago #derrick #knicks #york
Sun May 10 19:40:43 +0000 2015,http://t.co/nkEx41cbQj [The Big Lead] - Phil Jackson is Currently Trolling Planet Eart #Knicks http://t.co/isqofhoG9H
Sun May 10 19:40:05 +0000 2015,RT @nyknicks: On This Date in 1973… @WaltFrazier and the #Knicks top LA for 2nd @NBA title.

READ MORE: http://t.co/HLvH7c48ze http://t.co/…
Sun May 10 19:40:05 +0000 2015,#WeightLoss #Fit Garcinia Cambogia for Weight Loss Results http://t.co/81QU2Y2vKd #Knicks #Sports
Sun May 10 19:39:22 +0000 2015,Dear Phil Jackson: STFU.

Signed: #Knicks fans.

#nykextra
Sun May 10 19:39:03 +0000 2015,Mozgov most def benefits from Lebron BUT he has GREAT fuckin hands for a big man! #Knicks suck keep trading young talent for old has beens
Sun May 10 19:38:35 +0000 2015,#Apparel #Souvenirs #NewYork #Knicks Snapback Hat http://t.co/QqmCIIDVaJ #NBA #Auction
Sun May 10 19:38:34 +0000 2015,#Knicks #Cards 03-04 #Topps Chrome #Carmelo #Anthony Rookie Card Syracuse Knicks #113 http://t.co/MBaWnIN9po #Card #Deals
Sun May 10 19:35:41 +0000 2015,Former exec irked by Isiah's 'misleading' denial| http://t.co/jrNEy6EAsN #Knicks
Sun May 10 19:33:34 +0000 2015,RT @nyknicks: On This Date in 1973… @WaltFrazier and the #Knicks top LA for 2nd @NBA title.

READ MORE: http://t.co/HLvH7c48ze http://t.co/…
Sun May 10 19:32:04 +0000 2015,L #Knicks #Clothing NEW YORK KNICKS Vintage Button Shirt Warm Up #Jacket FUBU #eBay #Auction http://t.co/LTVFz4AMxd
Sun May 10 19:31:08 +0000 2015,#Baseball #NBA #NewYork #Knicks #CarmeloAnthony #Jersey WORN ONCE http://t.co/dAGMi2TSqH #onsale #Discount
Sun May 10 19:31:07 +0000 2015,#NBA #Knicks #NewYork Knicks #CarmeloAnthony #Jersey WORN ONCE http://t.co/ZhACRZYUy0 #Offers #Deals
Sun May 10 19:26:34 +0000 2015,L L #Knicks #Cards 2014-15 Immaculate #Carmelo #Anthony 47/49 INK #Autograph Auto New York Knicks #Card #Deals http://t.co/zFmm8s2xmy
Sun May 10 19:24:40 +0000 2015,RT @nyknicks: On This Date in 1973… @WaltFrazier and the #Knicks top LA for 2nd @NBA title.

READ MORE: http://t.co/HLvH7c48ze http://t.co/…
Sun May 10 19:23:46 +0000 2015,RT @jayz859: #Knicks bitch
Sun May 10 19:23:05 +0000 2015,#Apparel #Souvenirs PATRICK EWING 3 STARTING LINEUP #NewYork #Knicks 1988 1993 1994 http://t.co/fpjp8KvGoo #NBA #Auction
Sun May 10 19:23:05 +0000 2015,#Knicks #Cards 2014-15 Court Kings #126 Cle#Anthony Early RC http://t.co/YKQaB9VE5r #Card #Deals
Sun May 10 19:22:09 +0000 2015,L #NBA #Knicks Mitchell &amp;amp; Ness Snapback #NewYork Knicks #Offers #Deals http://t.co/8bG9sgT8yL
Sun May 10 19:20:24 +0000 2015,From the Sports Desk :A Fresh Eye on the Pacquiao-Mayweather Fight http://t.co/mNcK7xHJ6k #knicks #NBA
Sun May 10 19:17:46 +0000 2015,http://t.co/QZcryIwD3O What's the Right Price for New York Knicks to Bring Back Andrea B #Knicks http://t.co/tvZXyjX5H0
Sun May 10 19:16:54 +0000 2015,http://t.co/EEkB0NdMH9: Arron Afflalo vs New York Knicks 2013.12.23 http://t.co/2mM6Imy8I0 #afflalo #arron #knicks #york
Sun May 10 19:16:13 +0000 2015,L L #Knicks #Cards 14-15 Panini Select Walt Frazier Fame Game Auto Bronze Prizm 29/49 Knicks #Card #Deals http://t.co/jw3KF3yKmX
Sun May 10 19:14:34 +0000 2015,#NBA #Knicks Vtg Latrell Sprewell #NewYork Knicks Champion #Jersey 52 XXL NWT NEW Ewing Jordan http://t.co/cemhI9P6jK #Offers #Deals
Sun May 10 19:12:48 +0000 2015,#Knicks bitch
Sun May 10 19:10:34 +0000 2015,L #Apparel #Souvenirs VTG 80s #NewYork #Knicks #Basketball NB shirt LOGO 7 Size XL Made in USA rare oop #NBA… http://t.co/bzEMIN6i0q
Sun May 10 19:10:13 +0000 2015,#WeightLoss #Fit 5 Simple Steps to a Cost-Effective At-Home Body Wrap http://t.co/XkpgsCiLst #Knicks #Sports
Sun May 10 19:07:10 +0000 2015,#Apparel #Souvenirs #NewYork #Knicks NY Nicks Mitchel &amp; Ness "NBA Hardwood Classics Cap Hat NEW !!! http://t.co/DwkkCBw4fM #NBA #Auction
Sun May 10 19:07:09 +0000 2015,#Knicks #Clothing NEW YORK KNICKS #Adidas women's hat ***New*** http://t.co/Z4W6VLhRNn #eBay #Auction
Sun May 10 19:07:09 +0000 2015,#Knicks #Cards 2011-12 Panini Past&amp;Present #Basketball Baron Davis Certified #Autograph Card #16 http://t.co/yJoUh3pqMO #Card #Deals
Sun May 10 19:04:33 +0000 2015,L #NBA #Knicks 14-15 PRIZM TIM HARDAWAY JR. RED PULSAR AUTO #NewYork KNICKS 089/149 #Offers #Deals http://t.co/D9UTRP6V84
Sun May 10 19:00:39 +0000 2015,James Dolan Gives an Executive Another Shot, Deserved or Not| http://t.co/AGXOc2wnuW #Knicks
Sun May 10 18:59:35 +0000 2015,L L #Baseball #NBA #NewYork #Knicks Steve Novak #Jersey T-Shirt M #onsale #Discount http://t.co/ilIgiGEBZK
Sun May 10 18:59:04 +0000 2015,#Baseball #NBA Vintage 1970's #NewYork #Knicks vs 76ers Cav's Pistons UN-RIPPED TICKET LOT of 4 http://t.co/7IZdDIAZrt #onsale #Discount
Sun May 10 18:59:04 +0000 2015,#NBA #Knicks BM DAVE DEBUSSCHERE 2014/15 PANINI SELECT TIE DYE REFRACTOR KNICKS 3/25 SP http://t.co/Owx7xEGMWM #Offers #Deals
Sun May 10 18:56:00 +0000 2015,RT @StateStSports: #MothersDay at my house will always be memories of #Bulls v #Knicks on NBC http://t.co/ldjqAQCnTu
Sun May 10 18:55:24 +0000 2015,Isiah Thomas Is Back at Garden in Surprising Role :President of Liberty http://t.co/XNaZyjArbv #knicks #NBA
Sun May 10 18:54:57 +0000 2015,#WeightLoss #Fit The True Wonders Of Six Pack Abs Revealed http://t.co/m4Ua1rrmuY #Knicks #Sports … http://t.co/QI4UZl3SpF
Sun May 10 18:54:06 +0000 2015,#WeightLoss #Fit The True Wonders Of Six Pack Abs Revealed http://t.co/7tixrzzXPY #Knicks #Sports
Sun May 10 18:53:06 +0000 2015,#Knicks #Autographs Anthony Mason AUTOGRAPH RIP New York Knicks 2012-13 Panini Crusade Majestic… http://t.co/ybwnQ5XL6Z #Autograph #Sale
Sun May 10 18:50:53 +0000 2015,RT @nyknicks: On This Date in 1973… @WaltFrazier and the #Knicks top LA for 2nd @NBA title.

READ MORE: http://t.co/HLvH7c48ze http://t.co/…
Sun May 10 18:50:35 +0000 2015,#Knicks #Clothing NEW YORK KNICKS Vintage Button Shirt Warm Up #Jacket FUBU http://t.co/Cm9EnUrPXp #eBay #Auction
Sun May 10 18:50:35 +0000 2015,#Apparel #Souvenirs NBA #NewYork #Knicks Scrub Hat http://t.co/NqsyBpRgbh #NBA #Auction
Sun May 10 18:50:35 +0000 2015,#Knicks #Cards 2000-01 #Topps Gold Label Patrick Ewing New York Knicks Class 2 #65 http://t.co/iQir1JKVdY #Card #Deals
Sun May 10 18:50:03 +0000 2015,L #Knicks #Cards 2014-15 Immaculate #Carmelo #Anthony 47/49 INK #Autograph Auto New York Knicks #Card #Deals http://t.co/a6N1LVCMR5
Sun May 10 18:46:10 +0000 2015,RT @nyknicks: On This Date in 1973… @WaltFrazier and the #Knicks top LA for 2nd @NBA title.

READ MORE: http://t.co/HLvH7c48ze http://t.co/…
Sun May 10 18:44:23 +0000 2015,RT @nyknicks: Happy Mother’s Day from the #Knicks! http://t.co/PQcWWqhN8o
Sun May 10 18:44:04 +0000 2015,L B #Baseball #NBA #NewYork #Knicks Blue Amare Stoudemire #Jersey T Shirt Adidas #onsale #Discount http://t.co/kIFYUmAX4v
Sun May 10 18:43:41 +0000 2015,RT @nyknicks: On This Date in 1973… @WaltFrazier and the #Knicks top LA for 2nd @NBA title.

READ MORE: http://t.co/HLvH7c48ze http://t.co/…
Sun May 10 18:43:08 +0000 2015,#Baseball #NBA Mitchell &amp; Ness Snapback #NewYork #Knicks http://t.co/xS9vnaucRS #onsale #Discount
Sun May 10 18:43:08 +0000 2015,#NBA #Knicks Mitchell &amp; Ness Snapback #NewYork Knicks http://t.co/QMcZjmJfkt #Offers #Deals
Sun May 10 18:41:43 +0000 2015,FORGOT i used to be a #Knicks fan: #IsiahThomas just sent me the NEW #Liberty HR policy: http://t.co/tY9S2Ktv18
Sun May 10 18:39:06 +0000 2015,L #Knicks #Cards 14-15 Panini Select Walt Frazier Fame Game Auto Bronze Prizm 29/49 Knicks #Card #Deals http://t.co/peC4R8vLTG
Sun May 10 18:39:05 +0000 2015,#WeightLoss #Fit Top 5 Life Changing Habits for Successfully Losing Weight and Being Able to Keep… http://t.co/fp7gkETqg3 #Knicks #Sports
Sun May 10 18:38:11 +0000 2015,RT @nyknicks: On This Date in 1973… @WaltFrazier and the #Knicks top LA for 2nd @NBA title.

READ MORE: http://t.co/HLvH7c48ze http://t.co/…
Sun May 10 18:37:18 +0000 2015,#Knicks Wire: Did Phil Jackson just troll the Warriors on Twitter? http://t.co/fkNqXMdSW7 #NBA http://t.co/fD1QX4fIp2
Sun May 10 18:34:34 +0000 2015,#Apparel #Souvenirs VTG 80s #NewYork #Knicks #Basketball NB shirt LOGO 7 Size XL Made in USA rare oop http://t.co/vLHdlU2KsV #NBA #Auction
Sun May 10 18:34:33 +0000 2015,#Knicks #Cards 2006-07 #Topps Finest #Basketball Willis Reed New York Knicks #44 http://t.co/q0301mo3r2 #Card #Deals
Sun May 10 18:34:06 +0000 2015,L #Knicks #Cards 2012-13 #NBA Hopps Jerome Jordan Rc Auto Knicks #Card #Deals http://t.co/3nYsbNQcjU
Sun May 10 18:30:23 +0000 2015,James Dolan Gives an Executive Another Shot, Deserved or Not http://t.co/YzO3s2nrjF #knicks #NBA
Sun May 10 18:28:33 +0000 2015,L #Apparel #Souvenirs #Adidas #NewYork #Knicks Adult black orange SnapBack cap one size fits all NWOT #NBA #Auction http://t.co/aw8d3ZZrnB
Sun May 10 18:28:06 +0000 2015,#Baseball #NBA 14-15 PRIZM TIM HARDAWAY JR. RED PULSAR AUTO #NewYork #Knicks 089/149 http://t.co/j8guaucZBq #onsale #Discount
Sun May 10 18:28:05 +0000 2015,#NBA #Knicks 14-15 PRIZM TIM HARDAWAY JR. RED PULSAR AUTO #NewYork KNICKS 089/149 http://t.co/J1THcJKMIG #Offers #Deals
Sun May 10 18:25:37 +0000 2015,Reggie Miller's 8 points in 9 seconds| http://t.co/os1qgvEJ0C #Knicks
Sun May 10 18:23:51 +0000 2015,RT @NYKNotifi: #Knicks http://t.co/5QcwhKRn0L
Sun May 10 18:23:35 +0000 2015,L #Baseball #NBA #NewYork #Knicks Steve Novak #Jersey T-Shirt M #onsale #Discount http://t.co/vmwIJZ7wo2
Sun May 10 18:22:42 +0000 2015,#Knicks nigga
Sun May 10 18:22:42 +0000 2015,RT @nyknicks: On This Date in 1973… @WaltFrazier and the #Knicks top LA for 2nd @NBA title.

READ MORE: http://t.co/HLvH7c48ze http://t.co/…
Sun May 10 18:21:10 +0000 2015,RT @nyknicks: On This Date in 1973… @WaltFrazier and the #Knicks top LA for 2nd @NBA title.

READ MORE: http://t.co/HLvH7c48ze http://t.co/…
Sun May 10 18:19:16 +0000 2015,L L #Apparel #Souvenirs #NewYork #Knicks Steve Novak #Jersey T-Shirt M #NBA #Auction http://t.co/vWmmU6c9jm
Sun May 10 18:19:05 +0000 2015,#NBA #Knicks - ~!L@@K!~ ServerZ Basketball jersey REVERSIBLE. NBA?COLLEGE?Large,L,Black... http://t.co/w2CaiytT3Z http://t.co/lQmogZfBKD
Sun May 10 18:19:05 +0000 2015,#NBA #Knicks - New York Knicks Snapback Hat:  $7.00End Date: Tuesday Jun-9-2015 11:03:3... http://t.co/vGuJRaZprY http://t.co/lQmogZfBKD
Sun May 10 18:19:05 +0000 2015,#NBA #Knicks - NBA New York Knicks Scrub Hat:  $15.00End Date: Tuesday Jun-9-2015 11:04... http://t.co/TlxnEPkEm8 http://t.co/lQmogZfBKD
Sun May 10 18:19:05 +0000 2015,#NBA #Knicks - NWOT Carmelo Anthony New York Knicks Melo T Shirt - Black Youth Size L L... http://t.co/DtJvrCPad6 http://t.co/lQmogZfBKD
Sun May 10 18:18:06 +0000 2015,#Knicks #Cards 1999-00 #Topps Finest #Basketball Patrick Ewing New York Knicks #251 http://t.co/7fkX9TS5dL #Card #Deals
Sun May 10 18:16:39 +0000 2015,@andrewsellers07 @PhilJackson11 without the talent, no system goes anywhere...talk to us after this coming offseason. #Knicks
Sun May 10 18:15:41 +0000 2015,RT @NYKNotifi: #Knicks http://t.co/LV53BN1yHF
Sun May 10 18:15:04 +0000 2015,RT @nyknicks: Happy Mother’s Day from the #Knicks! http://t.co/PQcWWqhN8o
Sun May 10 18:13:37 +0000 2015,L #Apparel #Souvenirs #NewYork #Knicks 1999 Eastern Conference Champions Hat #NBA #Auction http://t.co/lyJDOgul5B
Sun May 10 18:12:45 +0000 2015,RT @NYKNotifi: #Knicks http://t.co/5QcwhKRn0L
Sun May 10 18:10:12 +0000 2015,#WeightLoss #Fit Learn About Weight Loss by Hypnosis http://t.co/tBa81XU3wt #Knicks #Sports
Sun May 10 18:08:09 +0000 2015,L L #Knicks #Cards 1979/80 New York Knicks 17 TV Media Slides #NBA #Basketball Earl Monroe Cartwright #Card #Deals http://t.co/CE7jznnYIS
Sun May 10 18:07:26 +0000 2015,RT @nyknicks: On This Date in 1973… @WaltFrazier and the #Knicks top LA for 2nd @NBA title.

READ MORE: http://t.co/HLvH7c48ze http://t.co/…
