Sun May 10 19:55:15 +0000 2015,#DwyaneWade #Deals DWYANE WADE 2003-04 UPPER DECK LEGENDS AUTO RC BGS MIAMI HEAT http://t.co/ipjEE1Qd8M #NBA #MiamiHeat
Sun May 10 19:55:14 +0000 2015,#DwyaneWade #NBA DWYANE WADE 2010-11 Panini Gold Standard GOLD BARS #ed 64/299 Miami Heat http://t.co/vMU59EujoA #MiamiHeat #HEATwin
Sun May 10 19:54:17 +0000 2015,#Apparel #Souvenirs Vintage #MiamiHeat Alonzo Mourning Nike Swingman Sewn #Jersey 2XL Throwback http://t.co/5BpnBEJc4o #eBay #Auction
Sun May 10 19:54:05 +0000 2015,L B #DwyaneWade #Deals DWYANE WADE 2006-07 BOWMAN STERLING GAME-USED JERSEY #20 MIAMI HEAT #NBA #MiamiHeat http://t.co/cHGjcohCD3
Sun May 10 19:52:34 +0000 2015,#CellPhone #Phone NBA Basketball #MiamiHeat HTC One M8 BL141304 http://t.co/EEwe1JwZPo #Buy #Shopping
Sun May 10 19:49:06 +0000 2015,L #Apparel #Souvenirs #Adidas #MiamiHeat #LeBron James #Jersey Medium #NBA #eBay #Auction http://t.co/1oG0kfXmuP
Sun May 10 19:46:12 +0000 2015,#Cards #Card 1997-98 #Topps Chrome Season's Best Alonzo Mourning #24 #MiamiHeat http://t.co/VFxxU0uHHx #Bargain #Deal
Sun May 10 19:44:06 +0000 2015,#Sport #Clothing MEN'S #MiamiHeat D WADE DWAYNE Wade SWINGMAN #Jersey STITCHED SIZE 3XL LENGTH +2 http://t.co/jpalz7yzkv #onsale #Discount
Sun May 10 19:43:06 +0000 2015,L #DwyaneWade #Deals DWYANE WADE 2010-11 Panini Gold Standard GOLD BARS #ed 64/299 Miami Heat #NBA #MiamiHeat http://t.co/PbxRdfue02
Sun May 10 19:38:35 +0000 2015,#DwyaneWade #Deals 2008-09 Topps Variations - Dwyane Wade -Basketball Card - GRADED GEM MINT 10!!! http://t.co/mSEXhR9Mer #NBA #MiamiHeat
Sun May 10 19:38:34 +0000 2015,#DwyaneWade #NBA DWYANE WADE 2014-15 Prestige Bonus Shots Mirror Blue #ed 6/99 Miami Heat http://t.co/LDi463CAOV #MiamiHeat #HEATwin
Sun May 10 19:38:08 +0000 2015,#Apparel #Souvenirs #MiamiHeat shirt Back To Back http://t.co/53lf753RoR #eBay #Auction
Sun May 10 19:37:08 +0000 2015,#CellPhone #Phone #MiamiHeat #iPhone 6 Plus Madera Wood Thinshield Case (Alternate Design) (Etched) http://t.co/4IQKaqjt4h #Buy #Shopping
Sun May 10 19:36:31 +0000 2015,RT @Miamifans10: Re-Signing Goran Dragic Would Set Table for Miami Heat to Rise Again Next Season - http://t.co/dx7AqTVxGB #MiamiHEAT
Sun May 10 19:34:49 +0000 2015,Re-Signing Goran Dragic Would Set Table for Miami Heat to Rise Again Next Season - http://t.co/dx7AqTVxGB #MiamiHEAT
Sun May 10 19:32:04 +0000 2015,L #Apparel #Souvenirs #Adidas #MiamiHeat #NBA Hardwood Classics Mens 2-Sided Pocket Tank MSRP $35 Sz XL #eBay… http://t.co/4VJtxQnUuM
Sun May 10 19:29:38 +0000 2015,#Cards #Card Dwyane Wade Rookie 2003-04 Upper Deck,Bazooka (Mini),Fleer Lot 3 -#MiamiHeat http://t.co/GtFOGhpvyD #Bargain #Deal
Sun May 10 19:26:34 +0000 2015,L #CellPhone #Phone #MiamiHeat #Samsung #Galaxy S5 Thinshield Case (Halftone Logo) (Please read) #Buy #Shopping http://t.co/MmfQBw56In
Sun May 10 19:25:11 +0000 2015,RT @Miamifans10: Coors Field is completely covered by snow - http://t.co/6yCYfPnGSo #MiamiHEAT
Sun May 10 19:23:05 +0000 2015,#DwyaneWade #Deals Dwyane Wade Rookie 2003-04 Upper Deck,Bazooka (Mini),Fleer Lot 3 -Miami Heat http://t.co/mfUk9VO3qI #NBA #MiamiHeat
Sun May 10 19:23:04 +0000 2015,#DwyaneWade #NBA DWYANE WADE 2010-11 Donruss Production Line PPG 26 PATCH Prime #ed 6/10 Heat http://t.co/Faomkf7d5x #MiamiHeat #HEATwin
Sun May 10 19:22:04 +0000 2015,#Apparel #Souvenirs #Adidas #MiamiHeat #NBA Hardwood Classics Mens 2-Sided Pocket Tank MSRP $35 Sz LG http://t.co/2n9pIVz4MC #eBay #Auction
Sun May 10 19:20:36 +0000 2015,#NBA #MiamiHeat - Adidas Miami Heat Lebron James Jersey Medium NBA:  $14.99End Date: Tu... http://t.co/4tBtXDasxV http://t.co/k33Sm3HFUt
Sun May 10 19:20:36 +0000 2015,#NBA #MiamiHeat - CHRIS BOSH - MIAMI HEAT ADIDAS BLACK SWINGMAN JERSEY (MEDIUM) NEW WIT... http://t.co/Xk25c01fyX http://t.co/k33Sm3HFUt
Sun May 10 19:20:35 +0000 2015,#NBA #MiamiHeat - Adidas Miami Heat Lebron James Jersey Medium NBA:  $14.99End Date: Tu... http://t.co/4aRuT2qmwV http://t.co/lQmogZfBKD
Sun May 10 19:20:35 +0000 2015,#NBA #MiamiHeat - miami heat shirt Back To Back:  $8.00End Date: Friday May-15-2015 11:... http://t.co/2zZUqJ2QGw http://t.co/k33Sm3HFUt
Sun May 10 19:20:35 +0000 2015,#NBA #MiamiHeat - ADIDAS MIAMI HEAT NBA Hardwood Classics Mens 2-Sided Pocket Tank MSRP... http://t.co/ZTYrSglAuK http://t.co/k33Sm3HFUt
Sun May 10 19:20:35 +0000 2015,#NBA #MiamiHeat - ADIDAS MIAMI HEAT NBA Hardwood Classics Mens 2-Sided Pocket Tank MSRP... http://t.co/ukNESIyTYA http://t.co/k33Sm3HFUt
Sun May 10 19:16:07 +0000 2015,L L #DwyaneWade #NBA DWYANE WADE 2003-04 FLEER TRADITION PLAYGROUND RULES #5 #MiamiHeat #HEATwin http://t.co/90sg4ncha7
Sun May 10 19:16:05 +0000 2015,L #Apparel #Souvenirs vtg DWYANE WADE #MiamiHeat #Adidas YOUTH MEDIUM (10-12) #Jersey #NBA #eBay #Auction http://t.co/25kEL7DIKC
Sun May 10 19:15:01 +0000 2015,#MiamiHeat player Chris Bosh investing in tech world after eMerge Americas convention http://t.co/Dr88CCmmsM
Sun May 10 19:14:04 +0000 2015,#Cards #Card 1997-98 Skybox Premium Alonzo Mourning #61 #MiamiHeat http://t.co/PBaOyfQDik #Bargain #Deal
Sun May 10 19:10:42 +0000 2015,L #Autographs #onsale Jason Kapono AUTOGRAPH /100 #MiamiHeat UCLA 2006-07 SP Game Used AUTO… #Autograph #Forsale http://t.co/EkbqTa0UqG
Sun May 10 19:07:39 +0000 2015,#Apparel #Souvenirs #Adidas #MiamiHeat #LeBron James #Jersey Medium #NBA http://t.co/hJOouA1aH4 #eBay #Auction
Sun May 10 19:07:31 +0000 2015,http://t.co/3K1XyjOa7r NEW ERA WHITE /BLACK &amp; turquoise miami heat fitted hat  #MiamiHeat  http://t.co/8D9KRquV0q
Sun May 10 19:07:08 +0000 2015,#DwyaneWade #Deals Dwyane Wade 2003/04 ROOKIE CARD Skybox Limit NBA RC Basketball MIAMI HEAT LE http://t.co/BV7IYAn6Hi #NBA #MiamiHeat
Sun May 10 19:07:08 +0000 2015,#DwyaneWade #NBA DWYANE WADE 2010-11 National Treasures Colossal Jersey Numbers #ed 10/99 Heat http://t.co/7Kz4jDnMGr #MiamiHeat #HEATwin
Sun May 10 19:05:37 +0000 2015,#Autographs #onsale #LeBron James Autographed #Jersey #MiamiHeat 2012 #NBA Champs 14 Of 106 RARE http://t.co/CWxTCdY1If #Autograph #Forsale
Sun May 10 19:04:35 +0000 2015,L L L #DwyaneWade #Deals DWYANE WADE 2006-07 BOWMAN STERLING GAME-USED JERSEY #20 MIAMI HEAT #NBA #MiamiHeat http://t.co/sKh3MH9AzE
Sun May 10 18:59:47 +0000 2015,Coors Field is completely covered by snow - http://t.co/6yCYfPnGSo #MiamiHEAT
Sun May 10 18:59:36 +0000 2015,L #Apparel #Souvenirs BRAND NEW #NBA MEN'S #MiamiHeat EMBROIDERED CUFFED KNIT BEANIE HAT OSFA #eBay #Auction http://t.co/1D26CH7nEe
Sun May 10 18:59:19 +0000 2015,http://t.co/TdJQjsB3gj [Bloguin: NBA Draft Blog] - What We Can Expect With 5 Months Of R #MiamiHeat  http://t.co/Tgkez1hFub
Sun May 10 18:58:33 +0000 2015,#Cards #Card 2000-01 UD ENCORE #142 MIKE MILLER ROOKIE 1483/1600 SGC 92 #MiamiHeat CHAMPS! http://t.co/DVYDG5bnpm #Bargain #Deal
Sun May 10 18:57:07 +0000 2015,#Sport #Clothing New era #MiamiHeat fitted hat http://t.co/GYzOJlTRDi #onsale #Discount
Sun May 10 18:50:55 +0000 2015,#NBA #MiamiHeat - CHRIS BOSH - MIAMI HEAT ADIDAS BLACK SWINGMAN JERSEY (MEDIUM) NEW WIT... http://t.co/qXYo4Q0QjH http://t.co/lQmogZfBKD
Sun May 10 18:50:55 +0000 2015,#NBA #MiamiHeat - miami heat shirt Back To Back:  $8.00End Date: Friday May-15-2015 11:... http://t.co/rcx3zurjKW http://t.co/lQmogZfBKD
Sun May 10 18:50:55 +0000 2015,#NBA #MiamiHeat - ADIDAS MIAMI HEAT NBA Hardwood Classics Mens 2-Sided Pocket Tank MSRP... http://t.co/C0D9UwruAq http://t.co/lQmogZfBKD
Sun May 10 18:50:55 +0000 2015,#NBA #MiamiHeat - ADIDAS MIAMI HEAT NBA Hardwood Classics Mens 2-Sided Pocket Tank MSRP... http://t.co/2JgJ8xIsTZ http://t.co/lQmogZfBKD
Sun May 10 18:50:54 +0000 2015,#NBA #MiamiHeat - ADIDAS MIAMI HEAT NBA Hardwood Classics Mens 2-Sided Pocket Tank MSRP... http://t.co/p6pZGHoDOh http://t.co/lQmogZfBKD
Sun May 10 18:50:35 +0000 2015,#DwyaneWade #Deals DWYANE WADE 2010-11 Panini Gold Standard GOLD BARS #ed 64/299 Miami Heat http://t.co/v0X0FtE9RX #NBA #MiamiHeat
Sun May 10 18:50:35 +0000 2015,#Apparel #Souvenirs #Adidas #MiamiHeat #NBA Hardwood Classics Mens 2-Sided Pocket Tank MSRP $35 Sz XL http://t.co/fUwujMioky #eBay #Auction
Sun May 10 18:50:35 +0000 2015,#DwyaneWade #NBA DWYANE WADE Insert RC 2003/04 Upper Deck MVP ROOKIE CARD Basketball MIAMI HEAT http://t.co/hYvLx4r6wa #MiamiHeat #HEATwin
Sun May 10 18:49:34 +0000 2015,#CellPhone #Phone #MiamiHeat #Samsung #Galaxy S5 Thinshield Case (Halftone Logo) (Please read) http://t.co/o8CwhtMGdR #Buy #Shopping
Sun May 10 18:44:35 +0000 2015,L L #Apparel #Souvenirs Shaquille O'Neal #MiamiHeat replica away #Jersey #eBay #Auction http://t.co/XlinojvvEw
Sun May 10 18:43:15 +0000 2015,#Cards #Card 1996 Upper Deck Nestle Slam Dunk Alonzo Mourning #37 #MiamiHeat http://t.co/XKHZvY54JA #Bargain #Deal
Sun May 10 18:34:34 +0000 2015,#Apparel #Souvenirs vtg DWYANE WADE #MiamiHeat #Adidas YOUTH MEDIUM (10-12) #Jersey #NBA http://t.co/mSVum0XQPy #eBay #Auction
Sun May 10 18:34:34 +0000 2015,#DwyaneWade #Deals DWYANE WADE 2010-11 National Treasures Colossal Jersey Numbers #ed 10/99 Heat http://t.co/gmDUtCqIeQ #NBA #MiamiHeat
Sun May 10 18:34:33 +0000 2015,#DwyaneWade #NBA DWYANE WADE 2003-04 UPPER DECK LEGENDS AUTO RC BGS MIAMI HEAT http://t.co/26FrfpAa0j #MiamiHeat #HEATwin
Sun May 10 18:34:14 +0000 2015,L L #Cards #Card DWYANE WADE 2006-07 BOWMAN STERLING GAME-USED JERSEY #20 #MiamiHeat #Bargain #Deal http://t.co/pgIQh3cEwO
Sun May 10 18:34:13 +0000 2015,#Autographs #onsale Jason Kapono AUTOGRAPH /100 #MiamiHeat UCLA 2006-07 SP Game Used AUTO… http://t.co/hlUtN6WHmh #Autograph #Forsale
Sun May 10 18:34:13 +0000 2015,#CellPhone #Phone NBA Basketball #MiamiHeat HTC One M8 BL141306 http://t.co/TaCrcUaHS9 #Buy #Shopping
Sun May 10 18:27:05 +0000 2015,#Cards #Card ALONZO MOURNING 1995-96 SP #Autograph 24/734 #MiamiHeat SP PSA/DNA Mint 9 http://t.co/b1K2cEBleZ #Bargain #Deal
Sun May 10 18:24:45 +0000 2015,Miami Heat reassigns longtime assistants McAdoo, Rothstein - http://t.co/gn4pUBw3jB #MiamiHEAT
Sun May 10 18:19:15 +0000 2015,L #DwyaneWade #NBA DWYANE WADE 2003-04 FLEER TRADITION PLAYGROUND RULES #5 #MiamiHeat #HEATwin http://t.co/6ETFiYD6B5
Sun May 10 18:18:07 +0000 2015,#DwyaneWade #Deals DWYANE WADE Fleer Ultra 2003 INSERT ROOKIE CARD Miami Heat Dwayne BASKETBALL RC http://t.co/CVWZdewv3B #NBA #MiamiHeat
Sun May 10 18:18:06 +0000 2015,#Apparel #Souvenirs BRAND NEW #NBA MEN'S #MiamiHeat EMBROIDERED CUFFED KNIT BEANIE HAT OSFA http://t.co/fmSzQjPvDh #eBay #Auction
Sun May 10 18:18:05 +0000 2015,#DwyaneWade #NBA DWYANE WADE Fleer Ultra 2003 INSERT ROOKIE CARD Miami Heat Dwayne BASKETBALL RC http://t.co/lvNFYzCNyI #MiamiHeat #HEATwin
Sun May 10 18:17:37 +0000 2015,#Autographs #onsale 2008 SP ROOKIE THREADS GAME #Jersey MICHAEL BEASLEY #MiamiHeat (14.410) http://t.co/qPv8cxoJRi #Autograph #Forsale
Sun May 10 18:13:33 +0000 2015,#NBA #MiamiHeat - BRAND NEW NBA MEN'S MIAMI HEAT   EMBROIDERED CUFFED  KNIT  BEANIE HAT... http://t.co/JkCZFqJMnv http://t.co/lQmogZfBKD
Sun May 10 18:13:32 +0000 2015,#NBA #MiamiHeat - vtg DWYANE WADE Miami Heat adidas YOUTH MEDIUM (10-12) jersey NBA:  $... http://t.co/WbBRNBWDFs http://t.co/lQmogZfBKD
Sun May 10 18:13:32 +0000 2015,#NBA #MiamiHeat - Sioux Falls Skyforce Pin Miami Heat NBADL:  $7.99End Date: Tuesday Ju... http://t.co/2HCYFyeGRD http://t.co/lQmogZfBKD
Sun May 10 18:13:32 +0000 2015,#NBA #MiamiHeat - vtg DWYANE WADE Miami Heat YOUTH SIZE XL (18-20) reebok SEWN NBA jers... http://t.co/DDeGTBvYYj http://t.co/lQmogZfBKD
Sun May 10 18:13:32 +0000 2015,#NBA #MiamiHeat - Reebok Shaquille O'neal jersey Miami Heat size XL:  $33.00End Date: T... http://t.co/Bs4AToJFN3 http://t.co/lQmogZfBKD
Sun May 10 18:13:17 +0000 2015,L L #DwyaneWade #Deals DWYANE WADE 2006-07 BOWMAN STERLING GAME-USED JERSEY #20 MIAMI HEAT #NBA #MiamiHeat http://t.co/WBvZf4kZtl
Sun May 10 18:11:35 +0000 2015,#Cards #Card DWYANE WADE Fleer Ultra 2003 INSERT ROOKIE CARD #MiamiHeat Dwayne BASKETBALL RC http://t.co/p1BgK4tp5P #Bargain #Deal
Sun May 10 18:08:12 +0000 2015,L #Cards #Card Dwyane Wade 2003/04 Fleer USA BASKETBALL ROOKIE CARD #MiamiHeat Dwayne RC #Bargain #Deal http://t.co/9oqHFCvhy6
Sun May 10 18:05:03 +0000 2015,http://t.co/3K1XyjOa7r MIAMI HEAT 2003-2004 Season Calender and Schedule  #MiamiHeat  http://t.co/hvqKon0cv9
Sun May 10 18:02:36 +0000 2015,#Apparel #Souvenirs #MiamiHeat Men's Expandable Mesh Band Watch. Silver. Replacement Black Strap. http://t.co/6ePJJtQXqd #eBay #Auction
Sun May 10 18:02:35 +0000 2015,#DwyaneWade #Deals DWYANE WADE 2003-04 UPPER DECK VICTORY RC #105 MIAMI HEAT ROOKIE CARD http://t.co/RiIrgDKEC9 #NBA #MiamiHeat
Sun May 10 18:02:34 +0000 2015,#DwyaneWade #NBA Dwyane Wade 2003/04 Fleer Platinum INSERT ROOKIE Basketball RC CARD Miami Heat! http://t.co/IiTWT8takf #MiamiHeat #HEATwin
Sun May 10 18:01:04 +0000 2015,Chicago Bulls sign guard E'Twaun Moore - http://t.co/Ru1XCeqUsx #MiamiHEAT http://t.co/2Q1BIkm0ML
Sun May 10 17:58:14 +0000 2015,L #Apparel #Souvenirs Shaquille O'Neal #MiamiHeat replica away #Jersey #eBay #Auction http://t.co/O82GpwYXca
Sun May 10 17:55:37 +0000 2015,#Cards #Card DWYANE WADE 2003-04 UPPER DECK VICTORY RC #105 #MiamiHeat ROOKIE CARD http://t.co/ktmXZ7d1ul #Bargain #Deal
Sun May 10 17:49:43 +0000 2015,Ira Winderman :Spurs sunset sheds light on Heat heights - http://t.co/frR7Tb8xQI #MiamiHEAT
Sun May 10 17:47:09 +0000 2015,L #Cards #Card DWYANE WADE 2006-07 BOWMAN STERLING GAME-USED JERSEY #20 #MiamiHeat #Bargain #Deal http://t.co/uY9Hy5dSSi
Sun May 10 17:47:07 +0000 2015,#Apparel #Souvenirs 2012- 2013 Back to Back #NBA Champions #MiamiHeat 30" Pennant http://t.co/9vQftfkJmN #eBay #Auction
Sun May 10 17:47:06 +0000 2015,#DwyaneWade #Deals DWYANE WADE 2014-15 Prestige Bonus Shots Mirror Blue #ed 6/99 Miami Heat http://t.co/hudeUa8bf6 #NBA #MiamiHeat
Sun May 10 17:47:05 +0000 2015,#DwyaneWade #NBA 2014-15 Prizm Dwyane Wade Represenatives PRIZM! http://t.co/K9zALtfv5F #MiamiHeat #HEATwin
Sun May 10 17:46:14 +0000 2015,#Autographs #onsale DWYANE WADE #MiamiHeat SIGNED 8X10 #Photo JSA COA J62337 #NBA CHAMPS!! http://t.co/ns42Tq7g9R #Autograph #Forsale
Sun May 10 17:45:04 +0000 2015,#CellPhone #Phone NBA Basketball #MiamiHeat HTC One M8 BL141301 http://t.co/nAwj4hnbjb #Buy #Shopping
Sun May 10 17:40:17 +0000 2015,#Cards #Card #LeBron James INSERT 2003 ROOKIE CARD Basketball IRISH RC High School #MiamiHeat http://t.co/laWiTWXAZI #Bargain #Deal
Sun May 10 17:37:19 +0000 2015,L #Cards #Card RAY ALLEN 1996 UD3 RC Hardwood Prospect INSERT ROOKIE CARD Basketball #MiamiHeat #Bargain #Deal http://t.co/I5zESyH4o0
Sun May 10 17:31:11 +0000 2015,#Apparel #Souvenirs #MiamiHeat O'NEAL #32 #Jersey MEN'S XL http://t.co/hf3L2Xw6X0 #eBay #Auction
Sun May 10 17:31:08 +0000 2015,L #DwyaneWade #NBA DWYANE WADE #3 Upper Deck MVP ROOKIE CARD Basketball MIAMI HEAT Dwyane RC #MiamiHeat #HEATwin http://t.co/RKriZJUunS
Sun May 10 17:31:07 +0000 2015,#DwyaneWade #Deals 2006-07 Topps Turkey Red Basketball Dwyane Wade Miami Heat Checklist #253 http://t.co/TBuLDibvkv #NBA #MiamiHeat
Sun May 10 17:31:06 +0000 2015,#DwyaneWade #NBA DWYANE WADE 2003-04 FLEER TRADITION PLAYGROUND RULES #5 http://t.co/PH1UXDMS1M #MiamiHeat #HEATwin
Sun May 10 17:25:08 +0000 2015,#Cards #Card Dwyane Wade 2003/04 Fleer USA BASKETBALL ROOKIE CARD #MiamiHeat Dwayne RC http://t.co/8oE3xWrS2w #Bargain #Deal
Sun May 10 17:20:36 +0000 2015,L L #DwyaneWade #Deals 2011 Panini Gold Standard 14K Memorabilia Jersey Dwyane Wade 30/149 #NBA #MiamiHeat http://t.co/xnrLa5Jmqt
Sun May 10 17:17:13 +0000 2015,RT @Miamifans10: Chicago Bulls sign guard E'Twaun Moore - http://t.co/a7jlx6bpxg #MiamiHEAT
Sun May 10 17:16:29 +0000 2015,L #Cards #Card #MiamiHeat BASKETBALL CARD LOT DWYANE WADE #LeBron JAMES HAROLD MINER BIRDMAN + #Bargain #Deal http://t.co/aNtyECnuyJ
