Sun May 10 19:55:18 +0000 2015,Bugle Got Game :Kidd‚Äôs Jersey Retired, Nets Dominate Heat [Video] http://t.co/uMwiGBhQzy #Nets #NBA
Sun May 10 19:46:12 +0000 2015,#Nets Tweets: Thanks for giving me 2 wonderful boys TJ and Taylor....‚Ä¶ #NBA http://t.co/yiE6n7siMN http://t.co/gNyYkzjUbD
Sun May 10 19:46:02 +0000 2015,#NBA #Nets - New Jersey Now Brooklyn Nets Pin:  $4.00End Date: Tuesday Jun-9-2015 12:31... http://t.co/AzwALh8i6C http://t.co/k33Sm3HFUt
Sun May 10 19:46:02 +0000 2015,#NBA #Nets - Adidas Joe Johnson Brooklyn Nets Jersey Youth Small Kids SEWN Swingman Bla... http://t.co/RlqNMwcKYe http://t.co/k33Sm3HFUt
Sun May 10 19:37:05 +0000 2015,Nets√¢¬Ä¬ô coming upheaval very real as Hollins jabs Deron| http://t.co/lKbfyvWqDF #Nets #NBA
Sun May 10 19:36:56 +0000 2015,I just realized that the #Nets store at Coney Island still has a picture of AK47 on it
Sun May 10 19:30:18 +0000 2015,Tepid Start, and Hawks, Are Too Much for the Nets http://t.co/y8ZMEcd2lV #Nets #NBA
Sun May 10 19:15:05 +0000 2015,Also, you can't say the #Hawks haven't had every opportunity to win. #JohnWall goes out, and they faced the #Nets in the first round.
Sun May 10 19:12:33 +0000 2015,#Nets: Check out our favorite moments from our 2014 - 2015 season! http://t.co/GxCd9iQE4F
Sun May 10 19:12:21 +0000 2015,RT @BrooklynNets: Happy Mother's Day from our #Brooklyn family to yours! Have you shared a great #Nets moment with Mom? Let us know. http:/‚Ä¶
Sun May 10 19:11:55 +0000 2015,RT @BrooklynNets: Happy Mother's Day from our #Brooklyn family to yours! Have you shared a great #Nets moment with Mom? Let us know. http:/‚Ä¶
Sun May 10 19:08:26 +0000 2015,@Lorraine521 Leading the way in #nets! Tired of unwanted subscription emails? Try Unroll.Me: http://t.co/G5hZEfzqF4
Sun May 10 19:07:45 +0000 2015,http://t.co/j5NQre0uRX [SB Nation: Nets Daily] - Would a Nets rebuild scrare Brook Lopez #Nets http://t.co/pK4UJzLDsc
Sun May 10 19:05:17 +0000 2015,Hawks Eliminate Nets in Game 6 http://t.co/bXWEoLubZX #Nets #NBA
Sun May 10 19:02:20 +0000 2015,RT @WeMustBeNets: I wouldn't mind seeing Mike Conley on the Brooklyn #Nets.
Sun May 10 19:02:03 +0000 2015,End of the line for D-Will in Brooklyn?| http://t.co/nNlqBCXnfn #Nets #NBA
Sun May 10 18:40:16 +0000 2015,Keeping Brook Lopez Is Priority for Nets http://t.co/nJNdBVEFN4 #Nets #NBA
Sun May 10 18:39:04 +0000 2015,RT @Lorraine521: http://t.co/o2DjCxnXER #Cargo #nets #scramble #play #trailer #trucks  #eshopsUK #Tweeturbiz #southyorkshire #UKSOPRO http:‚Ä¶
Sun May 10 18:36:47 +0000 2015,#NBA #Nets - Brooklyn Nets jersey:  $14.00 (0 Bids)End Date: Friday May-15-2015 10:58:5... http://t.co/DkpeyfE5Wm http://t.co/k33Sm3HFUt
Sun May 10 18:29:11 +0000 2015,RT @ReflectiveN: Tonight NYC üèÄ #NETS #HAWKS http://t.co/s7iIM5ULF2
Sun May 10 18:27:08 +0000 2015,RT @Stephania_ESPN: Everyday heroes MT@NetsDaily: #Nets training staff honored by American Heart Association for saving Jim Sann's life. ht‚Ä¶
Sun May 10 18:27:01 +0000 2015,Williams tiene el juego de su vida en victoria 120-115 en TE sobre los Hawks| http://t.co/RsTAk8KARM #Nets #NBA
Sun May 10 18:15:16 +0000 2015,Nets GM :Brook Lopez wanted back, other Big 3 are trade chips http://t.co/99DVDBFO1R #Nets #NBA
Sun May 10 18:13:40 +0000 2015,RT @Lorraine521: http://t.co/o2DjCxnXER #Cargo #nets #scramble #play #trailer #trucks  #eshopsUK #Tweeturbiz #southyorkshire #UKSOPRO http:‚Ä¶
Sun May 10 18:10:06 +0000 2015,RT @Lorraine521: http://t.co/o2DjCxnXER #Cargo #nets #scramble #play #trailer #trucks  #eshopsUK #Tweeturbiz #southyorkshire #UKSOPRO http:‚Ä¶
Sun May 10 18:09:16 +0000 2015,Report: Brooklyn #Nets will do everything they can to dump Deron Williams and Joe Johnson. They will aim to build a team around Brook Lopez.
Sun May 10 18:02:51 +0000 2015,RT @Lorraine521: http://t.co/o2DjCxnXER #Cargo #nets #scramble #play #trailer #trucks  #eshopsUK #Tweeturbiz #southyorkshire #UKSOPRO http:‚Ä¶
Sun May 10 17:59:07 +0000 2015,@whit_by by robertselaura #sea #seaside #whitby #docks #dayout #nets #crabs #rope #fishing #northyorkshire http://t.co/45gwUixayA
Sun May 10 17:58:28 +0000 2015,RT @Lorraine521: http://t.co/o2DjCxnXER #Cargo #nets #scramble #play #trailer #trucks  #eshopsUK #Tweeturbiz #southyorkshire #UKSOPRO http:‚Ä¶
Sun May 10 17:57:05 +0000 2015,RT @Lorraine521: http://t.co/o2DjCxnXER #Cargo #nets #scramble #play #trailer #trucks  #eshopsUK #Tweeturbiz #southyorkshire #UKSOPRO http:‚Ä¶
Sun May 10 17:54:52 +0000 2015,RT @Brooklyn10Nets: Ranking Brooklyn Nets' Biggest Needs for 2015 NBA Offseason| http://t.co/e7lUa2F7Wx #Nets #NBA
Sun May 10 17:52:41 +0000 2015,RT @Lorraine521: http://t.co/o2DjCxnXER #Cargo #nets #scramble #play #trailer #trucks  #eshopsUK #Tweeturbiz #southyorkshire #UKSOPRO http:‚Ä¶
Sun May 10 17:52:23 +0000 2015,RT @brooklynNfans: How Nets will approach all 15 players in busy, crucial summer http://t.co/2VOq6Peoqz #Nets #NBA
Sun May 10 17:51:59 +0000 2015,Ranking Brooklyn Nets' Biggest Needs for 2015 NBA Offseason| http://t.co/e7lUa2F7Wx #Nets #NBA
Sun May 10 17:51:40 +0000 2015,RT @Lorraine521: http://t.co/o2DjCxnXER #Cargo #nets #scramble #play #trailer #trucks  #eshopsUK #Tweeturbiz #southyorkshire #UKSOPRO http:‚Ä¶
Sun May 10 17:50:15 +0000 2015,How Nets will approach all 15 players in busy, crucial summer http://t.co/2VOq6Peoqz #Nets #NBA
Sun May 10 17:49:33 +0000 2015,If regular season matchups matter, start worrying #Nets fans #ATLANTA #JoeJohnson #TheHawks #TheNets http://t.co/p3DGYktIYs
Sun May 10 17:48:05 +0000 2015,http://t.co/o2DjCxnXER #Cargo #nets #scramble #play #trailer #trucks  #eshopsUK #Tweeturbiz #southyorkshire #UKSOPRO http://t.co/Qg6pEOpRjh
Sun May 10 17:35:30 +0000 2015,RT @BrooklynNets: Happy Mother's Day from our #Brooklyn family to yours! Have you shared a great #Nets moment with Mom? Let us know. http:/‚Ä¶
Sun May 10 17:32:51 +0000 2015,RT @Brooklyn10Nets: Deron Williams Answered Critics With His Play and Unified the Nets in 120-115 OT Win| http://t.co/guoLinyL2S #Nets #NBA
Sun May 10 17:32:20 +0000 2015,http://t.co/j5NQre0uRX SALE! Mitchell N Ness Brooklyn Nets White On Black Stripes Knit B #Nets http://t.co/UnrK8IBO8s
Sun May 10 17:28:38 +0000 2015,RT @GannettAlbany: It's a DC degree!! @44thelegend Syracuse great Derrick Coleman earns degree #Nets @BrooklynNets @NetsDaily @susssez http‚Ä¶
Sun May 10 17:25:14 +0000 2015,Ranking the very best of New York‚Äôs title teams http://t.co/Ef4eSXza4x #Nets #NBA
Sun May 10 17:20:55 +0000 2015,RT @brooklynNfans: Magic Notes :Nicholson, Draft, Frye http://t.co/Tc31m4akC5 #Nets #NBA
Sun May 10 17:16:57 +0000 2015,Deron Williams Answered Critics With His Play and Unified the Nets in 120-115 OT Win| http://t.co/guoLinyL2S #Nets #NBA
Sun May 10 17:14:04 +0000 2015,RT @BrooklynNets: Happy Mother's Day from our #Brooklyn family to yours! Have you shared a great #Nets moment with Mom? Let us know. http:/‚Ä¶
Sun May 10 17:04:05 +0000 2015,RT @BrooklynNets: Happy Mother's Day from our #Brooklyn family to yours! Have you shared a great #Nets moment with Mom? Let us know. http:/‚Ä¶
Sun May 10 17:03:27 +0000 2015,http://t.co/j5NQre0uRX NBA Youth Mouth Guard  #Nets http://t.co/TPDHxJdnoc
Sun May 10 17:01:06 +0000 2015,RT @BrooklynNets: Happy Mother's Day from our #Brooklyn family to yours! Have you shared a great #Nets moment with Mom? Let us know. http:/‚Ä¶
Sun May 10 17:00:13 +0000 2015,Magic Notes :Nicholson, Draft, Frye http://t.co/Tc31m4akC5 #Nets #NBA
Sun May 10 16:45:42 +0000 2015,RT @BrooklynNets: Happy Mother's Day from our #Brooklyn family to yours! Have you shared a great #Nets moment with Mom? Let us know. http:/‚Ä¶
Sun May 10 16:43:31 +0000 2015,@GannettAlbany Top #nets influencer! Want to declutter you inbox quickly? Unroll.Me can help: http://t.co/G5hZEfzqF4
Sun May 10 16:41:56 +0000 2015,3 pressing questions Nets must answer in this critical offseason| http://t.co/pDzy1mUXGh #Nets #NBA
Sun May 10 16:35:58 +0000 2015,RT @GannettAlbany: It's a DC degree!! @44thelegend Syracuse great Derrick Coleman earns degree #Nets @BrooklynNets @NetsDaily @susssez http‚Ä¶
Sun May 10 16:35:04 +0000 2015,Warriors Notes :Green, Myers, Iguodala http://t.co/JbNaVFIYTz #Nets #NBA
Sun May 10 16:32:19 +0000 2015,RT @akhtarfarzaie1: Great article @CharlesOakley34 @JayOnTheRebound   http://t.co/2kvZD0WAax.  A must read #Knicks #nets @BrooklynNets @nyk‚Ä¶
Sun May 10 16:23:37 +0000 2015,It's a DC degree!! @44thelegend Syracuse great Derrick Coleman earns degree #Nets @BrooklynNets @NetsDaily @susssez http://t.co/Fgc5G8AuoQ
Sun May 10 16:20:11 +0000 2015,#NBA #Nets - adidas Brooklyn Nets T-Shirt Black Basketball Shirt Men Size 2XL:  $7.44En... http://t.co/QzGCotbiq6 http://t.co/k33Sm3HFUt
Sun May 10 16:17:32 +0000 2015,RT @BrooklynNets: Happy Mother's Day from our #Brooklyn family to yours! Have you shared a great #Nets moment with Mom? Let us know. http:/‚Ä¶
Sun May 10 16:10:03 +0000 2015,Atlantic Draft Notes :Knicks, Nets, Celtics http://t.co/FDjwAQI1e8 #Nets #NBA
Sun May 10 16:09:49 +0000 2015,RT @BrooklynNets: Happy Mother's Day from our #Brooklyn family to yours! Have you shared a great #Nets moment with Mom? Let us know. http:/‚Ä¶
Sun May 10 16:08:57 +0000 2015,@TheoPaphitis I make #vintage &amp; #coastal items all #recycled #upcycled From #Decorative #Fishing #nets to #tealights #holders
Sun May 10 16:07:55 +0000 2015,http://t.co/j5NQre0uRX [SB Nation: Nets Daily] - Would a Nets rebuild scrare Brook Lopez #Nets http://t.co/ADxHk12Wg6
Sun May 10 16:03:00 +0000 2015,http://t.co/j5NQre0uRX [SB Nation: Nets Daily] - Would a Nets rebuild scrare Brook Lopez #Nets http://t.co/hJY1OotSm9
Sun May 10 16:02:43 +0000 2015,RT @BrooklynNets: Happy Mother's Day from our #Brooklyn family to yours! Have you shared a great #Nets moment with Mom? Let us know. http:/‚Ä¶
Sun May 10 16:01:15 +0000 2015,RT @BrooklynNets: Happy Mother's Day from our #Brooklyn family to yours! Have you shared a great #Nets moment with Mom? Let us know. http:/‚Ä¶
Sun May 10 16:00:48 +0000 2015,http://t.co/EEkB0NdMH9: Brooklyn Nets vs Boston... http://t.co/jHV5OxlnG3 #boston #brooklyn #celtics #highlights #nets #october #preseason
Sun May 10 15:43:46 +0000 2015,RT @BrooklynNets: Happy Mother's Day from our #Brooklyn family to yours! Have you shared a great #Nets moment with Mom? Let us know. http:/‚Ä¶
Sun May 10 15:41:32 +0000 2015,RT @BrooklynNets: Happy Mother's Day from our #Brooklyn family to yours! Have you shared a great #Nets moment with Mom? Let us know. http:/‚Ä¶
Sun May 10 15:40:19 +0000 2015,Bugle Got Game :Nets Media Day Part 2 [Video] http://t.co/DOmPljxlrM #Nets #NBA
Sun May 10 15:36:18 +0000 2015,RT @BrooklynNets: Happy Mother's Day from our #Brooklyn family to yours! Have you shared a great #Nets moment with Mom? Let us know. http:/‚Ä¶
Sun May 10 15:26:16 +0000 2015,Would a Nets rebuild scare Brook Lopez away? #BrooklynNets #Nets http://t.co/vlNXxeOIpk http://t.co/0SIS2ugTpZ
Sun May 10 15:15:18 +0000 2015,Bugle Got Game :Junkersfeld On The #Nets First Pre-Season Game Of 2013 [Video] http://t.co/luOkVepCPs #Nets #NBA
Sun May 10 15:12:08 +0000 2015,Ranking the very best of New York√¢¬Ä¬ôs title teams| http://t.co/DmTSv2vF2X #Nets #NBA
Sun May 10 15:12:03 +0000 2015,I enter the contest -&gt;  deadstockdynasty with repostapp. #nets #fan 
„Éª„Éª„Éª
Enter for your chance to win‚Ä¶ https://t.co/5WZuRur4AC
Sun May 10 15:07:10 +0000 2015,#BrooklynNets #Nets #netsnation Would a Nets rebuild scrare Brook Lopez away? http://t.co/WeEdGWRTyO
Sun May 10 14:56:17 +0000 2015,RT @BrooklynNets: Happy Mother's Day from our #Brooklyn family to yours! Have you shared a great #Nets moment with Mom? Let us know. http:/‚Ä¶
Sun May 10 14:55:54 +0000 2015,RT @BrooklynNets: Happy Mother's Day from our #Brooklyn family to yours! Have you shared a great #Nets moment with Mom? Let us know. http:/‚Ä¶
Sun May 10 14:50:18 +0000 2015,Bugle Got Game :Kidd‚Äôs Jersey Retired, Nets Dominate Heat [Video] http://t.co/uMwiGBhQzy #Nets #NBA
Sun May 10 14:47:42 +0000 2015,http://t.co/EEkB0NdMH9: Kevin Garnett's HUGE Put... http://t.co/wNVVABYQTm #cavaliers #cleveland #garnett #kevin #nets #playoffs #slam
Sun May 10 14:45:19 +0000 2015,RT @BrooklynNets: Happy Mother's Day from our #Brooklyn family to yours! Have you shared a great #Nets moment with Mom? Let us know. http:/‚Ä¶
Sun May 10 14:44:02 +0000 2015,http://t.co/j5NQre0uRX NBA Brooklyn Nets Adidas Infant/Baby Boys 3 Piece Bodysuit/Onesie #Nets http://t.co/4CeanirWO2
Sun May 10 14:42:25 +0000 2015,RT @BrooklynNets: Happy Mother's Day from our #Brooklyn family to yours! Have you shared a great #Nets moment with Mom? Let us know. http:/‚Ä¶
Sun May 10 14:42:12 +0000 2015,RT @NetsDaily: Happy Mothers Day to the moms of #Nets fans whose irrational exuberance makes moms worry what they did wrong!
Sun May 10 14:37:06 +0000 2015,Hack-a-Shaq is working| http://t.co/MQKmZdFIwl #Nets #NBA
Sun May 10 14:29:02 +0000 2015,RT @BrooklynNets: Happy Mother's Day from our #Brooklyn family to yours! Have you shared a great #Nets moment with Mom? Let us know. http:/‚Ä¶
Sun May 10 14:28:29 +0000 2015,RT @brooklynNfans: Tepid Start, and Hawks, Are Too Much for the Nets http://t.co/y8ZMEcd2lV #Nets #NBA
Sun May 10 14:25:17 +0000 2015,Tepid Start, and Hawks, Are Too Much for the Nets http://t.co/y8ZMEcd2lV #Nets #NBA
Sun May 10 14:08:23 +0000 2015,RT @BrooklynNets: Happy Mother's Day from our #Brooklyn family to yours! Have you shared a great #Nets moment with Mom? Let us know. http:/‚Ä¶
Sun May 10 14:02:04 +0000 2015,GM King, Nets have work cut out for them| http://t.co/eux5bMRROX #Nets #NBA
Sun May 10 14:01:50 +0000 2015,RT @BrooklynNets: Happy Mother's Day from our #Brooklyn family to yours! Have you shared a great #Nets moment with Mom? Let us know. http:/‚Ä¶
Sun May 10 14:00:16 +0000 2015,Hawks Eliminate Nets in Game 6 http://t.co/bXWEoLubZX #Nets #NBA
Sun May 10 13:49:39 +0000 2015,RT @BrooklynNets: Happy Mother's Day from our #Brooklyn family to yours! Have you shared a great #Nets moment with Mom? Let us know. http:/‚Ä¶
Sun May 10 13:37:04 +0000 2015,RT @BrooklynNets: Happy Mother's Day from our #Brooklyn family to yours! Have you shared a great #Nets moment with Mom? Let us know. http:/‚Ä¶
Sun May 10 13:35:16 +0000 2015,Keeping Brook Lopez Is Priority for Nets http://t.co/nJNdBVEFN4 #Nets #NBA
Sun May 10 13:33:14 +0000 2015,Happy Mother's Day from our #Brooklyn family to yours! Have you shared a great #Nets moment with Mom? Let us know. ‚Ä¶ http://t.co/JgJFPD7Lhk
Sun May 10 13:32:09 +0000 2015,RT @BrooklynNets: Happy Mother's Day from our #Brooklyn family to yours! Have you shared a great #Nets moment with Mom? Let us know. http:/‚Ä¶
Sun May 10 13:31:33 +0000 2015,@NewYerkPost You're top of #nets! Want to declutter you inbox quickly? Try Unroll.Me: http://t.co/G5hZEfzqF4
Sun May 10 13:26:25 +0000 2015,RT @BrooklynNets: Happy Mother's Day from our #Brooklyn family to yours! Have you shared a great #Nets moment with Mom? Let us know. http:/‚Ä¶
Sun May 10 13:14:59 +0000 2015,RT @brooklynNfans: Nets GM :Brook Lopez wanted back, other Big 3 are trade chips http://t.co/99DVDBFO1R #Nets #NBA
