Sun May 10 19:59:03 +0000 2015,L #NBA Adidas NBA Men #Jersey #OrlandoMagic Dwight Howard Blue sz 50 #BestSeller #Deals http://t.co/cHIOwcyfSy
Sun May 10 19:58:10 +0000 2015,#NBA 1994-95 #ShaquilleONeal FLEER ULTRA REBOUND KING #OrlandoMagic BEAUTIFUL!! http://t.co/SDUd1KbRoA #Card #Cards
Sun May 10 19:55:08 +0000 2015,#NBA Vintage Black Penny Anfernee Hardaway #OrlandoMagic NBA #Jersey-Adult 48-Champion http://t.co/srdHm5AsoU #BestSeller #Deals
Sun May 10 19:54:06 +0000 2015,L #NBA #Magic Vintage #OrlandoMagic #Snapback #Hat #Bargains #Forsale http://t.co/zSa4g0Zm7C
Sun May 10 19:50:06 +0000 2015,#NBA #Magic #OrlandoMagic #Hat http://t.co/eV8Hv4d6qb #Bargains #Forsale
Sun May 10 19:50:06 +0000 2015,#Basketball #Magic Vintage Black Penny Anfernee Hardaway #OrlandoMagic NBA #Jersey-Adult 48-Champion http://t.co/r7EzVnkod4 #Auction #Cheap
Sun May 10 19:49:11 +0000 2015,#OrlandoMagic Our City: OMG, We Really Are An Expansion Team Aren't We?! http://t.co/QqsFMqLfT4 #SportsRoadhouse
Sun May 10 19:43:17 +0000 2015,L #NBA Official Reebok #OrlandoMagic #Jersey Youth Large TRACY MCGRADY #1 Away #Jersey 1 #BestSeller #Deals http://t.co/PgQlXXiB7V
Sun May 10 19:41:37 +0000 2015,#NBA 2001-02 UD Hardcourt Tracy McGrady #58 #OrlandoMagic http://t.co/dsNj7yhiOH #Card #Cards
Sun May 10 19:38:34 +0000 2015,#NBA Mens #OrlandoMagic Hill NBA Basketball Reebok Sewn Logo #Jersey 2XL XX-Large http://t.co/wgzyzAxP5w #BestSeller #Deals
Sun May 10 19:34:56 +0000 2015,#NBA #OrlandoMagic - NEW 90s ORLANDO MAGIC TANK TOP Shirt JERSEY NBA basketball Retro S... http://t.co/vdMxnMw7m6 http://t.co/k33Sm3HFUt
Sun May 10 19:34:56 +0000 2015,#NBA #OrlandoMagic - Orlando Magic Hat:  $14.95End Date: Tuesday Jun-9-2015 11:59:47 PD... http://t.co/kuebLgWiuF http://t.co/k33Sm3HFUt
Sun May 10 19:34:56 +0000 2015,#NBA #OrlandoMagic - Vintage Orlando Magic Snapback Hat:  $30.00End Date: Sunday May-17... http://t.co/QuRatoMsXn http://t.co/k33Sm3HFUt
Sun May 10 19:34:56 +0000 2015,#NBA #OrlandoMagic - Adidas NBA Men Jersey ORLANDO Magic Dwight Howard Blue sz 50:  $19... http://t.co/bjqcuDMji9 http://t.co/k33Sm3HFUt
Sun May 10 19:34:55 +0000 2015,#NBA #OrlandoMagic - NBA Orlando Magic Retro Tracy McGrady #1 Old School Throwback Jers... http://t.co/JDCdVtPpB9 http://t.co/k33Sm3HFUt
Sun May 10 19:34:11 +0000 2015,#NBA #Magic PENNY HARDAWAY #OrlandoMagic CHAMPION #Basketball #Jersey YOUTH XL 18 20 http://t.co/xu3WmWIkGc #Bargains #Forsale
Sun May 10 19:34:10 +0000 2015,#Basketball #Magic 1996-97 Champion #OrlandoMagic Pro Cut Shorts AWAY BLUE Penny Shaq Issue SZ: L http://t.co/R2KPcDIyGY #Auction #Cheap
Sun May 10 19:26:35 +0000 2015,L #NBA 2006-07 Topps Finest #Basketball Dwight Howard #OrlandoMagic #7 #Card #Cards http://t.co/bVZ4jZEPAu
Sun May 10 19:24:05 +0000 2015,#NBA 2000-01 Topps Gallery Tracy McGrady #3 #OrlandoMagic http://t.co/EVUtfXdnVO #Card #Cards
Sun May 10 19:23:04 +0000 2015,#NBA Adidas NBA Men #Jersey #OrlandoMagic Dwight Howard Blue sz 50 http://t.co/gOyxjGGnRv #BestSeller #Deals
Sun May 10 19:22:11 +0000 2015,L #NBA #Magic Adidas NBA Limited Edition Dwight Howard #OrlandoMagic #Jersey Sz Youth L Black #Bargains #Forsale http://t.co/MpMe4sXwkE
Sun May 10 19:18:06 +0000 2015,#NBA #Magic Vintage #OrlandoMagic #Snapback #Hat http://t.co/qnZRcA73mL #Bargains #Forsale
Sun May 10 19:18:05 +0000 2015,#Basketball #Magic NBA #OrlandoMagic Retro Tracy McGrady #1 Old School Throwback #Jersey http://t.co/D7FN8rEf0T #Auction #Cheap
Sun May 10 19:10:38 +0000 2015,L #NBA Adidas NBA Kids #Jersey #OrlandoMagic JJ Redick Blue sz L Large #BestSeller #Deals http://t.co/weX411iwUL
Sun May 10 19:08:06 +0000 2015,#NBA 1998-99 Skybox Metal Tracy McGrady #51 #OrlandoMagic http://t.co/qontVLrvxm #Card #Cards
Sun May 10 19:07:06 +0000 2015,#NBA Official Reebok #OrlandoMagic #Jersey Youth Large TRACY MCGRADY #1 Away #Jersey 1 http://t.co/UlPR6XJxtV #BestSeller #Deals
Sun May 10 19:05:04 +0000 2015,L #NBA #Magic Adidas NBA Kids #Jersey #OrlandoMagic JJ Redick Blue sz L Large #Bargains #Forsale http://t.co/IX3jG3xsPc
Sun May 10 19:01:34 +0000 2015,#NBA #Magic 1996-97 Champion #OrlandoMagic Pro Cut Shorts AWAY BLUE Penny Shaq Issue SZ: L http://t.co/UT0rQWrxA2 #Bargains #Forsale
Sun May 10 19:01:33 +0000 2015,#Basketball #Magic Adidas NBA Limited Edition Dwight Howard #OrlandoMagic #Jersey Sz Youth L Black http://t.co/9FFk7drGDX #Auction #Cheap
Sun May 10 18:53:06 +0000 2015,#NBA 2006-07 Topps Finest #Basketball Dwight Howard #OrlandoMagic #7 http://t.co/ZXDFuwPZyN #Card #Cards
Sun May 10 18:50:35 +0000 2015,#NBA NEW Throwback Penny Hardaway #1 #OrlandoMagic #Jersey-Blue w/ Pinstripes-M-Medium http://t.co/kczFPVP6M7 #BestSeller #Deals
Sun May 10 18:50:04 +0000 2015,L L #NBA NBA #OrlandoMagic #Jersey J.J. Redick #7 THROWBACK Child XXL/Adult M Vintage #BestSeller #Deals http://t.co/Wg4IAo2WPU
Sun May 10 18:46:14 +0000 2015,#NBA #Magic Adidas NBA Limited Edition Dwight Howard #OrlandoMagic #Jersey Sz Youth L Black http://t.co/lNjuQYfhhB #Bargains #Forsale
Sun May 10 18:46:14 +0000 2015,#Basketball #Magic Adidas NBA Men #Jersey #OrlandoMagic Dwight Howard Blue sz 50 http://t.co/1p5XYf3R2a #Auction #Cheap
Sun May 10 18:39:05 +0000 2015,L #Basketball #Magic NEW NBA MEN'S #OrlandoMagic EMBROIDERED CHRISTMAS STOCKING BEANIE #Hat OSFA #Auction #Cheap http://t.co/MEiur8TtMv
Sun May 10 18:37:09 +0000 2015,#NBA Nikola Vucevic AUTOGRAPH #OrlandoMagic 2012-13 Brilliance AUTO #Basketball Card http://t.co/MozDd2wI6A #Card #Cards
Sun May 10 18:34:33 +0000 2015,#NBA Adidas NBA Kids #Jersey #OrlandoMagic JJ Redick Blue sz L Large http://t.co/13xcMSoin4 #BestSeller #Deals
Sun May 10 18:34:09 +0000 2015,L L #NBA #ShaquilleONeal 1992-93 Fleer RC Rookie #OrlandoMagic NM-MT FUTURE HOF #Card #Cards http://t.co/4fInkDiLga
Sun May 10 18:29:05 +0000 2015,#NBA #Magic Adidas NBA Kids #Jersey #OrlandoMagic JJ Redick Blue sz L Large http://t.co/sRFjGzRWTE #Bargains #Forsale
Sun May 10 18:29:04 +0000 2015,#Basketball #Magic Adidas NBA Kids #Jersey #OrlandoMagic JJ Redick Blue sz L Large http://t.co/m6M9p1baiP #Auction #Cheap
Sun May 10 18:22:13 +0000 2015,#NBA 2005-06 Topps Finest #Basketball Dwight Howard #OrlandoMagic #69 http://t.co/nRqX21Xyis #Card #Cards
Sun May 10 18:19:37 +0000 2015,Welcome to the family brother @__JackRoss 

#OrlandoMagic http://t.co/hYnfbQ4WPU
Sun May 10 18:19:03 +0000 2015,we train #themboyz in yung ages 2B a #bawse one dayüôèüèº #orlandoMagic &amp; #princeDiamond #elFutuRo‚Ä¶ https://t.co/eLpe1tYVR4
Sun May 10 18:13:18 +0000 2015,#NBA #Magic NBA #OrlandoMagic Black #TShirt Size XL http://t.co/2YN4QqZhei #Bargains #Forsale
Sun May 10 18:13:17 +0000 2015,L #NBA NBA #OrlandoMagic #Jersey J.J. Redick #7 THROWBACK Child XXL/Adult M Vintage #BestSeller #Deals http://t.co/dsXUwtLyxf
Sun May 10 18:13:17 +0000 2015,#Basketball #Magic NBA #OrlandoMagic Black #TShirt Size XL http://t.co/QY5Wqyg69G #Auction #Cheap
Sun May 10 18:08:09 +0000 2015,L #Basketball #Magic Vintage #OrlandoMagic Nba Basketball #Jacket Windbreaker By Apex One Size Large #Auction #Cheap http://t.co/Lqij6INHaP
Sun May 10 18:03:42 +0000 2015,Welcome to the family brother @__JackRoss 

#OrlandoMagic http://t.co/zVOC3AvOzu
Sun May 10 17:58:06 +0000 2015,#Basketball #Magic NEW NBA MEN'S #OrlandoMagic EMBROIDERED CHRISTMAS STOCKING BEANIE #Hat OSFA http://t.co/D3H9qo43HL #Auction #Cheap
Sun May 10 17:52:33 +0000 2015,L #NBA #ShaquilleONeal 1992-93 Fleer RC Rookie #OrlandoMagic NM-MT FUTURE HOF #Card #Cards http://t.co/N6KuJlFqoY
Sun May 10 17:49:35 +0000 2015,#NBA 2012-13 Panini Marquee White PETG Rookie Nikola Vucevic #OrlandoMagic http://t.co/sZQTa6Gbq8 #Card #Cards
Sun May 10 17:47:35 +0000 2015,L L #NBA #Magic Vintage Champion #OrlandoMagic Shaquille Shaq O'Neal #Jersey Mens 44 NBA #Bargains #Forsale http://t.co/Cmoe6orTTX
Sun May 10 17:45:15 +0000 2015,Found all this at Value Village for 26$. #shaq #Oilers #RealMadrid #randysavage #orlandomagic #nhl #nba #wwe #laliga http://t.co/fVFrmQ9MtU
Sun May 10 17:41:35 +0000 2015,#NBA #Magic NEW NBA MEN'S #OrlandoMagic EMBROIDERED CHRISTMAS STOCKING BEANIE #Hat OSFA http://t.co/mXOO38byk4 #Bargains #Forsale
Sun May 10 17:41:34 +0000 2015,#Basketball #Magic TRACY McGRADY 2003 #OrlandoMagic Throwback Nesting Doll Vtg SGA Figure http://t.co/YltG2ATNMQ #Auction #Cheap
Sun May 10 17:34:05 +0000 2015,#NBA 2012 Leaf Kyle O'Quinn Auto RC #OrlandoMagic http://t.co/nLHvGoCbVz #Card #Cards
Sun May 10 17:31:09 +0000 2015,L #Basketball #Magic Tracy McGrady #1 #OrlandoMagic Reebok Hardwood Classic Vtg #Jersey 56 Swingman #Auction #Cheap http://t.co/OKkYXhcHNn
Sun May 10 17:31:08 +0000 2015,#NBA NBA #OrlandoMagic #Jersey J.J. Redick #7 THROWBACK Child XXL/Adult M Vintage http://t.co/4I0495LBLh #BestSeller #Deals
Sun May 10 17:25:34 +0000 2015,#NBA #Magic TRACY McGRADY 2003 #OrlandoMagic Throwback Nesting Doll Vtg SGA Figure http://t.co/TWnPbftrsS #Bargains #Forsale
Sun May 10 17:25:34 +0000 2015,#Basketball #Magic Vintage #OrlandoMagic Nba Basketball #Jacket Windbreaker By Apex One Size Large http://t.co/BSIRcpyAtj #Auction #Cheap
Sun May 10 17:20:35 +0000 2015,L L #NBA JAMEER NELSON 06/07 UD SP AUTHENTIC #63 GOLD /25 #OrlandoMagic #Card #Cards http://t.co/cnqusdhx5T
Sun May 10 17:19:50 +0000 2015,#NBA #OrlandoMagic - TRACY McGRADY 2003 Orlando Magic Throwback Nesting Doll Vtg SGA Fi... http://t.co/J7bnKBSN5s http://t.co/k33Sm3HFUt
Sun May 10 17:19:50 +0000 2015,#NBA #OrlandoMagic - Tracy McGrady #1 Orlando Magic Reebok Hardwood Classic Vtg Jersey ... http://t.co/1VrwTB6oWm http://t.co/k33Sm3HFUt
Sun May 10 17:17:36 +0000 2015,#NBA #ShaquilleONeal 1992-93 Fleer RC Rookie #OrlandoMagic NM-MT FUTURE HOF http://t.co/1rqEGXCKfv #Card #Cards
Sun May 10 17:10:25 +0000 2015,L #NBA #Magic Vintage Champion #OrlandoMagic Shaquille Shaq O'Neal #Jersey Mens 44 NBA #Bargains #Forsale http://t.co/X74MHEYe2u
Sun May 10 17:10:25 +0000 2015,#NBA #Magic Tracy McGrady #1 #OrlandoMagic Reebok Hardwood Classic Vtg #Jersey 56 Swingman http://t.co/nfB1rwxeHX #Bargains #Forsale
Sun May 10 17:01:35 +0000 2015,#NBA 2001-02 Topps Chrome #Basketball Patrick Ewing #OrlandoMagic #33 http://t.co/4QFf9phWBa #Card #Cards
Sun May 10 16:59:42 +0000 2015,#NBA Tracy McGrady #1 #OrlandoMagic Reebok Hardwood Classic Vtg #Jersey 56 Swingman http://t.co/FzlY5MCYwO #BestSeller #Deals
Sun May 10 16:53:08 +0000 2015,#NBA #Magic Vintage #OrlandoMagic Nba #Basketball #Jacket Windbreaker By Apex One Size Large http://t.co/As7bklDqW2 #Bargains #Forsale
Sun May 10 16:53:06 +0000 2015,#Basketball #Magic Tracy McGrady #1 #OrlandoMagic Reebok Hardwood Classic Vtg #Jersey 56 Swingman http://t.co/14YlV7OvN7 #Auction #Cheap
Sun May 10 16:46:07 +0000 2015,#NBA 2006-07 Topps Turkey Red #Basketball Dwight Howard #OrlandoMagic #60 http://t.co/MHwTcirls8 #Card #Cards
Sun May 10 16:43:15 +0000 2015,L #NBA JAMEER NELSON 06/07 UD SP AUTHENTIC #63 GOLD /25 #OrlandoMagic #Card #Cards http://t.co/6h9LQS1R84
Sun May 10 16:43:14 +0000 2015,#NBA Nikola Vucevic 2012-13 Select Rookie #Jersey Autograph + 2 Marquee #OrlandoMagic http://t.co/JpwdZAVAHX #BestSeller #Deals
Sun May 10 16:38:13 +0000 2015,L L #NBA #Magic 9" TEDDY BEAR #OrlandoMagic HOWARD NASH #Jersey NBA #Bargains #Forsale http://t.co/ojjCygZKE8
Sun May 10 16:37:33 +0000 2015,#NBA #Magic Vintage Champion #OrlandoMagic Shaquille Shaq O'Neal #Jersey Mens 44 NBA http://t.co/ecguHnbVBR #Bargains #Forsale
Sun May 10 16:37:33 +0000 2015,#Basketball #Magic Vintage Champion #OrlandoMagic Shaquille Shaq O'Neal #Jersey Mens 44 NBA http://t.co/pEV5eQ8Huk #Auction #Cheap
Sun May 10 16:32:10 +0000 2015,L L #Basketball #Magic 9" TEDDY BEAR #OrlandoMagic HOWARD NASH #Jersey NBA #Auction #Cheap http://t.co/KPHRoDExVg
Sun May 10 16:30:04 +0000 2015,#NBA BO OUTLAW 12 PANINI PAST &amp; PRESENT #BO AUTOGRAPH AUTO #OrlandoMagic http://t.co/8cDvi3fp34 #Card #Cards
Sun May 10 16:16:28 +0000 2015,Orlando Magic piensa en Scott Brooks #Baloncesto #Deportes #Basket #OrlandoMagic #AlvinGentry #RobHennigan        ‚Ä¶ https://t.co/DSfGBUwWFy
Sun May 10 16:14:34 +0000 2015,#NBA #OrlandoMagic 2014-15 IMMACULATE CASE GRAB BAG 5X INDEX CARD BREAK http://t.co/segeTz1iph #Card #Cards
Sun May 10 16:11:07 +0000 2015,L #NBA 2007/08 Upper Deck Game Used #OrlandoMagic Game Jersey Dwight Howard Card#GJ-HO #Card #Cards http://t.co/5qGeeuoNhP
Sun May 10 15:58:34 +0000 2015,#NBA JAMEER NELSON 06/07 UD SP AUTHENTIC #63 GOLD /25 #OrlandoMagic http://t.co/uvkfaSuD3s #Card #Cards
Sun May 10 15:55:33 +0000 2015,#NBA Shaquille O'Neal 1993 94 Authentic #Jersey Mitchell Ness #OrlandoMagic sz 52 xxl http://t.co/7QolclZm6F #BestSeller #Deals
Sun May 10 15:47:39 +0000 2015,L #NBA #Magic 9" TEDDY BEAR #OrlandoMagic HOWARD NASH #Jersey NBA #Bargains #Forsale http://t.co/ofepviYllu
Sun May 10 15:43:12 +0000 2015,L #Basketball #Magic 9" TEDDY BEAR #OrlandoMagic HOWARD NASH #Jersey NBA #Auction #Cheap http://t.co/850ZkpLSt4
Sun May 10 15:42:05 +0000 2015,#NBA Shaquille Oneal Basket Ball Cards Lot Of 7 #OrlandoMagic http://t.co/D1kMylQoSP #Card #Cards
Sun May 10 15:37:06 +0000 2015,#OrlandoMagic #Orlando #gomagic #Magic Southeast Notes: Pierce, Dedmon, Williams http://t.co/9KpFQF4NaG
Sun May 10 15:32:12 +0000 2015,L #NBA 9" TEDDY BEAR #OrlandoMagic HOWARD NASH #Jersey NBA #BestSeller #Deals http://t.co/lADvvlsHz4
Sun May 10 15:26:25 +0000 2015,#NBA 2007/08 Upper Deck Game Used #OrlandoMagic Game Jersey Dwight Howard Card#GJ-HO http://t.co/fBRdjSCwn9 #Card #Cards
Sun May 10 15:10:10 +0000 2015,#NBA Drew Gooden 03-04 Flair Sweet Swatch #OrlandoMagic Game Jersey 144/165 http://t.co/bMZVT4qcK1 #Card #Cards
Sun May 10 15:04:43 +0000 2015,RT @Money_Mark23: ORLANDO MAGIC FAN I'M FROM THE O FUCK THAT WIN OR LOSE...#OrlandoMagic
Sun May 10 15:01:58 +0000 2015,#NBA #OrlandoMagic - 9" TEDDY BEAR ORLANDO MAGIC HOWARD NASH JERSEY NBA:  $3.99End Date... http://t.co/8VbsYIsJqk http://t.co/k33Sm3HFUt
Sun May 10 15:00:15 +0000 2015,#NBA #Magic 9" TEDDY BEAR #OrlandoMagic HOWARD NASH #Jersey NBA http://t.co/o1QPVYcyK8 #Bargains #Forsale
Sun May 10 15:00:15 +0000 2015,#Basketball #Magic 9" TEDDY BEAR #OrlandoMagic HOWARD NASH #Jersey NBA http://t.co/IN3iDsbWpu #Auction #Cheap
Sun May 10 14:52:34 +0000 2015,#NBA 9" TEDDY BEAR #OrlandoMagic HOWARD NASH #Jersey NBA http://t.co/egU5U2uGVD #BestSeller #Deals
Sun May 10 14:39:06 +0000 2015,#NBA 1996 Upper Deck Collector's Choice #116 Penny Anfernee Hardaway #OrlandoMagic http://t.co/LgmxMqKVuT #Card #Cards
Sun May 10 14:38:05 +0000 2015,L #NBA Champion 90s Shaquille O'Neal #OrlandoMagic #Jersey Vintage Size 44 L #BestSeller #Deals http://t.co/zg4A5WSsXk
Sun May 10 14:23:36 +0000 2015,#NBA 2013-14 Select Jameer Nelson Blue Prizm Red Hot 21/49 #OrlandoMagic http://t.co/D3kurGTsjE #Card #Cards
Sun May 10 14:07:05 +0000 2015,L L #Basketball #Magic Late 2000's #OrlandoMagic NBA Basketball mini pennant #Auction #Cheap http://t.co/MbrRPUpOic
Sun May 10 13:52:42 +0000 2015,#NBA #OrlandoMagic - Champion 90s Shaquille O'Neal Orlando Magic Jersey Vintage Size 44... http://t.co/gNNCilLzsl http://t.co/k33Sm3HFUt
