Sun May 10 19:59:04 +0000 2015,L #Collectible #Buzz Paul George Indiana #Pacers #Jersey #13 #Bestseller #Buy http://t.co/pfOTqbf9So
Sun May 10 19:54:06 +0000 2015,L #Sports #Goods Paul George Indiana #Pacers #Jersey #13 #Forsale #onsale http://t.co/nLnZFkDF6t
Sun May 10 19:49:13 +0000 2015,L #NBA #Basketball Paul George Indiana #Pacers #Jersey #13 #eBay #Auction http://t.co/2VGFv7k4Vv
Sun May 10 19:40:10 +0000 2015,#WeightLoss #Fit 3 Exercises to Help You Effectively Lose Belly Fat http://t.co/Plvwo1Gx71 #Pacers #Healthy
Sun May 10 19:40:09 +0000 2015,Player Review 2015 :Shayne Whittington http://t.co/xSP5imID1t #Pacers #NBA
Sun May 10 19:34:39 +0000 2015,Player Review 2015 :Shayne Whittington| http://t.co/WEvirJFz81 #pacers
Sun May 10 19:32:35 +0000 2015,L L L #Sports #Goods Indiana #Pacers Jermaine O'Neal #7 #Reebok (M) +2 Length #Forsale #onsale http://t.co/B43aa9vlwF
Sun May 10 19:28:09 +0000 2015,L L #Collectible #Buzz Granger #33 Indiana #Pacers #Adidas #NBA #Jersey Navy &amp;amp;amp; Yellow Sz Mens M #Bestseller… http://t.co/eUlKHtZTq5
Sun May 10 19:25:19 +0000 2015,#WeightLoss #Fit Garcinia Cambogia for Weight Loss Results http://t.co/dQ0ISG23lt #Pacers #Healthy
Sun May 10 19:22:13 +0000 2015,L L #NBA #Basketball Indiana #Pacers NBA Throwback Logo T-Shirt Adult Short Sleeve #eBay #Auction http://t.co/4ik0Fu1KLY
Sun May 10 19:17:16 +0000 2015,L B #Collectible #Buzz #Adidas Boys large Indiana #Pacers pre game jacket #NBA authentic #Bestseller #Buy http://t.co/wL22M5NWDw
Sun May 10 19:13:14 +0000 2015,#Collectible #Buzz NWT Indiana #Pacers #31 Reggie Miller Blue Hardwood Classics Swingman Men… http://t.co/Wh8qlrQuIB #Bestseller #Buy
Sun May 10 19:13:13 +0000 2015,#Sports #Goods NWT Indiana #Pacers #31 Reggie Miller Blue Hardwood Classics Swingman Men #Jersey http://t.co/Kk84Emsqmc #Forsale #onsale
Sun May 10 19:11:37 +0000 2015,L #Sports #Goods 90s Champion Mens Indiana #Pacers #NBA Warmup Jacket Shirt XL Vtg Reggie Miller #Forsale #onsale http://t.co/RL2pjJS1nw
Sun May 10 19:10:08 +0000 2015,8 Points, 9 Seconds :The Moment that Changed the Course of Pacers History http://t.co/FrgG8NxAxS #Pacers #NBA
Sun May 10 19:10:07 +0000 2015,#WeightLoss #Fit 5 Unusual But Simple Weight Loss Tips http://t.co/FGUuOhOaaL #Pacers #Healthy
Sun May 10 19:08:25 +0000 2015,@IndiPacers You're top of #pacers! Want to declutter you inbox quickly? Try Unroll.Me: http://t.co/76NfmmP1Ld
Sun May 10 19:08:07 +0000 2015,#IndianaPacers #Pacers #forum Gasol (hamstring) out for Game 4 vs. Cavs [ESPN] http://t.co/7Kexgmt38F
Sun May 10 19:06:08 +0000 2015,L #NBA #Basketball 90s Champion Mens Indiana #Pacers NBA Warmup Jacket Shirt XL Vtg Reggie Miller #eBay #Auction http://t.co/ByiSBxwlBM
Sun May 10 19:05:07 +0000 2015,http://t.co/gGx2yAbTLR GameTime: Asch on Cavaliers-Bulls  #Pacers http://t.co/DgQlAR6aFH
Sun May 10 19:01:07 +0000 2015,L B #NBA #Basketball #Adidas Boys large Indiana #Pacers pre game jacket nba authentic #eBay #Auction http://t.co/tHym1vZQY0
Sun May 10 18:59:37 +0000 2015,Pacers Help Wanted :Calling All Shooters| http://t.co/jIa8Q6nEja #pacers
Sun May 10 18:55:03 +0000 2015,#WeightLoss #Fit 5 Simple Steps to a Cost-Effective At-Home Body Wrap http://t.co/Q1RvPqwjg8 #Pacers #Healthy … http://t.co/L7RzBb6Hus
Sun May 10 18:54:07 +0000 2015,#WeightLoss #Fit 5 Simple Steps to a Cost-Effective At-Home Body Wrap http://t.co/3sAsBywHGz #Pacers #Healthy
Sun May 10 18:50:04 +0000 2015,L L #Collectible #Buzz NWT Mens Indiana #Pacers Navy Blue Long Sleeve Bold Logo T-Shirt Size 2XL XXL #Bestseller… http://t.co/5GqM3oz9km
Sun May 10 18:44:07 +0000 2015,L L #Sports #Goods NWT Mens Indiana #Pacers Navy Blue Long Sleeve Bold Logo T-Shirt Size 2XL XXL #Forsale #onsale http://t.co/DYxj30Tx5N
Sun May 10 18:41:07 +0000 2015,#Collectible #Buzz Paul George Indiana #Pacers #Jersey #13 http://t.co/qBnvcEQOd8 #Bestseller #Buy
Sun May 10 18:41:07 +0000 2015,#Sports #Goods Paul George Indiana #Pacers #Jersey #13 http://t.co/kC2GofDjO7 #Forsale #onsale
Sun May 10 18:41:06 +0000 2015,#NBA #Basketball Paul George Indiana #Pacers #Jersey #13 http://t.co/bJZESrlkb6 #eBay #Auction
Sun May 10 18:39:05 +0000 2015,#WeightLoss #Fit Probing the Expectation of Bene#fits of Chinese Slimming Pills http://t.co/BkD228CjMJ #Pacers #Healthy
Sun May 10 18:36:17 +0000 2015,Je viens de soutenir @TrashTalk_fr via @Kissbankers ! Go #NBA Go #Pacers http://t.co/HrN0VN00GL Bonne continuation pour les projets
Sun May 10 18:34:06 +0000 2015,L L #Collectible #Buzz Indiana #Pacers Jermaine O'Neal #7 #Reebok (M) +2 Length #Bestseller #Buy http://t.co/uAK8sQHWuI
Sun May 10 18:23:35 +0000 2015,L L #Sports #Goods Indiana #Pacers Jermaine O'Neal #7 #Reebok (M) +2 Length #Forsale #onsale http://t.co/A31vZqf4w2
Sun May 10 18:13:35 +0000 2015,L #Collectible #Buzz Granger #33 Indiana #Pacers #Adidas #NBA #Jersey Navy &amp;amp; Yellow Sz Mens M #Bestseller #Buy http://t.co/GznKscm0Ko
Sun May 10 18:12:11 +0000 2015,#IndianaPacers #Pacers #forum Fountain of Truth [ESPN] http://t.co/Vh35WFJwwf
Sun May 10 18:10:07 +0000 2015,Luis Scola's versatility is worth keeping around http://t.co/SszBKbzjtW #Pacers #NBA
Sun May 10 18:09:07 +0000 2015,#WeightLoss #Fit Diet, Exercise And Natural Ways Of Weight Loss In Fast Manner http://t.co/xZcJtTpEE9 #Pacers #Healthy
Sun May 10 18:08:09 +0000 2015,L #NBA #Basketball Indiana #Pacers NBA Throwback Logo T-Shirt Adult Short Sleeve #eBay #Auction http://t.co/L3yonKBKjs
Sun May 10 18:08:06 +0000 2015,#IndianaPacers #Pacers #forum 'Errrbody' notice these Grizzlies yet? [ESPN] http://t.co/jIuYApFYr4
Sun May 10 18:02:04 +0000 2015,Indiana Pacers top five stories of the week http://t.co/QTZ2H9Neu2 #Pacers #NBA http://t.co/M3bdWFRdYS
Sun May 10 17:58:17 +0000 2015,L L L #Collectible #Buzz #Adidas Boys large Indiana #Pacers pre game jacket #NBA authentic #Bestseller #Buy http://t.co/FyfPHEDuV2
Sun May 10 17:54:25 +0000 2015,#WeightLoss #Fit Probing the Expectation of Bene#fits of Chinese Slimming Pills http://t.co/U3DAJfcpCk #Pacers #H… http://t.co/g2fk0V9uiZ
Sun May 10 17:53:38 +0000 2015,#WeightLoss #Fit Probing the Expectation of Bene#fits of Chinese Slimming Pills http://t.co/vLNuO9xRed #Pacers #Healthy
Sun May 10 17:53:37 +0000 2015,#Collectible #Buzz 90s Champion Mens Indiana #Pacers #NBA Warmup Jacket Shirt XL Vtg Reggie Miller http://t.co/SFpDPQUi8r #Bestseller #Buy
Sun May 10 17:53:37 +0000 2015,#Sports #Goods 90s Champion Mens Indiana #Pacers #NBA Warmup Jacket Shirt XL Vtg Reggie Miller http://t.co/AtYmaiz45s #Forsale #onsale
Sun May 10 17:53:36 +0000 2015,#NBA #Basketball 90s Champion Mens Indiana #Pacers NBA Warmup Jacket Shirt XL Vtg Reggie Miller http://t.co/Ciq8ZlLCMN #eBay #Auction
Sun May 10 17:47:29 +0000 2015,RT @IndiPacers: How did you enjoy Reggie Miller's 8.9 seconds of greatness for the Pacers? http://t.co/1vfpl7fhly #Pacers #NBA
Sun May 10 17:47:07 +0000 2015,L L L #NBA #Basketball #Adidas Boys large Indiana #Pacers pre game jacket nba authentic #eBay #Auction http://t.co/vLxUCDlfWJ
Sun May 10 17:40:06 +0000 2015,How did you enjoy Reggie Miller's 8.9 seconds of greatness for the Pacers? http://t.co/1vfpl7fhly #Pacers #NBA
Sun May 10 17:38:35 +0000 2015,#WeightLoss #Fit Newest Weight Loss Methods Tackle Sitting Disease http://t.co/pPznvzbDsW #Pacers #Healthy
Sun May 10 17:37:26 +0000 2015,L L B #NBA #Basketball Late 2000's INDIANA #Pacers NBA Basketball mini pennant #eBay #Auction http://t.co/UnAevUHi0H
Sun May 10 17:31:22 +0000 2015,L #Collectible #Buzz NWT Mens Indiana #Pacers Navy Blue Long Sleeve Bold Logo T-Shirt Size 2XL XXL #Bestseller #Buy http://t.co/Plk4eShM1V
Sun May 10 17:30:31 +0000 2015,RT @pacers_fans10: Kyrie Irving Has Played Through Foot Injury Since Game 2 Of 1st Round| http://t.co/oVkqvU7CMb #pacers
Sun May 10 17:26:06 +0000 2015,L #Sports #Goods NWT Mens Indiana #Pacers Navy Blue Long Sleeve Bold Logo T-Shirt Size 2XL XXL #Forsale #onsale http://t.co/p9co4hqi3c
Sun May 10 17:21:12 +0000 2015,#Collectible #Buzz New Mens #Reebok Navy Indiana #NBA #Pacers S/S Polo Shirt XL http://t.co/VXDczHVeKN #Bestseller #Buy
Sun May 10 17:21:11 +0000 2015,#Sports #Goods Indiana #Pacers #NBA Throwback Logo T-Shirt Adult Short Sleeve http://t.co/dQWKwxWBjQ #Forsale #onsale
Sun May 10 17:21:10 +0000 2015,#NBA #Basketball NWT Mens Indiana #Pacers Navy Blue Long Sleeve Bold Logo T-Shirt Size 2XL XXL http://t.co/7TMiPYgbvP #eBay #Auction
Sun May 10 17:18:40 +0000 2015,RT @IndiPacers: Indiana Pacers top five stories of the week http://t.co/eJb1jmeH3C #Pacers #NBA
Sun May 10 17:16:12 +0000 2015,L #Collectible #Buzz Indiana #Pacers Jermaine O'Neal #7 #Reebok (M) +2 Length #Bestseller #Buy http://t.co/FmoO87sDAX
Sun May 10 17:14:31 +0000 2015,Kyrie Irving Has Played Through Foot Injury Since Game 2 Of 1st Round| http://t.co/oVkqvU7CMb #pacers
Sun May 10 17:13:43 +0000 2015,RT @IndiPacers: Indiana Pacers top five stories of the week http://t.co/eJb1jmeH3C #Pacers #NBA
Sun May 10 17:13:29 +0000 2015,http://t.co/EEkB0NdMH9: wtf Indiana Pacers http://t.co/LUgVUSDBbh #indiana #pacers
Sun May 10 17:10:21 +0000 2015,L #Sports #Goods Indiana #Pacers Jermaine O'Neal #7 #Reebok (M) +2 Length #Forsale #onsale http://t.co/6SQfSS6icZ
Sun May 10 17:10:05 +0000 2015,Indiana Pacers top five stories of the week http://t.co/eJb1jmeH3C #Pacers #NBA
Sun May 10 17:07:35 +0000 2015,#WeightLoss #Fit Doc Offers Glimpse Into Arena Pharma Weight-Loss Combination Therapy http://t.co/6hmsCKHDJh #Pacers #Healthy
Sun May 10 17:05:38 +0000 2015,#Collectible #Buzz Granger #33 Indiana #Pacers #Adidas #NBA #Jersey Navy &amp; Yellow Sz Mens M http://t.co/Z8raLb1qWG #Bestseller #Buy
Sun May 10 17:05:37 +0000 2015,#Sports #Goods New Mens #Reebok Navy Indiana #NBA #Pacers S/S Polo Shirt XL http://t.co/36EVRxKUwb #Forsale #onsale
Sun May 10 17:05:36 +0000 2015,#NBA #Basketball Indiana #Pacers NBA Throwback Logo T-Shirt Adult Short Sleeve http://t.co/aiGFKkSNEW #eBay #Auction
Sun May 10 16:59:45 +0000 2015,L L #Collectible #Buzz #Adidas Boys large Indiana #Pacers pre game jacket #NBA authentic #Bestseller #Buy http://t.co/rZ1eR1D14j
Sun May 10 16:55:15 +0000 2015,http://t.co/gGx2yAbTLR Happy Mother's Day  #Pacers http://t.co/ZMw44FbpJP
Sun May 10 16:55:11 +0000 2015,L #Collectible #Buzz Indiana #Pacers Sports Specialties Script Classic Snapback Hat Cap Navy Blue EUC #Bestseller… http://t.co/G6A22O5mQz
Sun May 10 16:49:13 +0000 2015,#Collectible #Buzz Indiana #Pacers #NBA Throwback Logo T-Shirt Adult Short Sleeve http://t.co/j9uEVkyeQw #Bestseller #Buy
Sun May 10 16:49:12 +0000 2015,#Sports #Goods Granger #33 Indiana #Pacers #Adidas #NBA #Jersey Navy &amp; Yellow Sz Mens M http://t.co/ylR1DNvhrb #Forsale #onsale
Sun May 10 16:49:10 +0000 2015,#NBA #Basketball Granger #33 Indiana #Pacers #Adidas NBA #Jersey Navy &amp; Yellow Sz Mens M http://t.co/dVXN63RJIy #eBay #Auction
Sun May 10 16:49:09 +0000 2015,L L #NBA #Basketball #Adidas Boys large Indiana #Pacers pre game jacket nba authentic #eBay #Auction http://t.co/6JFbpVPOti
Sun May 10 16:47:35 +0000 2015,#Wizards didn't win at home in the Conference Semis last year against the #Pacers. It's been that long! #NBAPlayoffs
Sun May 10 16:43:46 +0000 2015,L B #NBA #Basketball Late 2000's INDIANA #Pacers NBA Basketball mini pennant #eBay #Auction http://t.co/B4DMd5LqLq
Sun May 10 16:43:24 +0000 2015,@betsysthoughts You're top of #pacers! Want to declutter you inbox quickly? Try Unroll.Me: http://t.co/76NfmmP1Ld
Sun May 10 16:39:29 +0000 2015,dedman's Final 2012 NBA Mockery| http://t.co/ZOUnoawZR7 #pacers
Sun May 10 16:38:11 +0000 2015,L L D #Collectible #Buzz #NBA INDIANA #Pacers RETRO TEE SHIRT NEW VINTAGE NEW OLD STOCK LARGE snapback #Bestseller… http://t.co/nCE3V6x47m
Sun May 10 16:34:21 +0000 2015,#Collectible #Buzz NWT Mens Indiana #Pacers Navy Blue Long Sleeve Bold Logo T-Shirt Size 2XL XXL http://t.co/eDqP1GrDW4 #Bestseller #Buy
Sun May 10 16:34:21 +0000 2015,#Sports #Goods NWT Mens Indiana #Pacers Navy Blue Long Sleeve Bold Logo T-Shirt Size 2XL XXL http://t.co/a7LGjAmkeh #Forsale #onsale
Sun May 10 16:34:19 +0000 2015,#NBA #Basketball New Mens #Reebok Navy Indiana NBA #Pacers S/S Polo Shirt XL http://t.co/tR0buJvAna #eBay #Auction
Sun May 10 16:32:42 +0000 2015,L L #Sports #Goods 2010-11 INDIANA #Pacers TEAM SIGNED #Basketball - #NBA Indianapolis Paul George #Forsale #onsale http://t.co/zCWeQCZxBJ
Sun May 10 16:25:25 +0000 2015,@Pacers JJ says "Thank you Boomer for the birthday package. It's great!" #boomer #pacers http://t.co/pT2AerKOQX
Sun May 10 16:23:11 +0000 2015,#WeightLoss #Fit Doc Offers Glimpse Into Arena Pharma Weight-Loss Combination Therapy http://t.co/QwhBHGEMGg #Pacers #Healthy
Sun May 10 16:18:08 +0000 2015,#Collectible #Buzz Indiana #Pacers Jermaine O'Neal #7 #Reebok (M) +2 Length http://t.co/wcXz3u6XYh #Bestseller #Buy
Sun May 10 16:18:07 +0000 2015,#Sports #Goods Indiana #Pacers Jermaine O'Neal #7 #Reebok (M) +2 Length http://t.co/3mriPTWDlJ #Forsale #onsale
Sun May 10 16:18:06 +0000 2015,#NBA #Basketball Indiana #Pacers Jermaine O'Neal #7 #Reebok (M) +2 Length http://t.co/Kixa9zI19U #eBay #Auction
Sun May 10 16:11:06 +0000 2015,#Pacers Tweets: Gotta Say Happy Mother's Day To This Woman Right Here... She Have Been… http://t.co/tPhFGCUjpx #NBA http://t.co/CKcmzLQ8IS
Sun May 10 16:07:52 +0000 2015,#WeightLoss #Fit How To Lose Belly Fat For Women Over 35 http://t.co/Dh945qaJRE #Pacers #Healthy
Sun May 10 16:05:36 +0000 2015,L #Collectible #Buzz #Adidas Boys large Indiana #Pacers pre game jacket #NBA authentic #Bestseller #Buy http://t.co/VlnK7e77ns
Sun May 10 16:04:27 +0000 2015,Eight Points About 8 Points in 9 Seconds| http://t.co/DADzivxAIN #pacers
Sun May 10 16:02:19 +0000 2015,#Collectible #Buzz Indiana #Pacers Sports Specialties Script Classic Snapback Hat Cap Navy Blue EUC http://t.co/KvpeHtahhZ #Bestseller #Buy
Sun May 10 16:02:19 +0000 2015,#Sports #Goods Indiana #Pacers Sports Specialties Script Classic Snapback Hat Cap Navy Blue EUC http://t.co/H84gqDx77h #Forsale #onsale
Sun May 10 16:02:19 +0000 2015,#NBA #Basketball Indiana #Pacers Sports Specialties Script Classic Snapback Hat Cap Navy Blue EUC http://t.co/zm1f70F4nA #eBay #Auction
Sun May 10 15:59:06 +0000 2015,L #NBA #Basketball #Adidas Boys large Indiana #Pacers pre game jacket nba authentic #eBay #Auction http://t.co/fTcm3jsSkR
Sun May 10 15:53:12 +0000 2015,L L L #NBA #Basketball Late 2000's INDIANA #Pacers NBA Basketball mini pennant #eBay #Auction http://t.co/4eJgDon5PU
Sun May 10 15:52:17 +0000 2015,#WeightLoss #Fit Jessica Simpson's Weight Loss Parade Continues (and Now It's Her Toned Legs... http://t.co/ZLADYkjAl1 #Pacers #Healthy
Sun May 10 15:47:39 +0000 2015,L D #Collectible #Buzz #NBA INDIANA #Pacers RETRO TEE SHIRT NEW VINTAGE NEW OLD STOCK LARGE snapback #Bestseller… http://t.co/uRLcSkh2FR
