Sun May 10 19:59:05 +0000 2015,L L B #Detroit #Pistons Vintage Detroit Pistons 1989 NBA CHAMPS Corduroy Snapback Hat Cap EUC #NBA #Great #Deals http://t.co/jotXc2a9mI
Sun May 10 19:56:40 +0000 2015,RT @isgcamps: @HashTagDetroit1 #ANDREDRUMMOND BASKETBALL CAMP Get Ready #Detroit ►http://t.co/Bmjb1q6Sk5 @AndreDrummondd #Pistons http://t.…
Sun May 10 19:54:15 +0000 2015,L L #Collectible #Buzz Ben Wallace Detroit #Pistons Bobblehead #NBA All Star Ticketmaster Detroit News #eBay… http://t.co/rsC3H7Xujy
Sun May 10 19:51:30 +0000 2015,will the #Detroit #Pistons be better next season? http://t.co/mFtqGRdC9H #NBA #Basketball #sportsblogs #NBADraft #nbaplayoffs
Sun May 10 19:50:56 +0000 2015,RT @jamonalexander: As a #Pistons fan, I'm supposed to hate the Bulls. Happy for D. Rose tho. #BULLSvsCAVS
Sun May 10 19:49:53 +0000 2015,As a #Pistons fan, I'm supposed to hate the Bulls. Happy for D. Rose tho. #BULLSvsCAVS
Sun May 10 19:49:07 +0000 2015,L #Collectible #Buzz Richard Hamilton Detroit #Pistons Bobblehead Detroit Free Press Capital Mortgage #eBay #Auction http://t.co/qyKT6Zj6YR
Sun May 10 19:47:36 +0000 2015,RT DetroitPistonsv: #Detroit #Pistons Vintage Grant Hill Detroit Pistons NBA Jersey-Adult 44-Champion … http://t.co/OYOzoLfH8R
Sun May 10 19:46:11 +0000 2015,#Collectible #Buzz Vintage Grant Hill Detroit #Pistons #NBA #Jersey-Adult 44-Champion http://t.co/CJK2GI1aCV #eBay #Auction
Sun May 10 19:46:11 +0000 2015,#NBA #Basketball 2010 NBA Ben Gordon Detroit #Pistons Fathead Tradeables Basketball http://t.co/IP0GiOIw95 #Sales #Discount
Sun May 10 19:46:10 +0000 2015,#Detroit #Pistons Vintage Grant Hill Detroit Pistons NBA Jersey-Adult 44-Champion http://t.co/uil990mV1s #NBA #Great #Deals
Sun May 10 19:44:42 +0000 2015,@thecoreyholcomb don't hate on the pistons LOL... #Detroit #PISTONS
Sun May 10 19:44:08 +0000 2015,@Developing_KIDS #KENTAVIOUS #KCP BASKETBALL CAMP Get Ready! #Detroit ►http://t.co/aCaBY2ddtA @CaldwellPope #Pistons http://t.co/CcXlM5Tlu9
Sun May 10 19:43:18 +0000 2015,L L L #Collectible #Buzz 2004-05 Detroit #Pistons 2004 National #Basketball League Champs magnet schedule #eBay… http://t.co/ad0Qn8Y3fQ
Sun May 10 19:42:45 +0000 2015,#JCCMetroDetroit #KENTAVIOUS #KCP BASKETBALL CAMP Get Ready! #Detroit ►http://t.co/aCaBY2ddtA @CaldwellPope #Pistons http://t.co/4xBza4Qs3l
Sun May 10 19:40:59 +0000 2015,@HashTagDetroit1 #KENTAVIOUS #KCP BASKETBALL CAMP Get Ready! #Detroit ►http://t.co/aCaBY2ddtA @CaldwellPope #Pistons http://t.co/TX7JHK3kHT
Sun May 10 19:40:06 +0000 2015,#Solution #Fitness Experience the Latest Hollywood Diet http://t.co/pigk2onCRc #Pistons #Skinny
Sun May 10 19:32:28 +0000 2015,RT @HMX__Athletics7: @ESPNNBA @NBAonTNT For the first time since 1999, the #Spurs, #Lakers, #Pistons, #Celtics, #Mavs, and #Heat will not b…
Sun May 10 19:32:13 +0000 2015,L #Collectible #Buzz 2010-11 Detroit #Pistons National #Basketball League magnet schedule #eBay #Auction http://t.co/dlVXvwysIR
Sun May 10 19:31:54 +0000 2015,@ESPNNBA @NBAonTNT For the first time since 1999, the #Spurs, #Lakers, #Pistons, #Celtics, #Mavs, and #Heat will not be in the #NBAFinals
Sun May 10 19:31:04 +0000 2015,#JoeDumarsFieldHouse #ANDREDRUMMOND B-BALL CAMP Get Ready! #Detroit ►http://t.co/Bmjb1q6Sk5  @AndreDrummondd #Pistons http://t.co/a9BlsMJlfX
Sun May 10 19:30:12 +0000 2015,Lakers Expected To Pursue Jimmy Butler http://t.co/UxubHA0L0E #Pistons #NBA
Sun May 10 19:29:38 +0000 2015,#Collectible #Buzz ***VINTAGE GRANT HILL DETROIT #Pistons CHAMPION #Jersey SZ 48 SCREEN PRINTED*** http://t.co/xfTFk4Voli #eBay #Auction
Sun May 10 19:29:38 +0000 2015,#NBA #Basketball Authentic Richard Rip Hamilton Detroit #Pistons Reebok #Jersey 44 SEWN MINT NICE http://t.co/cmaPoxhU2s #Sales #Discount
Sun May 10 19:29:38 +0000 2015,#Detroit #Pistons Authentic Richard Rip Hamilton Detroit Pistons Reebok Jersey 44 SEWN MINT NICE http://t.co/qNaI9KRHmR #NBA #Great #Deals
Sun May 10 19:27:16 +0000 2015,@HashTagDetroit1 #ANDREDRUMMOND BASKETBALL CAMP Get Ready #Detroit ►http://t.co/Bmjb1q6Sk5 @AndreDrummondd #Pistons http://t.co/zf05ZEPSF6
Sun May 10 19:26:38 +0000 2015,L C #Collectible #Buzz Dennis Rodman 1988-89 DETROIT #Pistons #Jersey (LG, XL, 2X or 3X) #eBay #Auction http://t.co/wOo6M2RZsF
Sun May 10 19:22:04 +0000 2015,L L #Collectible #Buzz 2004 Detroit #Pistons #NBA Champions Nike T-Shirt Size XXL #eBay #Auction http://t.co/QE4rPkc4rE
Sun May 10 19:16:07 +0000 2015,L L #Detroit #Pistons 2004 Detroit Pistons NBA Champions Nike T-Shirt Size XXL #NBA #Great #Deals http://t.co/a7UbJRG8Jv
Sun May 10 19:14:05 +0000 2015,#Collectible #Buzz Grant Hill Mattel #NBA 200 Piece Puzzle Detroit #Pistons NEW 1998 http://t.co/zOOsD09MeL #eBay #Auction
Sun May 10 19:14:05 +0000 2015,#NBA #Basketball Grant Hill Mattel NBA 200 Piece Puzzle Detroit #Pistons NEW 1998 http://t.co/FS8mfiVaDP #Sales #Discount
Sun May 10 19:14:05 +0000 2015,#Detroit #Pistons 2010 NBA Ben Gordon Detroit Pistons Fathead Tradeables Basketball http://t.co/aIOVU5NyQV #NBA #Great #Deals
Sun May 10 19:10:46 +0000 2015,RT @tcgcardnews: http://t.co/QgDJRG8ddN RT DetroitPistonsv: #Detroit #Pistons Detroit Pistons T-Shirt Size XL … http://t.co/4nxaQN8j9P
Sun May 10 19:10:39 +0000 2015,L B #Detroit #Pistons NBA # 3 Ben Wallace Detroit Pistons jersey, Size 2XL NICE!!! #NBA #Great #Deals http://t.co/Rh6DcdcAp6
Sun May 10 19:10:08 +0000 2015,#Solution #Fitness Garcinia Cambogia Review - Weight Loss Supplements Put to the Test http://t.co/DvpZaYXDbL #Pistons #Skinny
Sun May 10 19:04:39 +0000 2015,L B #Detroit #Pistons Vintage Detroit Pistons 1989 NBA CHAMPS Corduroy Snapback Hat Cap EUC #NBA #Great #Deals http://t.co/vyDWpEwKWx
Sun May 10 19:03:37 +0000 2015,http://t.co/QgDJRG8ddN #Detroit #Pistons Grant Hill Mattel NBA 200 Piece Puzzle Detroit Pistons NEW 1998 http://t.co/aInBPJTFm2 #NBA #G…
Sun May 10 19:03:29 +0000 2015,http://t.co/QgDJRG8ddN RT DetroitPistonsv: #Detroit #Pistons Detroit Pistons T-Shirt Size XL … http://t.co/4nxaQN8j9P
Sun May 10 19:01:17 +0000 2015,RT DetroitPistonsv: #Detroit #Pistons Grant Hill Mattel NBA 200 Piece Puzzle Detroit Pistons NEW 1998 … http://t.co/OYOzoLfH8R
Sun May 10 18:59:36 +0000 2015,L #Collectible #Buzz Ben Wallace Detroit #Pistons Bobblehead #NBA All Star Ticketmaster Detroit News #eBay #Auction http://t.co/ox7DOYxRpL
Sun May 10 18:59:32 +0000 2015,Wednesday's NBA notebook :Spurs roll, take 2-0 lead on Jazz| http://t.co/8QZkU6dpjz #Pistons
Sun May 10 18:58:35 +0000 2015,#Collectible #Buzz Richard Hamilton Detroit #Pistons Bobblehead Detroit Free Press Capital Mortgage http://t.co/7fCarbQRar #eBay #Auction
Sun May 10 18:58:34 +0000 2015,#NBA #Basketball Richard Hamilton Detroit #Pistons Bobblehead Detroit Free Press Capital Mortgage http://t.co/yaQzrJ03qy #Sales #Discount
Sun May 10 18:58:34 +0000 2015,#Detroit #Pistons Grant Hill Mattel NBA 200 Piece Puzzle Detroit Pistons NEW 1998 http://t.co/YKRmHTitOr #NBA #Great #Deals
Sun May 10 18:54:06 +0000 2015,#Solution #Fitness How to Lose Weight Naturally In a Short Time http://t.co/VNUU5OlvDW #Pistons #Skinny
Sun May 10 18:51:08 +0000 2015,#NBA #Pistons - 2010 NBA Ben Gordon Detroit Pistons Fathead Tradeables Basketball:  $1.... http://t.co/TocRuXpjwA http://t.co/k33Sm3HFUt
Sun May 10 18:51:08 +0000 2015,#NBA #Pistons - Grant Hill Mattel NBA 200 Piece Puzzle Detroit Pistons NEW 1998:  $19.9... http://t.co/TX5GtoQXLt http://t.co/k33Sm3HFUt
Sun May 10 18:51:08 +0000 2015,#NBA #Pistons - Joe Dumars Detroit Pistons Flashback Fridays Statue Domino's Pizza Prom... http://t.co/LNj0pwTwxh http://t.co/k33Sm3HFUt
Sun May 10 18:51:08 +0000 2015,#NBA #Pistons - Richard Hamilton Detroit Pistons Bobblehead Detroit Free Press Capital ... http://t.co/fiZ5oigZ5b http://t.co/k33Sm3HFUt
Sun May 10 18:51:08 +0000 2015,#NBA #Pistons - ***VINTAGE GRANT HILL DETROIT PISTONS CHAMPION JERSEY SZ 48 SCREEN PRIN... http://t.co/Yrs2U4NJvM http://t.co/k33Sm3HFUt
Sun May 10 18:50:04 +0000 2015,L L #Collectible #Buzz 2004-05 Detroit #Pistons 2004 National #Basketball League Champs magnet schedule #eBay… http://t.co/UqreTrPheR
Sun May 10 18:47:24 +0000 2015,RT DetroitPistonsv: #Detroit #Pistons Detroit Pistons T-Shirt Size XL http://t.co/TVPrYRV1BN; #NBA #Great #Deals … http://t.co/OYOzoLfH8R
Sun May 10 18:44:35 +0000 2015,L L #NBA #Basketball 2003-04 Detroit #Pistons National Basketball League Ben Wallace magnet schedule #Sales… http://t.co/3nZWQHgWRm
Sun May 10 18:43:33 +0000 2015,#Collectible #Buzz 2010-11 Detroit #Pistons National #Basketball League magnet schedule http://t.co/9MYJZoXnEJ #eBay #Auction
Sun May 10 18:43:33 +0000 2015,#NBA #Basketball Ben Wallace Detroit #Pistons Bobblehead NBA All Star Ticketmaster Detroit News http://t.co/UnKvrRpSJZ #Sales #Discount
Sun May 10 18:43:32 +0000 2015,#Detroit #Pistons Detroit Pistons T-Shirt Size XL http://t.co/rAHOrLVVFR #NBA #Great #Deals
Sun May 10 18:39:06 +0000 2015,L L B #Collectible #Buzz Dennis Rodman 1988-89 DETROIT #Pistons #Jersey (LG, XL, 2X or 3X) #eBay #Auction http://t.co/T4P47t0kPc
Sun May 10 18:39:05 +0000 2015,#Solution #Fitness Take This Quick Quiz To See If You're Ready To Lose Belly Fat http://t.co/fJT0XMozeC #Pistons #Skinny
Sun May 10 18:34:08 +0000 2015,L #Collectible #Buzz 2004 Detroit #Pistons #NBA Champions Nike T-Shirt Size XXL #eBay #Auction http://t.co/tyJv7ugjp6
Sun May 10 18:30:54 +0000 2015,RT DetroitPistonsv: L #Detroit #Pistons 2004 Detroit Pistons NBA Champions Nike T-Shirt Size XXL #NBA #Great #Deal… http://t.co/OYOzoLfH8R
Sun May 10 18:30:53 +0000 2015,RT DetroitPistonsv: #Detroit #Pistons Richard Hamilton Detroit Pistons Bobblehead Detroit Free Press Capital Mortg… http://t.co/OYOzoLfH8R
Sun May 10 18:28:07 +0000 2015,L #Detroit #Pistons 2004 Detroit Pistons NBA Champions Nike T-Shirt Size XXL #NBA #Great #Deals http://t.co/D3BV0dq1jz
Sun May 10 18:27:06 +0000 2015,#Collectible #Buzz Former Detroit #Pistons (#NBA) guard Brandon Knight 8" x 10" player photo http://t.co/Agzg6BUjA4 #eBay #Auction
Sun May 10 18:27:06 +0000 2015,#NBA #Basketball Former Detroit #Pistons (NBA) guard Brandon Knight 8" x 10" player photo http://t.co/GxKyv90MBn #Sales #Discount
Sun May 10 18:27:06 +0000 2015,#Detroit #Pistons Richard Hamilton Detroit Pistons Bobblehead Detroit Free Press Capital Mortgage http://t.co/IzGRlWnUSy #NBA #Great #Deals
Sun May 10 18:25:46 +0000 2015,http://t.co/Nu5mqZnsfy [Detroit Free Press] - With Wall out, ex-Piston Bynum stepping #Pistons http://t.co/RvAAi8Kf9c
Sun May 10 18:22:18 +0000 2015,L L L #Detroit #Pistons NBA # 3 Ben Wallace Detroit Pistons jersey, Size 2XL NICE!!! #NBA #Great #Deals http://t.co/DwZPWASk8J
Sun May 10 18:17:05 +0000 2015,L #Collectible #Buzz VTG Reebok Detroit #Pistons Pullover Jacket Sz XL #eBay #Auction http://t.co/eSRDBnTe4f
Sun May 10 18:15:37 +0000 2015,RT DetroitPistonsv: L L L #Detroit #Pistons Vintage Detroit Pistons 1989 NBA CHAMPS Corduroy Snapback Hat Cap EUC … http://t.co/OYOzoLfH8R
Sun May 10 18:15:36 +0000 2015,RT DetroitPistonsv: #Detroit #Pistons 2010-11 Detroit Pistons National Basketball League magnet schedule … http://t.co/OYOzoLfH8R
Sun May 10 18:15:23 +0000 2015,#Detroit #Pistons Draymond Green's mother wants him to stay with Warriors: The Detroit Pist... http://t.co/pqIPVFRTkG #DetroitBasketball
Sun May 10 18:11:36 +0000 2015,L L L #Detroit #Pistons Vintage Detroit Pistons 1989 NBA CHAMPS Corduroy Snapback Hat Cap EUC #NBA #Great #Deals http://t.co/jmpnmyZPli
Sun May 10 18:11:36 +0000 2015,#Collectible #Buzz Ben Wallace Detroit #Pistons Bobblehead #NBA All Star Ticketmaster Detroit News http://t.co/VwvnpI9uek #eBay #Auction
Sun May 10 18:11:35 +0000 2015,#NBA #Basketball Joe Dumars Detroit #Pistons Flashback Fridays Statue Domino's Pizza Promo http://t.co/26QSklB7v7 #Sales #Discount
Sun May 10 18:11:35 +0000 2015,#Detroit #Pistons 2010-11 Detroit Pistons National Basketball League magnet schedule http://t.co/YuqTlM9u2z #NBA #Great #Deals
Sun May 10 18:10:09 +0000 2015,#Solution #Fitness Cleanse Your Colon To Overcome Weight Reduction Plateau http://t.co/HKk3YOuteD #Pistons #Skinny
Sun May 10 18:07:08 +0000 2015,L C #NBA #Basketball Late 2000's DETROIT #Pistons NBA Basketball mini pennant #Sales #Discount http://t.co/vW0rDzeHSC
Sun May 10 18:01:35 +0000 2015,L #Collectible #Buzz 2004-05 Detroit #Pistons 2004 National #Basketball League Champs magnet schedule #eBay #Auction http://t.co/qHpCr0EeMB
Sun May 10 17:56:05 +0000 2015,L #NBA #Basketball 2003-04 Detroit #Pistons National Basketball League Ben Wallace magnet schedule #Sales #Discount http://t.co/RdRoSGC6od
Sun May 10 17:55:37 +0000 2015,#Collectible #Buzz 2011-12 Detroit #Pistons National #Basketball League magnet schedule http://t.co/Cof8UZnL68 #eBay #Auction
Sun May 10 17:55:37 +0000 2015,#NBA #Basketball 2008-09 Detroit #Pistons National Basketball League magnet schedule http://t.co/unCdA08JVu #Sales #Discount
Sun May 10 17:55:36 +0000 2015,#Detroit #Pistons ***VINTAGE GRANT HILL DETROIT PISTONS CHAMPION JERSEY SZ 48 SCREEN PRINTED*** http://t.co/gS8JFBo2Zu #NBA #Great #Deals
Sun May 10 17:46:36 +0000 2015,L L #NBA #Basketball NBA # 3 Ben Wallace Detroit #Pistons #Jersey, Size 2XL NICE!!! #Sales #Discount http://t.co/mJHrPtjP2f
Sun May 10 17:41:06 +0000 2015,L B #Collectible #Buzz Dennis Rodman 1988-89 DETROIT #Pistons #Jersey (LG, XL, 2X or 3X) #eBay #Auction http://t.co/xPkzFhOnNh
Sun May 10 17:40:18 +0000 2015,#Collectible #Buzz 2004 Detroit #Pistons #NBA Champions Nike T-Shirt Size XXL http://t.co/Y1pZSw0dDc #eBay #Auction
Sun May 10 17:40:18 +0000 2015,#NBA #Basketball 2004 Detroit #Pistons NBA Champions Nike T-Shirt Size XXL http://t.co/l26CsGaow0 #Sales #Discount
Sun May 10 17:40:17 +0000 2015,#Detroit #Pistons 2004 Detroit Pistons NBA Champions Nike T-Shirt Size XXL http://t.co/apAcV5Qyqt #NBA #Great #Deals
Sun May 10 17:40:16 +0000 2015,#Solution #Fitness Weight Loss Tips For Women: Lose Weight Without Starving Yourself http://t.co/URgePNNJ9Q #Pistons #Skinny
Sun May 10 17:35:37 +0000 2015,L #Detroit #Pistons Joe Dumars Detroit Pistons Replica 1989 NBA World Championship Ring #NBA #Great #Deals http://t.co/HbvxMWSmh4
Sun May 10 17:30:22 +0000 2015,RT @FansPistons: New Detroit Pistons Rumors. Thursday, May 7 2015| http://t.co/tYWh6WdL2y #Pistons
Sun May 10 17:30:18 +0000 2015,RT @DetroitPistons: The #Pistons would like to wish all moms a very Happy Mother's Day! http://t.co/Czp2u6lDrX
Sun May 10 17:29:38 +0000 2015,L L #Detroit #Pistons NBA # 3 Ben Wallace Detroit Pistons jersey, Size 2XL NICE!!! #NBA #Great #Deals http://t.co/2ZivVsUpo5
Sun May 10 17:25:46 +0000 2015,RT @topPistons: N.B.A. Playoffs :Story Lines to Watch http://t.co/IcZ6cla0NQ #Pistons #NBA
Sun May 10 17:25:17 +0000 2015,#Collectible #Buzz VTG Reebok Detroit #Pistons Pullover Jacket Sz XL http://t.co/pV9xJGr4xj #eBay #Auction
Sun May 10 17:25:17 +0000 2015,#NBA #Basketball VTG Reebok Detroit #Pistons Pullover Jacket Sz XL http://t.co/TC7UgPrF1K #Sales #Discount
Sun May 10 17:25:17 +0000 2015,#Detroit #Pistons VTG Reebok Detroit Pistons Pullover Jacket Sz XL http://t.co/sFs4eXyvtJ #NBA #Great #Deals
Sun May 10 17:23:38 +0000 2015,L #Detroit #Pistons NBA OFFICIALLY LICENSED -/-TEAM LANYARD or ( 2 Tone Lanyard ) #NBA #Great #Deals http://t.co/AUD6WOx1lP
Sun May 10 17:19:29 +0000 2015,L L #Detroit #Pistons Vintage Detroit Pistons 1989 NBA CHAMPS Corduroy Snapback Hat Cap EUC #NBA #Great #Deals http://t.co/TDkf5nnbvq
Sun May 10 17:14:26 +0000 2015,New Detroit Pistons Rumors. Thursday, May 7 2015| http://t.co/tYWh6WdL2y #Pistons
Sun May 10 17:13:43 +0000 2015,L L B #NBA #Basketball Late 2000's DETROIT #Pistons NBA Basketball mini pennant #Sales #Discount http://t.co/Qd3g9xJdeV
