Sun May 10 19:56:26 +0000 2015,Floating heads and mullet #raptors. #sketchbook madness https://t.co/7VwHJeYvto
Sun May 10 19:50:37 +0000 2015,RT @RaptorsFaclub: @RadioFantasmaa prox√≠ma entrevista tem que ser feita aos #Raptors aka #Pf
Sun May 10 19:45:11 +0000 2015,Poll :What Should the Raptors do with Kyle Lowry? http://t.co/88WdqTqpKW #Raptors #NBA
Sun May 10 19:34:02 +0000 2015,Attendance up despite losing season| http://t.co/94WxcbclLG #Raptors
Sun May 10 19:31:38 +0000 2015,http://t.co/2EmsA2ahiG [SB Nation: Raptors HQ] - DeMar and Diane DeRozan's special mo #Raptors http://t.co/7Cyd4DSkUC
Sun May 10 19:30:05 +0000 2015,Osprey at HoleyLand WMA http://t.co/dFaIwRNjvv #bird #birds #of #prey #raptors
Sun May 10 19:28:52 +0000 2015,#Raptors „ÄêRETWEET„Äë #Followback #Follow #TFB #TFBJP #F4F #FF #Me #Love #TF #Like #MGWV @Hetlau http://t.co/oKl028hrLl
Sun May 10 19:25:11 +0000 2015,Raptors‚Äô off-season decisions will reveal Ujiri‚Äôs vision :Arthur http://t.co/zO62kgTE9S #Raptors #NBA
Sun May 10 19:18:26 +0000 2015,SHARP-SHINNED HAWK (Accipiter striatus)
Perched outside my window. #raptors #birds #texas
http://t.co/mRNlzH4217 http://t.co/jO2aqrySwY
Sun May 10 19:11:44 +0000 2015,@LovaticEmpire 1Tweet4 @OurRaptorsX2, Follow #Raptors News, UTubes, Player Tweets, Stats and More! Visit http://t.co/2EmsA2ahiG RT!
Sun May 10 19:05:10 +0000 2015,Lowry shouldn‚Äôt have say in future of coach :Feschuk http://t.co/RVC9DqN4J4 #Raptors #NBA
Sun May 10 19:05:03 +0000 2015,RT @DawkinsMTA: REUPLOAD: @kobebryant Full Highlights 2006.01.22 #Lakers vs #Raptors - NASTY Career-HiGH 81 Pts!
http://t.co/u7OMDOJGgQ
Sun May 10 19:04:52 +0000 2015,RT @DawkinsMTA: REUPLOAD: @kobebryant Full Highlights 2006.01.22 #Lakers vs #Raptors - NASTY Career-HiGH 81 Pts!
http://t.co/u7OMDOJGgQ
Sun May 10 19:04:44 +0000 2015,#NBA #Raptors- Toronto Raptors Tracy McGrady Adidas Jersey Stitched Youth kobe lebron n... http://t.co/XcbURMWXyu http://t.co/k33Sm3HFUt
Sun May 10 19:04:44 +0000 2015,#NBA #Raptors- Toronto Raptors Tracy McGrady Adidas Jersey Stitched Youth kobe lebron n... http://t.co/md4ScYxsih http://t.co/k33Sm3HFUt
Sun May 10 19:04:44 +0000 2015,#NBA #Raptors- Toronto Raptors Tracy McGrady Adidas Jersey Stitched Youth kobe lebron n... http://t.co/REkZzEKWiM http://t.co/k33Sm3HFUt
Sun May 10 19:04:14 +0000 2015,RT @DawkinsMTA: REUPLOAD: @kobebryant Full Highlights 2006.01.22 #Lakers vs #Raptors - NASTY Career-HiGH 81 Pts!
http://t.co/u7OMDOJGgQ
Sun May 10 18:53:04 +0000 2015,REUPLOAD: #kobebryant Full Highlights 2006.01.22 #Lakers vs #Raptors - NASTY Career-HiGH 81 Pts!‚Ä¶ http://t.co/iBZceCQGF4
Sun May 10 18:49:58 +0000 2015,RT @DawkinsMTA: REUPLOAD: @kobebryant Full Highlights 2006.01.22 #Lakers vs #Raptors - NASTY Career-HiGH 81 Pts!
http://t.co/u7OMDOJGgQ
Sun May 10 18:45:10 +0000 2015,Details murky on where Raptors-affiliated team would fit in NBA D-League http://t.co/vsxsPmHzom #Raptors #NBA
Sun May 10 18:43:13 +0000 2015,RT @DawkinsMTA: REUPLOAD: @kobebryant Full Highlights 2006.01.22 #Lakers vs #Raptors - NASTY Career-HiGH 81 Pts!
http://t.co/u7OMDOJGgQ
Sun May 10 18:43:11 +0000 2015,#Raptors Tweets: . @TeamLou23 is named 6th Man of the Year on the next #OpenGym. Watch‚Ä¶ http://t.co/LPYzYRTEFE #NBA http://t.co/07uUyPXR9D
Sun May 10 18:38:48 +0000 2015,RT @DawkinsMTA: REUPLOAD: @kobebryant Full Highlights 2006.01.22 #Lakers vs #Raptors - NASTY Career-HiGH 81 Pts!
http://t.co/u7OMDOJGgQ
Sun May 10 18:38:20 +0000 2015,RT @DawkinsMTA: REUPLOAD: @kobebryant Full Highlights 2006.01.22 #Lakers vs #Raptors - NASTY Career-HiGH 81 Pts!
http://t.co/u7OMDOJGgQ
Sun May 10 18:37:37 +0000 2015,@JalenRose RT @DawkinsMTA: REUPLOAD: @kobebryant Full Highlights 2006.01.22 #Lakers vs #Raptors -Career-HiGH 81 Pts!
http://t.co/qKm1StJQY0
Sun May 10 18:34:57 +0000 2015,RT @DawkinsMTA: REUPLOAD: @kobebryant Full Highlights 2006.01.22 #Lakers vs #Raptors - NASTY Career-HiGH 81 Pts!
http://t.co/u7OMDOJGgQ
Sun May 10 18:31:22 +0000 2015,RT @DawkinsMTA: REUPLOAD: @kobebryant Full Highlights 2006.01.22 #Lakers vs #Raptors - NASTY Career-HiGH 81 Pts!
http://t.co/u7OMDOJGgQ
Sun May 10 18:30:46 +0000 2015,RT @DawkinsMTA: REUPLOAD: @kobebryant Full Highlights 2006.01.22 #Lakers vs #Raptors - NASTY Career-HiGH 81 Pts!
http://t.co/u7OMDOJGgQ
Sun May 10 18:28:56 +0000 2015,RT @DawkinsMTA: REUPLOAD: @kobebryant Full Highlights 2006.01.22 #Lakers vs #Raptors - NASTY Career-HiGH 81 Pts!
http://t.co/u7OMDOJGgQ
Sun May 10 18:27:29 +0000 2015,REUPLOAD: @kobebryant Full Highlights 2006.01.22 #Lakers vs #Raptors - NASTY Career-HiGH 81 Pts!
http://t.co/u7OMDOJGgQ
Sun May 10 18:25:09 +0000 2015,Five possible homes for Raptors proposed NBA D-League team http://t.co/V1z1kkKV1j #Raptors #NBA
Sun May 10 18:23:57 +0000 2015,Bruno Caboclo, prospects big winners as Raptors get go-ahead to buy D League team| http://t.co/qgyy1C8UaU #Raptors
Sun May 10 18:05:13 +0000 2015,#RaptorNation DeMar DeRozan and his mother share a special bond - Nick Turchiaro-USA TODAY S... http://t.co/oDSKdtvnwJ #raptors #toronto
Sun May 10 17:48:55 +0000 2015,Dunc'd On Basketball Podcast :May 9th| http://t.co/bt92UrXClW #Raptors
Sun May 10 17:26:33 +0000 2015,DeMar and Diane DeRozan's special mother-son relationship #Raptors #RTZ http://t.co/yat2BSQ14n http://t.co/aax9T5MQS1
Sun May 10 17:25:04 +0000 2015,Atlantic Draft Notes :Knicks, Nets, Celtics http://t.co/A5YMQS8JOL #Raptors #NBA
Sun May 10 17:23:42 +0000 2015,RT @OVORAPS: L O U U U U U U ! ! ! 

@TeamLou23 #SweetLou #6Man #6ManoftheYear #WeTheNorth #RTZ #Toronto #Raptors #OVO #OVORaps http://t.co‚Ä¶
Sun May 10 17:15:50 +0000 2015,Hot #Celtics Trade Prospect Kelly Olynyk Loves #Toronto - Are the #Raptors interested? http://t.co/g3TIhwFoEW http://t.co/c3xHSW8Iig
Sun May 10 17:08:28 +0000 2015,Hot #Celtics Trade Prospect Kelly Olynyk Loves #Toronto - Are the #Raptors interested? http://t.co/ebidgR6IwU
Sun May 10 17:05:17 +0000 2015,#NJ Banded #BaldEagle 'Jersey Girl' Makes the News http://t.co/dZibQ3iSsE #NJEnviro #Raptors
Sun May 10 17:02:39 +0000 2015,#Raptors Tweets: Look at me now, mom! The special bond between NBA players and their‚Ä¶ http://t.co/8xBFxcEg14 #NBA http://t.co/07uUyPXR9D
Sun May 10 16:47:54 +0000 2015,Hawk at Dinner Island Ranch WMA http://t.co/w63oc7T8cQ #bird #photography #birding #raptors #hawk
Sun May 10 16:47:05 +0000 2015,#Raptors Tweets: My daughter drew this on the inside of my Mother's Day card! She knows me too well @Raptors !‚Ä¶ #NBA http://t.co/07uUyPXR9D
Sun May 10 16:45:49 +0000 2015,Red Tailed Hawk at HoleyLand WMA http://t.co/tKfoePW3Uf #birds #hawks #raptors #red-tailed #hawk
Sun May 10 16:44:25 +0000 2015,Dwane Casey is somehow STILL the #Raptors head coach. #NBA
Sun May 10 16:42:56 +0000 2015,RT @IamJJ3: Oh yea Next Year - Is OUR Year 

NO I IN WE

#Raptors
#RTZ
#WeThe3 
#Wethenorth 

save the file
Sun May 10 16:36:11 +0000 2015,#TorontoRaptors #Raptors #Toronto DeMar and Diane DeRozan's special mother-son relationship http://t.co/rGvcAWiN66
Sun May 10 16:35:18 +0000 2015,http://t.co/j1D4SnLlV4 What Happened? (Raptors Offense)  #Raptors http://t.co/G9KtUDMqXR
Sun May 10 16:18:48 +0000 2015,RT @NBA_Mixes: #NBA Mascot dance-off - #Celtics vs #Raptors http://t.co/I5XIUaa5Pc http://t.co/FI4oJHdC1H
Sun May 10 16:18:08 +0000 2015,#NBA Mascot dance-off - #Celtics vs #Raptors http://t.co/I5XIUaa5Pc http://t.co/FI4oJHdC1H
Sun May 10 16:16:37 +0000 2015,RT @thinkperennial: That #raptors tee before #Drake was repping the #6side 
http://t.co/ygedlcvJHA http://t.co/9myXBHxdo7
Sun May 10 16:10:12 +0000 2015,RT @TrueHoopNetwork: New @RaptorsRepublic What Happened? (Raptors Offense) http://t.co/O5Vt7kvdCK #raptors #nba
Sun May 10 16:03:50 +0000 2015,1st 2012 NBA MOCK DRAFT!| http://t.co/BOQlqNJCin #Raptors
Sun May 10 16:03:17 +0000 2015,http://t.co/2EmsA2ahiG [True Hoop: Raptors Republic] - What Happened? (Raptors Offens #Raptors http://t.co/gHkMfsnf0E
Sun May 10 15:59:12 +0000 2015,That #raptors tee before #Drake was repping the #6side 
http://t.co/ygedlcvJHA http://t.co/9myXBHxdo7
Sun May 10 15:51:31 +0000 2015,That Paul Pierce buzzer beater tho. üò§. still bitter about our series. @ATLHawks getting a taste of what we got dealt #raptors
Sun May 10 15:50:44 +0000 2015,Osprey http://t.co/ncKIQvCopw #birds-of-prey #osprey #raptors #birds
Sun May 10 15:48:20 +0000 2015,If I'm Masai Uriji I would go all-in for Kris Middleton this summer #raptors
Sun May 10 15:41:06 +0000 2015,#NBA #Raptors- Toronto Raptors NBA Shirt L 2014 OVO Drake Night Octobers Very Own Decem... http://t.co/malqkqywlE http://t.co/k33Sm3HFUt
Sun May 10 15:41:06 +0000 2015,#NBA #Raptors- Toronto Raptors NBA T Shirt 2015 OVO Drake Zone Octobers Very Own Black ... http://t.co/Q92gGlg86n http://t.co/k33Sm3HFUt
Sun May 10 15:41:05 +0000 2015,#NBA #Raptors- Authentic Rev 30 Terrence Ross Signed Toronto Raptors Jersey L Nba Adida... http://t.co/y3TzB58dKP http://t.co/k33Sm3HFUt
Sun May 10 15:32:56 +0000 2015,RT @IamJJ3: Oh yea Next Year - Is OUR Year 

NO I IN WE

#Raptors
#RTZ
#WeThe3 
#Wethenorth 

save the file
Sun May 10 15:28:47 +0000 2015,Toronto Raptors GM Masai Ujiri on coach Dwane Casey√¢¬Ä¬ôs future, Kyle Lowry√¢¬Ä¬ôs health and Paul Pierce| http://t.co/XZvkNBaTOu #Raptors
Sun May 10 15:16:30 +0000 2015,@melissagrelo 1Tweet4 @OurRaptorsX2, Follow #Raptors News, UTubes, Player Tweets, Stats and More! Visit http://t.co/2EmsA2ahiG RT!
Sun May 10 15:15:26 +0000 2015,Photos from the Field: #BaldEagle Aerial Survey http://t.co/cDp1u4LVOT #NJEnviro #Raptors
Sun May 10 15:13:52 +0000 2015,#NBAfi #rtz #raptors http://t.co/bXu4Gov9om
Sun May 10 15:09:03 +0000 2015,dedman's Final 2012 NBA Mockery| http://t.co/RwTU0GcjFC #Raptors
Sun May 10 15:00:52 +0000 2015,Red-Tailed Hawk http://t.co/FRpRrS4IGX #birds of prey #hawks #raptors #hawk
Sun May 10 14:39:23 +0000 2015,#RaptorNation O former Raptors, where are thou?: In the spirit of masochism, let's revisit a... http://t.co/V3ZeP26zt1 #raptors #toronto
Sun May 10 14:35:57 +0000 2015,RT @TRaptorsfan: Magic Notes :Nicholson, Draft, Frye http://t.co/vZ85vp9jA4 #Raptors #NBA
Sun May 10 14:34:01 +0000 2015,Kyrie Irving Downplays Strained Right Foot| http://t.co/lVbDvG0axl #Raptors
Sun May 10 14:20:12 +0000 2015,Magic Notes :Nicholson, Draft, Frye http://t.co/vZ85vp9jA4 #Raptors #NBA
Sun May 10 14:13:41 +0000 2015,RT @PHOTOSintheWILD: Red Shouldered Hawk in flight at HoleyLand Wildlife .. http://t.co/mQOyIyesly #birds #hawks #raptors #red #shouldered ‚Ä¶
Sun May 10 14:11:32 +0000 2015,RT @raptorsrapture: Is Montrezl Harrell a smart draft pick for Raptors? http://t.co/NhUg3MPcPJ @HoopsHabit @NewmarketBrian #raptors
Sun May 10 14:09:43 +0000 2015,Red Shouldered Hawk in flight at HoleyLand Wildlife .. http://t.co/mQOyIyesly #birds #hawks #raptors #red #shouldered #hawk
Sun May 10 14:08:06 +0000 2015,#TorontoRaptors #Raptors #Toronto What Happened? (Raptors Offense) http://t.co/CHykoGbT4r
Sun May 10 14:00:12 +0000 2015,Warriors Notes :Green, Myers, Iguodala http://t.co/B7E5q6hwdx #Raptors #NBA
Sun May 10 13:59:21 +0000 2015,Hawk in Flight http://t.co/YtXX4euOXK #birds #hawk #raptors
Sun May 10 13:43:15 +0000 2015,#BlueJays #MapleLeafs #Raptors News is out! http://t.co/AIP7MRHwl6 Stories via @DaveZarum @scottcarefoot @TorontoArgos
Sun May 10 13:41:18 +0000 2015,RT @RaptorsFaclub: @RadioFantasmaa prox√≠ma entrevista tem que ser feita aos #Raptors aka #Pf
Sun May 10 13:34:48 +0000 2015,http://t.co/EEkB0NdMH9: HD Kobe Bryant 81 Points: highlights of every... http://t.co/EtGYWBfkPH #bryant #kobe #points #raptors #toronto
Sun May 10 13:26:36 +0000 2015,@RadioFantasmaa prox√≠ma entrevista tem que ser feita aos #Raptors aka #Pf
Sun May 10 13:24:55 +0000 2015,@edshirhan 1Tweet4 @OurRaptorsX2, Follow #Raptors News, UTubes, Player Tweets, Stats and More! Visit http://t.co/2EmsA2ahiG RT!
Sun May 10 13:18:50 +0000 2015,#raptors blog: A rambling, fun end to the weekend mail http://t.co/3j3TEQSSFj
Sun May 10 13:15:13 +0000 2015,Checking in on the (Former) Raptors in the Playoffs http://t.co/pkrnTynRQr #Raptors #NBA
Sun May 10 13:13:24 +0000 2015,http://t.co/YAO7bwHXx3 Turkey Vulture in Flight http://t.co/AzUseE1Gg5 #bird #birds #raptors #turkey #vulture
Sun May 10 13:08:03 +0000 2015,#TorontoRaptors #Raptors #Toronto O former Raptors, where are thou? http://t.co/2P6ODAURMU
Sun May 10 13:04:20 +0000 2015,Red-Tailed Hawk http://t.co/FRpRrRN7Pp #birds of prey #hawks #raptors #hawk
Sun May 10 13:01:44 +0000 2015,@wildlifenj's #Eagle Project #volunteers get an incredible, intimate look into the lives of eagle pairs http://t.co/ABeGSh94fw #Raptors
Sun May 10 13:00:46 +0000 2015,Turkey Vulture in Flight http://t.co/GRrDJzFhEg #bird #birds #raptors #turkey #vulture
Sun May 10 12:59:28 +0000 2015,Which #Raptors players do you think have the intensity required for playoff basketball

Name 3

#Derozen #jamesJohnson #KyleLowry
Sun May 10 12:55:13 +0000 2015,Top Five Raptors Stories From This Week http://t.co/iaIhJywGML #Raptors #NBA
Sun May 10 12:48:55 +0000 2015,Raptors√¢¬Ä¬ô off-season decisions will reveal Ujiri√¢¬Ä¬ôs vision :Arthur| http://t.co/P4NhlD82i4 #Raptors
Sun May 10 12:38:09 +0000 2015,Red Shouldered Hawk in flight at HoleyLand Wildlife .. http://t.co/mQOyIyesly #birds #hawks #raptors #red #shouldered #hawk
Sun May 10 12:36:59 +0000 2015,Leggo my melon! #raptors #raptor #dino #dinosaur @ Niagara Falls https://t.co/JjyQsGvefa
Sun May 10 12:35:12 +0000 2015,Finding the Good Kyle Lowry http://t.co/6qsWPP3Tmj #Raptors #NBA
Sun May 10 12:27:34 +0000 2015,Giving #raptors #Hydokens #ftw freezyfish_2.0 https://t.co/BZMhCaoL4X
Sun May 10 12:27:16 +0000 2015,RT @FordTrucks: Don't make any sudden movements. These #Ford #Raptors are primed for an attack. http://t.co/kOrNxtoLGq
Sun May 10 12:25:40 +0000 2015,Is Montrezl Harrell a smart draft pick for Raptors? http://t.co/NhUg3MPcPJ @HoopsHabit @NewmarketBrian #raptors
Sun May 10 12:23:39 +0000 2015,RT @MoVernie: With David Lee being expendable as a free agent this yr. I don't mind seeing him in a #raptors uniform next season. #rtz #WET‚Ä¶
