Sun May 10 19:57:27 +0000 2015,RT @WizardsViews: #WashingtonWizards #Wizards Pierce, Wizards win Game 4 thriller http://t.co/ErKB72BOAh
Sun May 10 19:57:19 +0000 2015,#NBA #Wizards - Gil City Rally Towel! Washington Wizards Gilbert Arenas Giveaway!:  $10... http://t.co/xyJJVIsG8e http://t.co/k33Sm3HFUt
Sun May 10 19:57:18 +0000 2015,#NBA #Wizards - VTG Used Nike Juan Dixon Washington Wizards Jersey Size XL:  $20.00End ... http://t.co/oQS1q4Qokc http://t.co/k33Sm3q52V
Sun May 10 19:56:19 +0000 2015,With #Wizards and #Capitals success, Ted Leonsis is basking in a double dose of glory #Business #Verizon http://t.co/u3n8t0NFkE
Sun May 10 19:52:34 +0000 2015,TIX http://t.co/vCFfWs8E2n Washington #Wizards Playoff vs Atlanta Hawks #Ticket 05/09/15‚Ä¶ http://t.co/lo0oAeX09n #Tickets #ForSale
Sun May 10 19:52:09 +0000 2015,Here's what happened at our 7 #Wizards fan playoff gatherings http://t.co/37SPv0uqGc http://t.co/ejmiuzU3bA
Sun May 10 19:50:17 +0000 2015,@ReverseImaging1 We had VIP seats behind #Wizards basket; just like the ones you got us. Go @washcaps! #PhoneBooth the hottest ticket in #DC
Sun May 10 19:41:28 +0000 2015,RT @DylanTheMan37: If you're a #Wizards fan follow my man @MGortat he is hilarious and worth every penny he's earning. üëåüèª
Sun May 10 19:40:14 +0000 2015,#Wizards Tweets: Happy Mother's Day from the @WashWizards! http://t.co/G94Szn7Ory #NBA http://t.co/ztpVn6h90l http://t.co/0svoDYUkHL
Sun May 10 19:38:37 +0000 2015,RT @WizOfAwes: Paul Pierce is everything the #Wizards were missing for so many years. @BenMehicNBA explains: http://t.co/pKRo9rnBw8 http://‚Ä¶
Sun May 10 19:37:10 +0000 2015,TIX http://t.co/vCFfWs8E2n 4 #Ticket NBA Eastern Conference Finals: Washington #Wizards‚Ä¶ http://t.co/bfhbhn7FVL #Tickets #ForSale
Sun May 10 19:37:08 +0000 2015,#WashingtonWizards #Wizards #Washington Wizards offer update on condition of John Wall's left hand, wrist http://t.co/2Lnamm8wSc
Sun May 10 19:37:07 +0000 2015,#WashingtonWizards #Wizards Hawks-Wizards Preview http://t.co/HFbzVOY5Fm
Sun May 10 19:37:07 +0000 2015,#Wizards #Washington #WashingtonWizards The step back that saved Washington http://t.co/GBzrp2r5Ee
Sun May 10 19:35:21 +0000 2015,How Paul Pierce's game winner made Mother's Day just a bit more special for me http://t.co/uD7zW70XrT #Wizards #NBA
Sun May 10 19:32:21 +0000 2015,Shout out to the clutch Paul Pierce #Wizards
Sun May 10 19:30:16 +0000 2015,RT @NBAMemes: Paul Pierce pulls his BEST Derrick Rose impression!

#Wizards #Bulls http://t.co/AXBT5ipnFY
Sun May 10 19:30:10 +0000 2015,RT @NBAMemes: Paul Pierce: Derrick Rose Edition!

#Wizards #Bulls http://t.co/Jp476SqDJQ
Sun May 10 19:29:10 +0000 2015,@ArnaldoAbba #Wizards visit the #parthenon too! Please see https://t.co/Xq1oUJ9bfT
Sun May 10 19:26:17 +0000 2015,@julianariordan #Wizards visit the #parthenon too! Please see https://t.co/Xq1oUJ9bfT.  Absolutely ridiculous!
Sun May 10 19:25:20 +0000 2015,@DSaldo12 #Wizards visit the #parthenon too! Please see https://t.co/Xq1oUJ9bfT
Sun May 10 19:24:45 +0000 2015,@eekfun2009 #Wizards visit the #parthenon too! Please see https://t.co/Xq1oUJ9bfT
Sun May 10 19:24:05 +0000 2015,@maxoliva36 #Wizards visit the #parthenon too! Please see https://t.co/Xq1oUJ9bfT
Sun May 10 19:23:45 +0000 2015,@JattuAnggraeni #Wizards visit the #parthenon too! Please see https://t.co/Xq1oUJ9bfT
Sun May 10 19:23:07 +0000 2015,@koureme #Wizards visit the #parthenon too! Please see https://t.co/Xq1oUJ9bfT
Sun May 10 19:22:20 +0000 2015,The #Hawks are Elena Dementieva in the 2004 #RollyG final.

The #Grizzlies and #Wizards could become Gaudio/Myskina:

http://t.co/VlhSef32dG
Sun May 10 19:21:49 +0000 2015,RT @alewnes7: Every #Wizards fan this morning http://t.co/y6g4N3XwNp
Sun May 10 19:21:37 +0000 2015,http://t.co/dVavLl6NQ9 [CSN Washington] - Wizards offer update on condition of John W #Wizards http://t.co/2sJ2poEWdp
Sun May 10 19:21:14 +0000 2015,RT @adammcginnis: Washington still has 3rd ranked defense &amp; 2nd ranked offense in playoffs, 2 games w/out their best player #Wizards
Sun May 10 19:21:13 +0000 2015,@PillaTalk_CSN "The Truth will always Pierce Deeply" #WizardsTalk  #Wizards
Sun May 10 19:21:05 +0000 2015,TIX http://t.co/vCFfWs8E2n 4 #Ticket NBA Eastern Conference Finals: Washington #Wizards‚Ä¶ http://t.co/p0Y80TZnv7 #Tickets #ForSale
Sun May 10 19:20:58 +0000 2015,@mauricewdavies #Wizards visit the #parthenon too! Please see https://t.co/Xq1oUJ9bfT
Sun May 10 19:20:56 +0000 2015,RT @DylanTheMan37: I feel like Paul Pierce is going to go off tonight. #Wizards
Sun May 10 19:20:18 +0000 2015,@gabverratti #Wizards visit the #parthenon too! Please see https://t.co/Xq1oUJ9bfT
Sun May 10 19:19:39 +0000 2015,I put together bunch of links about #Wizards plus my HOT TAKES, go read it http://t.co/fPC4h5vwSu
Sun May 10 19:19:38 +0000 2015,@ThankfulTravelr #Wizards visit the #parthenon too! Please see https://t.co/Xq1oUJ9bfT
Sun May 10 19:19:20 +0000 2015,#Wizards Tweets: #ICYMI #TheTruth after 17 years, still hitting‚Ä¶ http://t.co/12xQs976vP #NBA http://t.co/ztpVn6h90l http://t.co/1IwzunPvsp
Sun May 10 19:19:06 +0000 2015,I still can't over that #Wizards win!!  #Pierce is the man.
Sun May 10 19:19:00 +0000 2015,@BatmanPerezz #Wizards visit the #parthenon too! Please see https://t.co/Xq1oUJ9bfT
Sun May 10 19:18:39 +0000 2015,@sotiriod #Wizards visit the #parthenon too! Please see https://t.co/Xq1oUJ9bfT
Sun May 10 19:18:13 +0000 2015,@stephenfinkel #Wizards visit the #parthenon too! Please see https://t.co/Xq1oUJ9bfT
Sun May 10 19:17:07 +0000 2015,@Billseraph #Wizards visit the #parthenon too! Please see https://t.co/Xq1oUJ9bfT
Sun May 10 19:16:27 +0000 2015,RT @NBAMemes: Boston Celtics fans after seeing Paul Pierce's GAME-WINNER. #Wizards http://t.co/xQC3HgkhAl
Sun May 10 19:10:21 +0000 2015,The #Caps need to win tonight because game 7 conflicts with the #Wizards game
Sun May 10 19:10:20 +0000 2015,Washington beats Atlanta in two sports in walk-off fashion on the same day http://t.co/j10u9jg7sC #Wizards #NBA
Sun May 10 19:08:09 +0000 2015,#WashingtonWizards #Wizards #Washington New Washington Wizards Rumors. Sunday, May 10 2015 http://t.co/CSdFFYeboT
Sun May 10 19:07:46 +0000 2015,RT @DylanTheMan37: If you're a #Wizards fan follow my man @MGortat he is hilarious and worth every penny he's earning. üëåüèª
Sun May 10 19:07:39 +0000 2015,RT @DylanTheMan37: If you're a #Wizards fan follow my man @MGortat he is hilarious and worth every penny he's earning. üëåüèª
Sun May 10 19:07:29 +0000 2015,RT @DylanTheMan37: If you're a #Wizards fan follow my man @MGortat he is hilarious and worth every penny he's earning. üëåüèª
Sun May 10 19:07:00 +0000 2015,If you're a #Wizards fan follow my man @MGortat he is hilarious and worth every penny he's earning. üëåüèª
Sun May 10 19:06:01 +0000 2015,RT @adammcginnis: In NBA playoffs, Otto Porter is 11-for-24 on 3pters, 46%, shot 34% in regular season #Wizards
Sun May 10 19:05:35 +0000 2015,TIX http://t.co/vCFfWs8E2n 2 Round 1 Washington #Wizards vs TBD HG4 #Ticket 5/2 Verizon Center -‚Ä¶ http://t.co/CiUPnEssqY #Tickets #ForSale
Sun May 10 19:04:11 +0000 2015,.@masnKolko notes this is the latest in a year that the #Nats, #Wizards &amp; #Caps are all playing.
Sun May 10 19:03:06 +0000 2015,RT @WizOfAwes: Paul Pierce is everything the #Wizards were missing for so many years. @BenMehicNBA explains: http://t.co/pKRo9rnBw8 http://‚Ä¶
Sun May 10 19:02:45 +0000 2015,@KeshisCuties @RooksRealTalk @EJChristian7 It is nice to see long downtrodden teams like the #Wizards and #GSW become exciting and fun.
Sun May 10 19:01:56 +0000 2015,LMAOOOOOOOOO #Wizards #dcRising #PolishHammer #TheTruth https://t.co/RrMLSOOrVu
Sun May 10 19:01:56 +0000 2015,Hey @TKLittles, I'll be talking #Caps, #Nats and #Wizards with @MrTonySays tomorrow.
Sun May 10 19:00:31 +0000 2015,RT @NBAenlinea: Final: #Wizards 103-101 ante #Hawks, #Serie 2-1. #Pierce figura absoluta con el tiro del final 13Pts y 7Rbt #Leyenda http:/‚Ä¶
Sun May 10 18:59:26 +0000 2015,RT @BenMehicNBA: Paul Pierce's game-winner was a microcosm of how The Truth transformed the #Wizards: http://t.co/c4HXJ1TRQ9 http://t.co/H6‚Ä¶
Sun May 10 18:59:01 +0000 2015,RT @jbcday: The Captain and the Truth üèÄ @nba #PaulPierce #buzzerbeater #win #NBA #NBAPlayoffs #show #wizards #Truth #champion #‚Ä¶ http://t.c‚Ä¶
Sun May 10 18:58:51 +0000 2015,RT @NBAenlinea: #Semifinales Juego 3, serie 2-1
#Cavs vs #Bulls 96-99
#Rockets vs #Clippers 99-124 
#Hawks vs #Wizards 101-103
#Warriors vs‚Ä¶
Sun May 10 18:56:57 +0000 2015,The Captain and the Truth üèÄ @nba #PaulPierce #buzzerbeater #win #NBA #NBAPlayoffs #show #wizards #Truth #champion #‚Ä¶ http://t.co/eOfQZgrB6X
Sun May 10 18:56:22 +0000 2015,The Captain and the Truth üèÄ @nba #PaulPierce #buzzerbeater #win #NBA #NBAPlayoffs #show #wizards‚Ä¶ https://t.co/L0GcpAMQYe
Sun May 10 18:56:19 +0000 2015,@MGortat Paul Piercynski üòä #dcRising #Wizards #IBelieve
Sun May 10 18:56:13 +0000 2015,RT @BenMehicNBA: Paul Pierce's game-winner was a microcosm of how The Truth transformed the #Wizards: http://t.co/c4HXJ1TRQ9 http://t.co/H6‚Ä¶
Sun May 10 18:56:07 +0000 2015,RT @WizOfAwes: Paul Pierce is everything the #Wizards were missing for so many years. @BenMehicNBA explains: http://t.co/pKRo9rnBw8 http://‚Ä¶
Sun May 10 18:55:02 +0000 2015,Wizards 103, Hawks 101: Paul Pierce Hits Jumper at Buzzer to Lead Wizards Past Hawks #wizards #lead #jumper http://t.co/XZ10MUVkfb
Sun May 10 18:52:50 +0000 2015,RT @AndreaMcCarren: BREAKING:  John Wall will NOT play for the #Wizards in game 3 of the Eastern Conf semi-final tonight against the Hawks.‚Ä¶
Sun May 10 18:52:18 +0000 2015,Excellent take on Paul Pierce by @MikePradaSBN http://t.co/gLK9UrTzyg #Wizards
Sun May 10 18:51:38 +0000 2015,RT @WizOfAwes: Pierce's game-winner was a microcosm of the transformed Washington #Wizards (by @BenMehicNBA): http://t.co/pKRo9rFcUI http:/‚Ä¶
Sun May 10 18:51:35 +0000 2015,Reporter: "Did You Call Bank?"

The Truth: "Nah, I Called GAME!"

(via http://t.co/IKN7oW2INu) http://t.co/4178nY9ovO

#DCRising #Wizards
Sun May 10 18:50:56 +0000 2015,RT @WizOfAwes: Paul Pierce is everything the #Wizards were missing for so many years. @BenMehicNBA explains: http://t.co/pKRo9rnBw8 http://‚Ä¶
Sun May 10 18:50:42 +0000 2015,RT @BenMehicNBA: Paul Pierce's game-winner was a microcosm of how The Truth transformed the #Wizards: http://t.co/c4HXJ1TRQ9 http://t.co/H6‚Ä¶
Sun May 10 18:49:33 +0000 2015,TIX http://t.co/vCFfWs8E2n 2 TIX Round 2 Washington #Wizards v ATL Hawks HG3 5/15 Verizon Center‚Ä¶ http://t.co/WnXcvwwbdy #Tickets #ForSale
Sun May 10 18:49:25 +0000 2015,Was about to blog about #Wizards Happy Mother's Day posts, then realized I had yet to call my mom #MothersDay
Sun May 10 18:48:59 +0000 2015,RT @WizOfAwes: Pierce's game-winner was a microcosm of the transformed Washington #Wizards (by @BenMehicNBA): http://t.co/pKRo9rFcUI http:/‚Ä¶
Sun May 10 18:48:56 +0000 2015,RT @BenMehicNBA: Paul Pierce's game-winner was a microcosm of how The Truth transformed the #Wizards: http://t.co/c4HXJ1TRQ9 http://t.co/H6‚Ä¶
Sun May 10 18:48:54 +0000 2015,RT @WizOfAwes: Paul Pierce is everything the #Wizards were missing for so many years. @BenMehicNBA explains: http://t.co/pKRo9rnBw8 http://‚Ä¶
Sun May 10 18:48:16 +0000 2015,RT @adammcginnis: In NBA playoffs, Otto Porter is 11-for-24 on 3pters, 46%, shot 34% in regular season #Wizards
Sun May 10 18:48:14 +0000 2015,Report #Wizards Wall likely finishd 4 #playoffs  http://t.co/rdEG2feC64 #ESPN #John
Sun May 10 18:47:23 +0000 2015,Beal on Pierce: ‚ÄúWhat‚Äôs his nickname again? That‚Äôs your answer" http://t.co/4ObfzetQb4 #Wizards
Sun May 10 18:46:27 +0000 2015,RT @adammcginnis: In NBA playoffs, Otto Porter is 11-for-24 on 3pters, 46%, shot 34% in regular season #Wizards
Sun May 10 18:45:52 +0000 2015,RT @adammcginnis: In NBA playoffs, Otto Porter is 11-for-24 on 3pters, 46%, shot 34% in regular season #Wizards
Sun May 10 18:45:49 +0000 2015,RT @adammcginnis: In NBA playoffs, Otto Porter is 11-for-24 on 3pters, 46%, shot 34% in regular season #Wizards
Sun May 10 18:45:15 +0000 2015,RT @adammcginnis: In NBA playoffs, Otto Porter is 11-for-24 on 3pters, 46%, shot 34% in regular season #Wizards
Sun May 10 18:44:28 +0000 2015,RT @NBAenlinea: Final: #Wizards 103-101 ante #Hawks, #Serie 2-1. #Pierce figura absoluta con el tiro del final 13Pts y 7Rbt #Leyenda http:/‚Ä¶
Sun May 10 18:44:25 +0000 2015,RT @NBAMemes: Boston Celtics fans after seeing Paul Pierce's GAME-WINNER. #Wizards http://t.co/xQC3HgkhAl
Sun May 10 18:42:33 +0000 2015,#wizards #pp #washingtonian #nba #highlights #gamewinner @ Verizon Center https://t.co/Yk0knzXeXn
Sun May 10 18:39:46 +0000 2015,RT @EquusontheBuses: @Mr_Considerate Easily faked, an 11.4k majority. He's right to be suspicious #wizards
Sun May 10 18:39:37 +0000 2015,@Mr_Considerate Easily faked, an 11.4k majority. He's right to be suspicious #wizards
Sun May 10 18:39:03 +0000 2015,5/11/15 NBA Playoffs: #Atlanta #Hawks vs #Washington #Wizards (Take: Wizards +4,Under 199)
(THIS IS‚Ä¶ https://t.co/sPtwvMeLCW
Sun May 10 18:38:35 +0000 2015,#dcRising #NBA #Wizards #NBAStyle #WizRaptors #zards #DCSports #NBAPlayoffs #DCGloryHoleClub #DupontCircle https://t.co/vnejSrw1TI
Sun May 10 18:36:29 +0000 2015,Blogger Ball is working out for the #Wizards https://t.co/yeRI7wSdgQ
Sun May 10 18:36:06 +0000 2015,#WashingtonWizards #Wizards #Washington Otto Porter mastering the analytical world's favorite long shot http://t.co/gj1XXYYVcE
Sun May 10 18:34:36 +0000 2015,RT @DylanTheMan37: Mom: I have high blood pressure because I'm getting old. 

Me: I have high blood pressure because of the #Wizards
Sun May 10 18:34:07 +0000 2015,TIX http://t.co/vCFfWs8E2n 1-1 TIX 5/15 PARKING PASSES ONLY Washington #Wizards VERIZON CTR‚Ä¶ http://t.co/HWKOoubNJK #Tickets #ForSale
Sun May 10 18:32:01 +0000 2015,SportVU Game 3 summary of #Wizards and #Hawks http://t.co/QH5Azn7EPm
Sun May 10 18:30:14 +0000 2015,#WITCHES and #WIZARDS book with activities for 5-8 year olds...https://t.co/1flo377pue http://t.co/pl655FCPHu
Sun May 10 18:28:50 +0000 2015,RT @adammcginnis: In NBA playoffs, Otto Porter is 11-for-24 on 3pters, 46%, shot 34% in regular season #Wizards
Sun May 10 18:28:29 +0000 2015,RT @adammcginnis: In NBA playoffs, Otto Porter is 11-for-24 on 3pters, 46%, shot 34% in regular season #Wizards
